lead_id,created_date,lead_source,company_size,industry,sales_rep,current_stage,mql_date,demo_booked_date,days_mql_to_demo_booked,demo_completed_date,trial_start_date,closed_date,deal_value,churned
L-0001,7/24/2025,Referral,Startup (1-10),Marketing,James Chen,Closed Won,7/25/2025,7/26/2025,1,7/27/2025,8/1/2025,8/14/2025,4977.67,FALSE
L-0002,6/21/2025,Organic Search,SMB (11-50),Marketing,Maria Santos,Lead,,,,,,,0,FALSE
L-0003,5/18/2025,Paid Ads,Startup (1-10),EdTech,Maria Santos,MQL,5/21/2025,,,,,,0,FALSE
L-0004,6/3/2025,Referral,Mid-Market (51-200),HR Tech,Tom Wilson,Lead,,,,,,,0,FALSE
L-0005,7/8/2025,Organic Search,SMB (11-50),EdTech,Tom Wilson,Lead,,,,,,,0,FALSE
L-0006,7/29/2025,Paid Ads,Startup (1-10),Marketing,Maria Santos,Lead,,,,,,,0,FALSE
L-0007,10/7/2025,Organic Search,SMB (11-50),EdTech,James Chen,MQL,10/10/2025,,,,,,0,FALSE
L-0008,8/4/2025,Referral,Startup (1-10),E-commerce,Tom Wilson,Demo Completed,8/8/2025,8/18/2025,10,8/19/2025,,,0,FALSE
L-0009,1/16/2026,LinkedIn,SMB (11-50),HealthTech,James Chen,Lead,,,,,,,0,FALSE
L-0010,6/13/2025,Paid Ads,Mid-Market (51-200),Logistics,Priya Patel,MQL,6/15/2025,,,,,,0,FALSE
L-0011,10/22/2025,Organic Search,Mid-Market (51-200),Logistics,Tom Wilson,Demo Completed,10/24/2025,10/29/2025,5,10/30/2025,,,0,FALSE
L-0012,11/26/2025,Organic Search,Startup (1-10),Logistics,Tom Wilson,MQL,12/1/2025,,,,,,0,FALSE
L-0013,5/28/2025,Paid Ads,Mid-Market (51-200),Marketing,Alex Thompson,MQL,5/30/2025,,,,,,0,FALSE
L-0014,7/1/2025,Cold Outreach,Mid-Market (51-200),Marketing,Tom Wilson,Lead,,,,,,,0,FALSE
L-0015,10/9/2025,Paid Ads,Mid-Market (51-200),SaaS,James Chen,Lead,,,,,,,0,FALSE
L-0016,9/13/2025,Organic Search,Mid-Market (51-200),FinTech,Tom Wilson,MQL,9/14/2025,,,,,,0,FALSE
L-0017,4/30/2025,LinkedIn,Mid-Market (51-200),Marketing,James Chen,MQL,5/5/2025,,,,,,0,FALSE
L-0018,6/4/2025,Paid Ads,SMB (11-50),HealthTech,Tom Wilson,MQL,6/8/2025,,,,,,0,FALSE
L-0019,1/2/2026,Paid Ads,SMB (11-50),Logistics,James Chen,Lead,,,,,,,0,FALSE
L-0020,11/11/2025,Referral,Mid-Market (51-200),Logistics,Alex Thompson,Churned,11/15/2025,11/17/2025,2,11/18/2025,11/19/2025,12/16/2025,19766.21,TRUE
L-0021,3/9/2026,Paid Ads,SMB (11-50),SaaS,Alex Thompson,Demo Booked,3/14/2026,3/22/2026,8,,,,0,FALSE
L-0022,11/3/2025,Paid Ads,Startup (1-10),Logistics,Alex Thompson,MQL,11/4/2025,,,,,,0,FALSE
L-0023,5/26/2025,Cold Outreach,Startup (1-10),Logistics,Alex Thompson,MQL,5/28/2025,,,,,,0,FALSE
L-0024,5/9/2025,Paid Ads,Startup (1-10),HR Tech,James Chen,Demo Booked,5/14/2025,5/20/2025,6,,,,0,FALSE
L-0025,5/1/2025,Paid Ads,SMB (11-50),SaaS,Priya Patel,MQL,5/2/2025,,,,,,0,FALSE
L-0026,11/3/2025,Paid Ads,Mid-Market (51-200),HR Tech,Alex Thompson,Lead,,,,,,,0,FALSE
L-0027,7/7/2025,LinkedIn,Mid-Market (51-200),HR Tech,James Chen,MQL,7/8/2025,,,,,,0,FALSE
L-0028,1/25/2026,Organic Search,Mid-Market (51-200),FinTech,Maria Santos,Churned,1/30/2026,1/31/2026,1,2/1/2026,2/6/2026,3/4/2026,19192.25,TRUE
L-0029,7/14/2025,Referral,SMB (11-50),EdTech,Alex Thompson,Demo Completed,7/17/2025,7/24/2025,7,7/26/2025,,,0,FALSE
L-0030,1/1/2026,Cold Outreach,Startup (1-10),HealthTech,Maria Santos,Demo Completed,1/4/2026,1/10/2026,6,1/11/2026,,,0,FALSE
L-0031,9/1/2025,Organic Search,SMB (11-50),FinTech,Tom Wilson,Lead,,,,,,,0,FALSE
L-0032,5/25/2025,Paid Ads,Mid-Market (51-200),Marketing,Maria Santos,Lead,,,,,,,0,FALSE
L-0033,7/14/2025,Paid Ads,Startup (1-10),SaaS,Alex Thompson,Lead,,,,,,,0,FALSE
L-0034,5/18/2025,LinkedIn,SMB (11-50),Marketing,Maria Santos,Lead,,,,,,,0,FALSE
L-0035,2/21/2026,LinkedIn,Startup (1-10),EdTech,James Chen,Lead,,,,,,,0,FALSE
L-0036,4/5/2025,Paid Ads,SMB (11-50),Logistics,Tom Wilson,MQL,4/7/2025,,,,,,0,FALSE
L-0037,6/5/2025,LinkedIn,SMB (11-50),E-commerce,Priya Patel,MQL,6/8/2025,,,,,,0,FALSE
L-0038,3/16/2026,LinkedIn,Mid-Market (51-200),EdTech,James Chen,Demo Booked,3/17/2026,3/31/2026,14,,,,0,FALSE
L-0039,4/13/2025,Paid Ads,Startup (1-10),E-commerce,Priya Patel,MQL,4/16/2025,,,,,,0,FALSE
L-0040,6/21/2025,Organic Search,Mid-Market (51-200),SaaS,Alex Thompson,Lead,,,,,,,0,FALSE
L-0041,7/12/2025,Paid Ads,Mid-Market (51-200),HR Tech,James Chen,Lead,,,,,,,0,FALSE
L-0042,4/13/2025,Organic Search,SMB (11-50),SaaS,James Chen,Lead,,,,,,,0,FALSE
L-0043,9/27/2025,Organic Search,Startup (1-10),HealthTech,Alex Thompson,MQL,10/1/2025,,,,,,0,FALSE
L-0044,8/12/2025,LinkedIn,SMB (11-50),FinTech,Maria Santos,Demo Completed,8/15/2025,8/25/2025,10,8/25/2025,,,0,FALSE
L-0045,12/23/2025,Organic Search,Startup (1-10),Logistics,Maria Santos,Lead,,,,,,,0,FALSE
L-0046,11/7/2025,Organic Search,Mid-Market (51-200),SaaS,Alex Thompson,Closed Lost,11/10/2025,11/11/2025,1,11/13/2025,11/16/2025,,0,FALSE
L-0047,2/10/2026,Paid Ads,Mid-Market (51-200),Logistics,James Chen,Lead,,,,,,,0,FALSE
L-0048,7/17/2025,Organic Search,Mid-Market (51-200),Marketing,Alex Thompson,MQL,7/22/2025,,,,,,0,FALSE
L-0049,11/29/2025,Paid Ads,SMB (11-50),SaaS,Tom Wilson,Lead,,,,,,,0,FALSE
L-0050,12/20/2025,Cold Outreach,Mid-Market (51-200),HealthTech,Alex Thompson,Lead,,,,,,,0,FALSE
L-0051,7/25/2025,Referral,Startup (1-10),SaaS,Alex Thompson,Lead,,,,,,,0,FALSE
L-0052,5/8/2025,Paid Ads,Startup (1-10),HR Tech,Tom Wilson,Demo Completed,5/13/2025,5/17/2025,4,5/17/2025,,,0,FALSE
L-0053,6/30/2025,LinkedIn,Enterprise (200+),Logistics,James Chen,Lead,,,,,,,0,FALSE
L-0054,11/20/2025,Referral,SMB (11-50),SaaS,Maria Santos,Demo Completed,11/24/2025,12/6/2025,12,12/9/2025,,,0,FALSE
L-0055,8/11/2025,Organic Search,Enterprise (200+),HR Tech,Priya Patel,Lead,,,,,,,0,FALSE
L-0056,8/19/2025,LinkedIn,Startup (1-10),HR Tech,James Chen,Closed Lost,8/22/2025,9/1/2025,10,9/2/2025,9/8/2025,,0,FALSE
L-0057,11/25/2025,Paid Ads,SMB (11-50),EdTech,Tom Wilson,MQL,11/27/2025,,,,,,0,FALSE
L-0058,10/12/2025,Organic Search,Mid-Market (51-200),FinTech,Tom Wilson,Demo Completed,10/15/2025,10/19/2025,4,10/20/2025,,,0,FALSE
L-0059,3/9/2026,Paid Ads,SMB (11-50),Logistics,Alex Thompson,Lead,,,,,,,0,FALSE
L-0060,2/13/2026,Organic Search,Startup (1-10),HR Tech,James Chen,MQL,2/17/2026,,,,,,0,FALSE
L-0061,11/23/2025,Referral,Startup (1-10),Logistics,James Chen,Closed Lost,11/26/2025,11/28/2025,2,12/1/2025,12/8/2025,,0,FALSE
L-0062,7/24/2025,LinkedIn,SMB (11-50),FinTech,Alex Thompson,Lead,,,,,,,0,FALSE
L-0063,7/12/2025,LinkedIn,Mid-Market (51-200),FinTech,James Chen,Lead,,,,,,,0,FALSE
L-0064,1/14/2026,Referral,Startup (1-10),HR Tech,Maria Santos,Lead,,,,,,,0,FALSE
L-0065,2/5/2026,Organic Search,Startup (1-10),EdTech,James Chen,MQL,2/6/2026,,,,,,0,FALSE
L-0066,1/20/2026,Paid Ads,SMB (11-50),FinTech,Alex Thompson,Lead,,,,,,,0,FALSE
L-0067,1/29/2026,Cold Outreach,SMB (11-50),SaaS,Maria Santos,Lead,,,,,,,0,FALSE
L-0068,6/1/2025,Referral,Startup (1-10),Marketing,Tom Wilson,MQL,6/6/2025,,,,,,0,FALSE
L-0069,12/16/2025,Paid Ads,SMB (11-50),EdTech,Maria Santos,MQL,12/17/2025,,,,,,0,FALSE
L-0070,3/29/2026,LinkedIn,Startup (1-10),EdTech,Priya Patel,MQL,3/31/2026,,,,,,0,FALSE
L-0071,11/10/2025,Cold Outreach,Startup (1-10),HR Tech,Priya Patel,Lead,,,,,,,0,FALSE
L-0072,8/21/2025,Organic Search,SMB (11-50),SaaS,Maria Santos,Lead,,,,,,,0,FALSE
L-0073,4/15/2025,Paid Ads,SMB (11-50),Logistics,Alex Thompson,Demo Completed,4/18/2025,4/28/2025,10,4/30/2025,,,0,FALSE
L-0074,12/7/2025,Organic Search,Startup (1-10),SaaS,Priya Patel,MQL,12/9/2025,,,,,,0,FALSE
L-0075,8/29/2025,Referral,SMB (11-50),FinTech,Maria Santos,Closed Won,8/31/2025,9/3/2025,3,9/5/2025,9/9/2025,9/24/2025,8766.46,FALSE
L-0076,7/20/2025,Paid Ads,Mid-Market (51-200),E-commerce,James Chen,Lead,,,,,,,0,FALSE
L-0077,7/9/2025,Paid Ads,SMB (11-50),Marketing,Maria Santos,Closed Lost,7/12/2025,7/13/2025,1,7/13/2025,7/19/2025,,0,FALSE
L-0078,1/19/2026,Referral,Mid-Market (51-200),HealthTech,Maria Santos,Churned,1/23/2026,1/25/2026,2,1/25/2026,1/29/2026,2/23/2026,36883.37,TRUE
L-0079,8/6/2025,Paid Ads,SMB (11-50),Marketing,Maria Santos,MQL,8/10/2025,,,,,,0,FALSE
L-0080,11/13/2025,LinkedIn,Startup (1-10),Logistics,Priya Patel,MQL,11/18/2025,,,,,,0,FALSE
L-0081,2/15/2026,Paid Ads,Mid-Market (51-200),HealthTech,James Chen,Demo Completed,2/16/2026,2/18/2026,2,2/21/2026,,,0,FALSE
L-0082,3/26/2026,Organic Search,Startup (1-10),Marketing,Alex Thompson,Lead,,,,,,,0,FALSE
L-0083,3/5/2026,Paid Ads,Startup (1-10),Marketing,Tom Wilson,Lead,,,,,,,0,FALSE
L-0084,8/15/2025,Paid Ads,Startup (1-10),SaaS,James Chen,Lead,,,,,,,0,FALSE
L-0085,1/17/2026,Paid Ads,Startup (1-10),Marketing,Tom Wilson,Lead,,,,,,,0,FALSE
L-0086,8/18/2025,Organic Search,SMB (11-50),Marketing,Priya Patel,Closed Lost,8/22/2025,9/2/2025,11,9/2/2025,9/8/2025,,0,FALSE
L-0087,4/21/2025,Organic Search,Enterprise (200+),Marketing,Tom Wilson,Lead,,,,,,,0,FALSE
L-0088,7/2/2025,Paid Ads,SMB (11-50),HR Tech,Alex Thompson,Lead,,,,,,,0,FALSE
L-0089,9/26/2025,Organic Search,Mid-Market (51-200),HealthTech,Priya Patel,MQL,9/29/2025,,,,,,0,FALSE
L-0090,3/6/2026,LinkedIn,SMB (11-50),HR Tech,Alex Thompson,Lead,,,,,,,0,FALSE
L-0091,9/9/2025,LinkedIn,SMB (11-50),HR Tech,Maria Santos,MQL,9/10/2025,,,,,,0,FALSE
L-0092,11/23/2025,Organic Search,SMB (11-50),FinTech,Tom Wilson,Demo Completed,11/25/2025,12/7/2025,12,12/8/2025,,,0,FALSE
L-0093,2/17/2026,Organic Search,Mid-Market (51-200),HealthTech,Maria Santos,MQL,2/19/2026,,,,,,0,FALSE
L-0094,7/25/2025,Paid Ads,Startup (1-10),Logistics,Maria Santos,Lead,,,,,,,0,FALSE
L-0095,12/12/2025,Cold Outreach,SMB (11-50),HealthTech,James Chen,Lead,,,,,,,0,FALSE
L-0096,11/28/2025,Paid Ads,Mid-Market (51-200),Logistics,Priya Patel,Demo Booked,12/3/2025,12/5/2025,2,,,,0,FALSE
L-0097,12/16/2025,LinkedIn,Startup (1-10),Logistics,Alex Thompson,Closed Lost,12/17/2025,12/20/2025,3,12/21/2025,12/25/2025,,0,FALSE
L-0098,7/6/2025,Organic Search,SMB (11-50),HR Tech,Alex Thompson,Lead,,,,,,,0,FALSE
L-0099,9/10/2025,Paid Ads,SMB (11-50),Logistics,Maria Santos,Lead,,,,,,,0,FALSE
L-0100,12/10/2025,LinkedIn,Mid-Market (51-200),Logistics,James Chen,Lead,,,,,,,0,FALSE
L-0101,11/12/2025,Paid Ads,Enterprise (200+),EdTech,Maria Santos,Demo Booked,11/16/2025,11/27/2025,11,,,,0,FALSE
L-0102,2/14/2026,Paid Ads,Mid-Market (51-200),Marketing,Alex Thompson,Lead,,,,,,,0,FALSE
L-0103,2/15/2026,Referral,Mid-Market (51-200),Logistics,Alex Thompson,MQL,2/19/2026,,,,,,0,FALSE
L-0104,5/17/2025,Paid Ads,Startup (1-10),Marketing,James Chen,MQL,5/18/2025,,,,,,0,FALSE
L-0105,4/15/2025,LinkedIn,Startup (1-10),E-commerce,Alex Thompson,Closed Lost,4/16/2025,4/19/2025,3,4/20/2025,4/21/2025,,0,FALSE
L-0106,6/13/2025,Organic Search,Mid-Market (51-200),HR Tech,Tom Wilson,Closed Lost,6/16/2025,6/28/2025,12,6/29/2025,7/2/2025,,0,FALSE
L-0107,9/2/2025,Paid Ads,Enterprise (200+),Marketing,Priya Patel,MQL,9/6/2025,,,,,,0,FALSE
L-0108,8/30/2025,Paid Ads,SMB (11-50),EdTech,Tom Wilson,Lead,,,,,,,0,FALSE
L-0109,4/5/2025,Paid Ads,Enterprise (200+),Logistics,Alex Thompson,Lead,,,,,,,0,FALSE
L-0110,12/11/2025,Referral,Mid-Market (51-200),FinTech,Tom Wilson,Demo Completed,12/14/2025,12/28/2025,14,12/29/2025,,,0,FALSE
L-0111,2/16/2026,Referral,Mid-Market (51-200),E-commerce,Maria Santos,MQL,2/19/2026,,,,,,0,FALSE
L-0112,8/30/2025,Paid Ads,SMB (11-50),E-commerce,Maria Santos,Demo Completed,9/3/2025,9/16/2025,13,9/18/2025,,,0,FALSE
L-0113,9/21/2025,Paid Ads,Mid-Market (51-200),HR Tech,Alex Thompson,Lead,,,,,,,0,FALSE
L-0114,1/11/2026,Organic Search,Startup (1-10),SaaS,Priya Patel,Demo Completed,1/15/2026,1/16/2026,1,1/18/2026,,,0,FALSE
L-0115,11/28/2025,LinkedIn,Enterprise (200+),HealthTech,James Chen,Demo Completed,12/3/2025,12/9/2025,6,12/11/2025,,,0,FALSE
L-0116,12/9/2025,Paid Ads,Startup (1-10),FinTech,Alex Thompson,MQL,12/11/2025,,,,,,0,FALSE
L-0117,6/19/2025,Paid Ads,SMB (11-50),Logistics,Tom Wilson,Lead,,,,,,,0,FALSE
L-0118,4/17/2025,Referral,Mid-Market (51-200),Logistics,Alex Thompson,Closed Won,4/19/2025,4/21/2025,2,4/23/2025,4/26/2025,5/6/2025,46470.32,FALSE
L-0119,9/18/2025,Paid Ads,Startup (1-10),FinTech,Maria Santos,MQL,9/20/2025,,,,,,0,FALSE
L-0120,7/20/2025,Paid Ads,Mid-Market (51-200),SaaS,Tom Wilson,Lead,,,,,,,0,FALSE
L-0121,6/14/2025,Paid Ads,Mid-Market (51-200),FinTech,Alex Thompson,Lead,,,,,,,0,FALSE
L-0122,6/7/2025,Organic Search,Mid-Market (51-200),HealthTech,Maria Santos,MQL,6/9/2025,,,,,,0,FALSE
L-0123,12/26/2025,Paid Ads,Startup (1-10),E-commerce,Priya Patel,Demo Completed,12/27/2025,12/30/2025,3,12/31/2025,,,0,FALSE
L-0124,2/24/2026,Paid Ads,Mid-Market (51-200),Marketing,Priya Patel,Lead,,,,,,,0,FALSE
L-0125,3/18/2026,Paid Ads,SMB (11-50),Logistics,Priya Patel,Demo Completed,3/22/2026,4/1/2026,10,4/3/2026,,,0,FALSE
L-0126,12/28/2025,Organic Search,Mid-Market (51-200),Logistics,Tom Wilson,Demo Completed,1/2/2026,1/8/2026,6,1/9/2026,,,0,FALSE
L-0127,10/30/2025,Cold Outreach,SMB (11-50),HR Tech,Priya Patel,Lead,,,,,,,0,FALSE
L-0128,6/18/2025,Paid Ads,SMB (11-50),Marketing,Alex Thompson,Lead,,,,,,,0,FALSE
L-0129,11/8/2025,Organic Search,Startup (1-10),HealthTech,Maria Santos,MQL,11/11/2025,,,,,,0,FALSE
L-0130,10/28/2025,Organic Search,SMB (11-50),EdTech,Maria Santos,MQL,11/1/2025,,,,,,0,FALSE
L-0131,5/24/2025,LinkedIn,Enterprise (200+),Marketing,Alex Thompson,Closed Lost,5/26/2025,6/3/2025,8,6/5/2025,6/8/2025,,0,FALSE
L-0132,3/3/2026,LinkedIn,Mid-Market (51-200),FinTech,Tom Wilson,Lead,,,,,,,0,FALSE
L-0133,9/27/2025,Paid Ads,Startup (1-10),Marketing,Alex Thompson,MQL,9/29/2025,,,,,,0,FALSE
L-0134,12/28/2025,Organic Search,Startup (1-10),FinTech,Maria Santos,Churned,1/1/2026,1/3/2026,2,1/3/2026,1/5/2026,1/31/2026,2579.14,TRUE
L-0135,8/18/2025,Organic Search,SMB (11-50),HR Tech,Priya Patel,Demo Completed,8/23/2025,8/27/2025,4,8/30/2025,,,0,FALSE
L-0136,7/14/2025,Paid Ads,Startup (1-10),FinTech,Maria Santos,MQL,7/16/2025,,,,,,0,FALSE
L-0137,12/11/2025,LinkedIn,Startup (1-10),HealthTech,Maria Santos,Closed Lost,12/13/2025,12/15/2025,2,12/17/2025,12/24/2025,,0,FALSE
L-0138,1/20/2026,Organic Search,SMB (11-50),HealthTech,Alex Thompson,MQL,1/24/2026,,,,,,0,FALSE
L-0139,6/27/2025,Organic Search,Startup (1-10),FinTech,Alex Thompson,Lead,,,,,,,0,FALSE
L-0140,11/10/2025,Referral,Mid-Market (51-200),EdTech,Maria Santos,Closed Won,11/12/2025,11/16/2025,4,11/18/2025,11/25/2025,12/18/2025,36996.74,FALSE
L-0141,7/30/2025,Paid Ads,Mid-Market (51-200),EdTech,James Chen,Demo Booked,8/2/2025,8/4/2025,2,,,,0,FALSE
L-0142,2/24/2026,Organic Search,Mid-Market (51-200),HR Tech,Tom Wilson,Demo Completed,3/1/2026,3/4/2026,3,3/6/2026,,,0,FALSE
L-0143,11/23/2025,Organic Search,SMB (11-50),HealthTech,Alex Thompson,Demo Booked,11/24/2025,11/30/2025,6,,,,0,FALSE
L-0144,1/23/2026,Paid Ads,SMB (11-50),Logistics,Priya Patel,Lead,,,,,,,0,FALSE
L-0145,2/28/2026,LinkedIn,Enterprise (200+),HR Tech,Tom Wilson,Demo Booked,3/5/2026,3/7/2026,2,,,,0,FALSE
L-0146,2/25/2026,LinkedIn,Enterprise (200+),HealthTech,Tom Wilson,MQL,2/27/2026,,,,,,0,FALSE
L-0147,10/8/2025,Cold Outreach,SMB (11-50),E-commerce,Alex Thompson,Lead,,,,,,,0,FALSE
L-0148,5/4/2025,Organic Search,Mid-Market (51-200),FinTech,Alex Thompson,MQL,5/9/2025,,,,,,0,FALSE
L-0149,5/12/2025,Paid Ads,Mid-Market (51-200),E-commerce,Alex Thompson,Lead,,,,,,,0,FALSE
L-0150,1/30/2026,Paid Ads,SMB (11-50),Logistics,James Chen,Lead,,,,,,,0,FALSE
L-0151,3/10/2026,Paid Ads,SMB (11-50),EdTech,James Chen,Lead,,,,,,,0,FALSE
L-0152,12/17/2025,Cold Outreach,Enterprise (200+),HealthTech,Priya Patel,Demo Completed,12/20/2025,12/30/2025,10,12/31/2025,,,0,FALSE
L-0153,1/2/2026,Paid Ads,Startup (1-10),HealthTech,Tom Wilson,Lead,,,,,,,0,FALSE
L-0154,6/7/2025,Cold Outreach,Startup (1-10),EdTech,Tom Wilson,Lead,,,,,,,0,FALSE
L-0155,4/23/2025,Paid Ads,Startup (1-10),E-commerce,Priya Patel,MQL,4/25/2025,,,,,,0,FALSE
L-0156,12/30/2025,Referral,Mid-Market (51-200),HR Tech,James Chen,MQL,1/3/2026,,,,,,0,FALSE
L-0157,8/23/2025,Paid Ads,Mid-Market (51-200),HR Tech,Priya Patel,Lead,,,,,,,0,FALSE
L-0158,2/4/2026,Organic Search,SMB (11-50),E-commerce,James Chen,Churned,2/7/2026,2/11/2026,4,2/11/2026,2/18/2026,3/11/2026,16863.67,TRUE
L-0159,9/26/2025,Organic Search,Enterprise (200+),SaaS,Priya Patel,Lead,,,,,,,0,FALSE
L-0160,10/15/2025,Organic Search,SMB (11-50),EdTech,James Chen,Lead,,,,,,,0,FALSE
L-0161,6/14/2025,Organic Search,Startup (1-10),HealthTech,Alex Thompson,MQL,6/17/2025,,,,,,0,FALSE
L-0162,2/10/2026,Organic Search,Mid-Market (51-200),HR Tech,Priya Patel,Closed Won,2/11/2026,2/13/2026,2,2/16/2026,2/19/2026,3/1/2026,19432.48,FALSE
L-0163,1/31/2026,LinkedIn,SMB (11-50),HealthTech,Priya Patel,MQL,2/5/2026,,,,,,0,FALSE
L-0164,9/28/2025,LinkedIn,Startup (1-10),FinTech,Tom Wilson,Demo Completed,10/2/2025,10/15/2025,13,10/15/2025,,,0,FALSE
L-0165,4/9/2025,Organic Search,Mid-Market (51-200),EdTech,Alex Thompson,Demo Completed,4/10/2025,4/24/2025,14,4/24/2025,,,0,FALSE
L-0166,2/18/2026,Paid Ads,Mid-Market (51-200),HR Tech,Priya Patel,Demo Completed,2/20/2026,2/24/2026,4,2/25/2026,,,0,FALSE
L-0167,11/29/2025,Paid Ads,SMB (11-50),Logistics,Tom Wilson,Demo Booked,12/1/2025,12/2/2025,1,,,,0,FALSE
L-0168,9/21/2025,Organic Search,SMB (11-50),HR Tech,Priya Patel,Lead,,,,,,,0,FALSE
L-0169,11/4/2025,Organic Search,SMB (11-50),Marketing,Maria Santos,MQL,11/9/2025,,,,,,0,FALSE
L-0170,9/15/2025,Paid Ads,Startup (1-10),HealthTech,Maria Santos,Lead,,,,,,,0,FALSE
L-0171,3/20/2026,Paid Ads,SMB (11-50),Logistics,James Chen,Closed Lost,3/24/2026,4/7/2026,14,4/7/2026,4/13/2026,,0,FALSE
L-0172,6/13/2025,Organic Search,Mid-Market (51-200),E-commerce,Maria Santos,Lead,,,,,,,0,FALSE
L-0173,7/30/2025,Referral,SMB (11-50),E-commerce,Maria Santos,Closed Won,8/2/2025,8/3/2025,1,8/5/2025,8/12/2025,8/23/2025,12353.52,FALSE
L-0174,7/5/2025,Referral,Startup (1-10),HealthTech,Maria Santos,MQL,7/9/2025,,,,,,0,FALSE
L-0175,2/8/2026,Paid Ads,Mid-Market (51-200),HR Tech,James Chen,Demo Booked,2/12/2026,2/14/2026,2,,,,0,FALSE
L-0176,3/30/2026,Organic Search,Startup (1-10),EdTech,Alex Thompson,Demo Booked,4/4/2026,4/11/2026,7,,,,0,FALSE
L-0177,7/12/2025,Referral,Mid-Market (51-200),SaaS,Maria Santos,MQL,7/14/2025,,,,,,0,FALSE
L-0178,1/8/2026,Paid Ads,SMB (11-50),EdTech,Priya Patel,Demo Booked,1/9/2026,1/13/2026,4,,,,0,FALSE
L-0179,11/17/2025,LinkedIn,Startup (1-10),EdTech,Maria Santos,Demo Booked,11/22/2025,11/24/2025,2,,,,0,FALSE
L-0180,6/24/2025,Paid Ads,Startup (1-10),E-commerce,Alex Thompson,Demo Booked,6/26/2025,6/29/2025,3,,,,0,FALSE
L-0181,12/30/2025,Organic Search,Startup (1-10),Marketing,Tom Wilson,Demo Completed,1/1/2026,1/8/2026,7,1/10/2026,,,0,FALSE
L-0182,4/24/2025,Organic Search,Mid-Market (51-200),FinTech,Maria Santos,Lead,,,,,,,0,FALSE
L-0183,10/31/2025,LinkedIn,Startup (1-10),SaaS,Tom Wilson,Demo Booked,11/1/2025,11/4/2025,3,,,,0,FALSE
L-0184,6/20/2025,Referral,Startup (1-10),HealthTech,Maria Santos,Closed Won,6/24/2025,6/27/2025,3,6/29/2025,7/6/2025,7/25/2025,2870.76,FALSE
L-0185,8/15/2025,Organic Search,SMB (11-50),HR Tech,Maria Santos,Demo Completed,8/17/2025,8/28/2025,11,8/29/2025,,,0,FALSE
L-0186,12/12/2025,Cold Outreach,Mid-Market (51-200),SaaS,James Chen,Lead,,,,,,,0,FALSE
L-0187,5/17/2025,Organic Search,Mid-Market (51-200),HR Tech,Maria Santos,Lead,,,,,,,0,FALSE
L-0188,9/28/2025,Organic Search,Enterprise (200+),SaaS,Tom Wilson,Demo Booked,10/1/2025,10/5/2025,4,,,,0,FALSE
L-0189,10/5/2025,Organic Search,Enterprise (200+),EdTech,Priya Patel,Demo Completed,10/6/2025,10/8/2025,2,10/11/2025,,,0,FALSE
L-0190,5/20/2025,Paid Ads,Enterprise (200+),HealthTech,James Chen,MQL,5/23/2025,,,,,,0,FALSE
L-0191,4/21/2025,Organic Search,Startup (1-10),Logistics,Tom Wilson,MQL,4/23/2025,,,,,,0,FALSE
L-0192,12/20/2025,LinkedIn,SMB (11-50),E-commerce,Tom Wilson,Demo Completed,12/25/2025,1/8/2026,14,1/10/2026,,,0,FALSE
L-0193,4/9/2025,Organic Search,SMB (11-50),Marketing,Priya Patel,MQL,4/10/2025,,,,,,0,FALSE
L-0194,11/29/2025,Organic Search,Mid-Market (51-200),FinTech,Tom Wilson,Churned,12/4/2025,12/5/2025,1,12/8/2025,12/14/2025,1/8/2026,46446.16,TRUE
L-0195,3/20/2026,Paid Ads,SMB (11-50),E-commerce,Priya Patel,MQL,3/25/2026,,,,,,0,FALSE
L-0196,12/22/2025,Cold Outreach,Mid-Market (51-200),FinTech,James Chen,MQL,12/25/2025,,,,,,0,FALSE
L-0197,12/29/2025,Organic Search,SMB (11-50),E-commerce,Priya Patel,Demo Booked,1/1/2026,1/4/2026,3,,,,0,FALSE
L-0198,3/27/2026,Paid Ads,Startup (1-10),Marketing,Alex Thompson,Demo Booked,3/31/2026,4/13/2026,13,,,,0,FALSE
L-0199,9/24/2025,Paid Ads,Startup (1-10),Logistics,Priya Patel,Lead,,,,,,,0,FALSE
L-0200,9/25/2025,LinkedIn,Startup (1-10),Marketing,Maria Santos,Lead,,,,,,,0,FALSE
L-0201,1/1/2026,Referral,Mid-Market (51-200),SaaS,James Chen,Closed Won,1/6/2026,1/12/2026,6,1/13/2026,1/18/2026,2/1/2026,19574.73,FALSE
L-0202,1/7/2026,LinkedIn,Startup (1-10),E-commerce,Maria Santos,Lead,,,,,,,0,FALSE
L-0203,2/28/2026,Paid Ads,Mid-Market (51-200),HR Tech,Priya Patel,Demo Completed,3/3/2026,3/9/2026,6,3/9/2026,,,0,FALSE
L-0204,10/21/2025,Paid Ads,Enterprise (200+),E-commerce,Maria Santos,Lead,,,,,,,0,FALSE
L-0205,4/5/2025,Paid Ads,Mid-Market (51-200),Marketing,Maria Santos,Demo Booked,4/10/2025,4/13/2025,3,,,,0,FALSE
L-0206,11/26/2025,Organic Search,Enterprise (200+),E-commerce,Tom Wilson,Demo Completed,11/27/2025,12/6/2025,9,12/8/2025,,,0,FALSE
L-0207,2/22/2026,Organic Search,Mid-Market (51-200),E-commerce,Tom Wilson,Lead,,,,,,,0,FALSE
L-0208,3/9/2026,LinkedIn,SMB (11-50),HealthTech,Priya Patel,Demo Completed,3/11/2026,3/13/2026,2,3/15/2026,,,0,FALSE
L-0209,3/1/2026,Paid Ads,Mid-Market (51-200),FinTech,Alex Thompson,Demo Completed,3/3/2026,3/4/2026,1,3/6/2026,,,0,FALSE
L-0210,7/23/2025,Referral,Enterprise (200+),EdTech,Tom Wilson,Demo Completed,7/25/2025,7/29/2025,4,8/1/2025,,,0,FALSE
L-0211,5/12/2025,LinkedIn,Mid-Market (51-200),SaaS,Tom Wilson,MQL,5/17/2025,,,,,,0,FALSE
L-0212,12/15/2025,Paid Ads,SMB (11-50),FinTech,Tom Wilson,Demo Booked,12/20/2025,12/23/2025,3,,,,0,FALSE
L-0213,11/19/2025,LinkedIn,SMB (11-50),HR Tech,Maria Santos,Demo Booked,11/23/2025,11/24/2025,1,,,,0,FALSE
L-0214,1/22/2026,LinkedIn,SMB (11-50),FinTech,James Chen,Demo Booked,1/26/2026,2/8/2026,13,,,,0,FALSE
L-0215,10/27/2025,Paid Ads,Enterprise (200+),FinTech,Alex Thompson,MQL,10/29/2025,,,,,,0,FALSE
L-0216,10/13/2025,Cold Outreach,Mid-Market (51-200),Logistics,Alex Thompson,Lead,,,,,,,0,FALSE
L-0217,6/8/2025,Cold Outreach,SMB (11-50),HealthTech,Tom Wilson,Lead,,,,,,,0,FALSE
L-0218,6/5/2025,Paid Ads,Startup (1-10),Logistics,Tom Wilson,Lead,,,,,,,0,FALSE
L-0219,11/24/2025,Paid Ads,Startup (1-10),FinTech,Alex Thompson,Closed Lost,11/29/2025,12/3/2025,4,12/5/2025,12/11/2025,,0,FALSE
L-0220,7/15/2025,Paid Ads,Mid-Market (51-200),FinTech,James Chen,Demo Completed,7/20/2025,7/28/2025,8,7/29/2025,,,0,FALSE
L-0221,8/27/2025,LinkedIn,Mid-Market (51-200),E-commerce,Tom Wilson,Demo Completed,9/1/2025,9/4/2025,3,9/5/2025,,,0,FALSE
L-0222,1/10/2026,Paid Ads,SMB (11-50),E-commerce,Priya Patel,MQL,1/13/2026,,,,,,0,FALSE
L-0223,10/27/2025,Referral,Mid-Market (51-200),EdTech,Priya Patel,Demo Completed,10/31/2025,11/8/2025,8,11/9/2025,,,0,FALSE
L-0224,12/28/2025,Cold Outreach,SMB (11-50),Logistics,Tom Wilson,Demo Booked,12/30/2025,1/5/2026,6,,,,0,FALSE
L-0225,8/16/2025,Paid Ads,Mid-Market (51-200),SaaS,Maria Santos,MQL,8/21/2025,,,,,,0,FALSE
L-0226,7/16/2025,LinkedIn,Startup (1-10),SaaS,Priya Patel,Lead,,,,,,,0,FALSE
L-0227,7/7/2025,Paid Ads,Enterprise (200+),FinTech,James Chen,Lead,,,,,,,0,FALSE
L-0228,3/23/2026,Paid Ads,Enterprise (200+),HR Tech,James Chen,Lead,,,,,,,0,FALSE
L-0229,10/12/2025,Paid Ads,Enterprise (200+),EdTech,Alex Thompson,Demo Completed,10/15/2025,10/28/2025,13,10/31/2025,,,0,FALSE
L-0230,4/24/2025,Paid Ads,Startup (1-10),EdTech,Priya Patel,Lead,,,,,,,0,FALSE
L-0231,1/25/2026,Paid Ads,Startup (1-10),Marketing,Tom Wilson,Lead,,,,,,,0,FALSE
L-0232,10/12/2025,Organic Search,Startup (1-10),EdTech,James Chen,Demo Completed,10/14/2025,10/23/2025,9,10/26/2025,,,0,FALSE
L-0233,12/7/2025,LinkedIn,SMB (11-50),E-commerce,Tom Wilson,MQL,12/12/2025,,,,,,0,FALSE
L-0234,4/4/2025,Cold Outreach,SMB (11-50),HealthTech,Maria Santos,Lead,,,,,,,0,FALSE
L-0235,7/21/2025,LinkedIn,Startup (1-10),E-commerce,Maria Santos,Closed Lost,7/24/2025,7/28/2025,4,7/31/2025,8/5/2025,,0,FALSE
L-0236,5/25/2025,Organic Search,Startup (1-10),Logistics,James Chen,Lead,,,,,,,0,FALSE
L-0237,8/15/2025,Organic Search,Startup (1-10),Marketing,Alex Thompson,Lead,,,,,,,0,FALSE
L-0238,8/3/2025,Paid Ads,Enterprise (200+),HR Tech,Tom Wilson,Lead,,,,,,,0,FALSE
L-0239,5/18/2025,Paid Ads,Mid-Market (51-200),HealthTech,Maria Santos,MQL,5/22/2025,,,,,,0,FALSE
L-0240,12/12/2025,Paid Ads,Startup (1-10),E-commerce,Maria Santos,Lead,,,,,,,0,FALSE
L-0241,4/22/2025,Referral,SMB (11-50),HealthTech,Tom Wilson,Closed Lost,4/27/2025,5/3/2025,6,5/3/2025,5/10/2025,,0,FALSE
L-0242,9/1/2025,Cold Outreach,SMB (11-50),Logistics,Maria Santos,MQL,9/3/2025,,,,,,0,FALSE
L-0243,6/11/2025,LinkedIn,Mid-Market (51-200),EdTech,Priya Patel,Lead,,,,,,,0,FALSE
L-0244,5/21/2025,Referral,Startup (1-10),EdTech,Maria Santos,Closed Lost,5/22/2025,5/26/2025,4,5/29/2025,6/1/2025,,0,FALSE
L-0245,2/11/2026,Organic Search,Startup (1-10),Logistics,Maria Santos,MQL,2/13/2026,,,,,,0,FALSE
L-0246,9/10/2025,Paid Ads,Startup (1-10),E-commerce,Priya Patel,Closed Lost,9/11/2025,9/14/2025,3,9/15/2025,9/19/2025,,0,FALSE
L-0247,9/29/2025,Organic Search,SMB (11-50),FinTech,Maria Santos,MQL,10/4/2025,,,,,,0,FALSE
L-0248,10/16/2025,Paid Ads,SMB (11-50),Marketing,Priya Patel,Lead,,,,,,,0,FALSE
L-0249,12/23/2025,LinkedIn,SMB (11-50),SaaS,Tom Wilson,Demo Completed,12/27/2025,12/30/2025,3,12/31/2025,,,0,FALSE
L-0250,8/7/2025,Organic Search,SMB (11-50),HealthTech,Alex Thompson,Lead,,,,,,,0,FALSE
L-0251,5/25/2025,LinkedIn,SMB (11-50),SaaS,Priya Patel,MQL,5/26/2025,,,,,,0,FALSE
L-0252,9/19/2025,Paid Ads,Mid-Market (51-200),EdTech,Priya Patel,Demo Completed,9/24/2025,10/8/2025,14,10/10/2025,,,0,FALSE
L-0253,8/3/2025,Organic Search,SMB (11-50),HR Tech,Tom Wilson,MQL,8/6/2025,,,,,,0,FALSE
L-0254,1/5/2026,Organic Search,Startup (1-10),SaaS,Tom Wilson,Demo Completed,1/10/2026,1/14/2026,4,1/14/2026,,,0,FALSE
L-0255,2/19/2026,LinkedIn,SMB (11-50),HR Tech,James Chen,MQL,2/22/2026,,,,,,0,FALSE
L-0256,2/1/2026,LinkedIn,Mid-Market (51-200),HealthTech,Priya Patel,MQL,2/5/2026,,,,,,0,FALSE
L-0257,4/19/2025,Cold Outreach,Mid-Market (51-200),Logistics,Tom Wilson,Lead,,,,,,,0,FALSE
L-0258,8/6/2025,Organic Search,Enterprise (200+),HealthTech,Maria Santos,Lead,,,,,,,0,FALSE
L-0259,2/25/2026,Organic Search,Mid-Market (51-200),FinTech,Tom Wilson,Lead,,,,,,,0,FALSE
L-0260,4/6/2025,Organic Search,Mid-Market (51-200),Logistics,Maria Santos,Closed Lost,4/8/2025,4/10/2025,2,4/11/2025,4/12/2025,,0,FALSE
L-0261,6/12/2025,Paid Ads,Enterprise (200+),HealthTech,Maria Santos,MQL,6/15/2025,,,,,,0,FALSE
L-0262,11/11/2025,Paid Ads,SMB (11-50),HR Tech,Maria Santos,Lead,,,,,,,0,FALSE
L-0263,4/12/2025,Organic Search,Startup (1-10),FinTech,Maria Santos,Lead,,,,,,,0,FALSE
L-0264,12/21/2025,Referral,Mid-Market (51-200),E-commerce,James Chen,Closed Won,12/23/2025,12/27/2025,4,12/28/2025,1/3/2026,1/10/2026,40121.65,FALSE
L-0265,7/15/2025,Organic Search,SMB (11-50),FinTech,James Chen,MQL,7/16/2025,,,,,,0,FALSE
L-0266,7/10/2025,LinkedIn,SMB (11-50),EdTech,Alex Thompson,MQL,7/13/2025,,,,,,0,FALSE
L-0267,10/16/2025,Organic Search,Enterprise (200+),EdTech,Tom Wilson,Demo Booked,10/21/2025,11/2/2025,12,,,,0,FALSE
L-0268,9/8/2025,LinkedIn,Startup (1-10),HealthTech,James Chen,Demo Completed,9/11/2025,9/14/2025,3,9/15/2025,,,0,FALSE
L-0269,6/25/2025,Organic Search,SMB (11-50),E-commerce,Tom Wilson,Demo Completed,6/27/2025,7/1/2025,4,7/1/2025,,,0,FALSE
L-0270,3/17/2026,Paid Ads,SMB (11-50),HR Tech,Priya Patel,MQL,3/21/2026,,,,,,0,FALSE
L-0271,4/17/2025,Paid Ads,Startup (1-10),SaaS,Alex Thompson,Demo Booked,4/22/2025,5/6/2025,14,,,,0,FALSE
L-0272,1/4/2026,Organic Search,Startup (1-10),HealthTech,Alex Thompson,Lead,,,,,,,0,FALSE
L-0273,1/5/2026,Organic Search,Mid-Market (51-200),FinTech,Priya Patel,Demo Completed,1/9/2026,1/18/2026,9,1/20/2026,,,0,FALSE
L-0274,7/17/2025,LinkedIn,SMB (11-50),HealthTech,James Chen,Lead,,,,,,,0,FALSE
L-0275,2/10/2026,Organic Search,SMB (11-50),Logistics,James Chen,MQL,2/12/2026,,,,,,0,FALSE
L-0276,1/1/2026,LinkedIn,SMB (11-50),Marketing,Tom Wilson,Closed Lost,1/4/2026,1/17/2026,13,1/17/2026,1/24/2026,,0,FALSE
L-0277,8/6/2025,Cold Outreach,Enterprise (200+),E-commerce,James Chen,MQL,8/9/2025,,,,,,0,FALSE
L-0278,1/21/2026,LinkedIn,Mid-Market (51-200),HR Tech,James Chen,Lead,,,,,,,0,FALSE
L-0279,10/24/2025,Referral,SMB (11-50),HealthTech,Maria Santos,Demo Completed,10/27/2025,11/8/2025,12,11/8/2025,,,0,FALSE
L-0280,5/3/2025,LinkedIn,Startup (1-10),HR Tech,Alex Thompson,Lead,,,,,,,0,FALSE
L-0281,8/16/2025,Organic Search,Enterprise (200+),SaaS,Priya Patel,Demo Booked,8/19/2025,9/2/2025,14,,,,0,FALSE
L-0282,2/15/2026,Cold Outreach,Mid-Market (51-200),FinTech,Maria Santos,Lead,,,,,,,0,FALSE
L-0283,11/20/2025,Organic Search,Startup (1-10),E-commerce,Priya Patel,Demo Booked,11/24/2025,11/26/2025,2,,,,0,FALSE
L-0284,10/8/2025,Paid Ads,Mid-Market (51-200),Marketing,Maria Santos,Closed Won,10/10/2025,10/13/2025,3,10/13/2025,10/17/2025,11/11/2025,24785.73,FALSE
L-0285,3/22/2026,Paid Ads,Mid-Market (51-200),HealthTech,Priya Patel,Closed Lost,3/23/2026,3/24/2026,1,3/26/2026,4/2/2026,,0,FALSE
L-0286,12/28/2025,LinkedIn,Mid-Market (51-200),E-commerce,Maria Santos,MQL,1/2/2026,,,,,,0,FALSE
L-0287,2/10/2026,Organic Search,Mid-Market (51-200),E-commerce,Priya Patel,Lead,,,,,,,0,FALSE
L-0288,6/3/2025,LinkedIn,Startup (1-10),HealthTech,James Chen,Demo Completed,6/7/2025,6/17/2025,10,6/17/2025,,,0,FALSE
L-0289,3/4/2026,Referral,Mid-Market (51-200),Marketing,Maria Santos,Lead,,,,,,,0,FALSE
L-0290,8/30/2025,Paid Ads,SMB (11-50),SaaS,Priya Patel,Lead,,,,,,,0,FALSE
L-0291,10/15/2025,LinkedIn,Mid-Market (51-200),SaaS,Priya Patel,MQL,10/19/2025,,,,,,0,FALSE
L-0292,9/10/2025,Paid Ads,Enterprise (200+),FinTech,Alex Thompson,MQL,9/15/2025,,,,,,0,FALSE
L-0293,4/9/2025,Organic Search,Startup (1-10),HR Tech,Maria Santos,Closed Lost,4/10/2025,4/15/2025,5,4/17/2025,4/22/2025,,0,FALSE
L-0294,5/13/2025,Organic Search,SMB (11-50),E-commerce,Alex Thompson,MQL,5/18/2025,,,,,,0,FALSE
L-0295,1/26/2026,Cold Outreach,Startup (1-10),EdTech,Priya Patel,Lead,,,,,,,0,FALSE
L-0296,3/24/2026,LinkedIn,Mid-Market (51-200),HealthTech,Alex Thompson,Closed Lost,3/26/2026,3/27/2026,1,3/27/2026,4/2/2026,,0,FALSE
L-0297,6/23/2025,Paid Ads,Startup (1-10),E-commerce,Maria Santos,MQL,6/26/2025,,,,,,0,FALSE
L-0298,6/4/2025,LinkedIn,Mid-Market (51-200),E-commerce,Alex Thompson,Lead,,,,,,,0,FALSE
L-0299,9/19/2025,LinkedIn,Mid-Market (51-200),HealthTech,Maria Santos,Lead,,,,,,,0,FALSE
L-0300,11/20/2025,Paid Ads,Startup (1-10),HealthTech,Priya Patel,Demo Booked,11/21/2025,11/23/2025,2,,,,0,FALSE
L-0301,12/17/2025,Cold Outreach,Mid-Market (51-200),HealthTech,James Chen,Demo Completed,12/18/2025,12/22/2025,4,12/22/2025,,,0,FALSE
L-0302,9/12/2025,Cold Outreach,Mid-Market (51-200),Logistics,James Chen,Closed Lost,9/15/2025,9/16/2025,1,9/16/2025,9/23/2025,,0,FALSE
L-0303,9/7/2025,Paid Ads,SMB (11-50),HR Tech,Alex Thompson,MQL,9/12/2025,,,,,,0,FALSE
L-0304,8/3/2025,Organic Search,Startup (1-10),Marketing,Tom Wilson,MQL,8/8/2025,,,,,,0,FALSE
L-0305,4/4/2025,Cold Outreach,Mid-Market (51-200),SaaS,James Chen,Lead,,,,,,,0,FALSE
L-0306,4/1/2025,Paid Ads,SMB (11-50),FinTech,Alex Thompson,Lead,,,,,,,0,FALSE
L-0307,7/15/2025,Organic Search,Mid-Market (51-200),Marketing,Maria Santos,Demo Completed,7/17/2025,7/24/2025,7,7/25/2025,,,0,FALSE
L-0308,5/14/2025,Organic Search,Mid-Market (51-200),EdTech,Priya Patel,Closed Lost,5/19/2025,5/23/2025,4,5/24/2025,5/27/2025,,0,FALSE
L-0309,11/18/2025,Cold Outreach,SMB (11-50),EdTech,Alex Thompson,MQL,11/19/2025,,,,,,0,FALSE
L-0310,5/25/2025,Paid Ads,Mid-Market (51-200),HealthTech,James Chen,Demo Booked,5/29/2025,5/30/2025,1,,,,0,FALSE
L-0311,6/20/2025,Organic Search,SMB (11-50),HealthTech,Maria Santos,Lead,,,,,,,0,FALSE
L-0312,9/15/2025,Paid Ads,Mid-Market (51-200),FinTech,James Chen,MQL,9/17/2025,,,,,,0,FALSE
L-0313,6/29/2025,Organic Search,Startup (1-10),Marketing,Alex Thompson,MQL,7/3/2025,,,,,,0,FALSE
L-0314,5/23/2025,Organic Search,SMB (11-50),HealthTech,Priya Patel,Lead,,,,,,,0,FALSE
L-0315,7/11/2025,Paid Ads,Startup (1-10),SaaS,James Chen,Lead,,,,,,,0,FALSE
L-0316,1/26/2026,Organic Search,Mid-Market (51-200),HealthTech,Tom Wilson,Closed Lost,1/27/2026,2/4/2026,8,2/5/2026,2/12/2026,,0,FALSE
L-0317,6/26/2025,Paid Ads,Startup (1-10),HR Tech,Maria Santos,Lead,,,,,,,0,FALSE
L-0318,10/13/2025,Organic Search,Mid-Market (51-200),HR Tech,Maria Santos,Demo Booked,10/15/2025,10/17/2025,2,,,,0,FALSE
L-0319,12/12/2025,Paid Ads,SMB (11-50),SaaS,Alex Thompson,Demo Completed,12/17/2025,12/18/2025,1,12/19/2025,,,0,FALSE
L-0320,12/2/2025,LinkedIn,Mid-Market (51-200),Logistics,Alex Thompson,Closed Lost,12/6/2025,12/9/2025,3,12/10/2025,12/17/2025,,0,FALSE
L-0321,7/29/2025,Paid Ads,Enterprise (200+),EdTech,Tom Wilson,Lead,,,,,,,0,FALSE
L-0322,4/29/2025,Paid Ads,Mid-Market (51-200),Marketing,Tom Wilson,Lead,,,,,,,0,FALSE
L-0323,6/28/2025,Cold Outreach,SMB (11-50),Logistics,Alex Thompson,Demo Booked,7/3/2025,7/6/2025,3,,,,0,FALSE
L-0324,1/3/2026,Cold Outreach,SMB (11-50),SaaS,Priya Patel,Lead,,,,,,,0,FALSE
L-0325,7/22/2025,Organic Search,Startup (1-10),SaaS,Tom Wilson,Closed Lost,7/26/2025,7/28/2025,2,7/30/2025,8/1/2025,,0,FALSE
L-0326,10/9/2025,Cold Outreach,Mid-Market (51-200),EdTech,Maria Santos,Lead,,,,,,,0,FALSE
L-0327,9/13/2025,Referral,SMB (11-50),EdTech,Alex Thompson,MQL,9/15/2025,,,,,,0,FALSE
L-0328,6/29/2025,Organic Search,Mid-Market (51-200),HR Tech,Alex Thompson,Lead,,,,,,,0,FALSE
L-0329,3/7/2026,Organic Search,Enterprise (200+),EdTech,James Chen,Demo Completed,3/9/2026,3/12/2026,3,3/15/2026,,,0,FALSE
L-0330,9/10/2025,LinkedIn,SMB (11-50),E-commerce,Tom Wilson,Lead,,,,,,,0,FALSE
L-0331,6/12/2025,Cold Outreach,Startup (1-10),HealthTech,Priya Patel,Lead,,,,,,,0,FALSE
L-0332,2/20/2026,Paid Ads,SMB (11-50),EdTech,James Chen,Lead,,,,,,,0,FALSE
L-0333,4/6/2025,Paid Ads,Mid-Market (51-200),EdTech,Priya Patel,MQL,4/8/2025,,,,,,0,FALSE
L-0334,10/15/2025,Organic Search,Mid-Market (51-200),FinTech,Maria Santos,MQL,10/19/2025,,,,,,0,FALSE
L-0335,1/5/2026,Cold Outreach,SMB (11-50),Logistics,Alex Thompson,Lead,,,,,,,0,FALSE
L-0336,11/18/2025,LinkedIn,Mid-Market (51-200),SaaS,James Chen,Demo Completed,11/19/2025,11/28/2025,9,11/29/2025,,,0,FALSE
L-0337,1/30/2026,Paid Ads,Startup (1-10),HealthTech,Alex Thompson,Lead,,,,,,,0,FALSE
L-0338,2/5/2026,Cold Outreach,Mid-Market (51-200),Logistics,James Chen,Lead,,,,,,,0,FALSE
L-0339,10/27/2025,Paid Ads,Startup (1-10),SaaS,James Chen,Lead,,,,,,,0,FALSE
L-0340,8/31/2025,LinkedIn,Mid-Market (51-200),Marketing,Alex Thompson,Closed Lost,9/1/2025,9/5/2025,4,9/5/2025,9/11/2025,,0,FALSE
L-0341,2/21/2026,Organic Search,Startup (1-10),SaaS,James Chen,Closed Lost,2/22/2026,3/3/2026,9,3/5/2026,3/10/2026,,0,FALSE
L-0342,4/23/2025,Organic Search,SMB (11-50),E-commerce,Priya Patel,Demo Booked,4/27/2025,4/30/2025,3,,,,0,FALSE
L-0343,10/29/2025,Referral,Startup (1-10),EdTech,Tom Wilson,Demo Completed,11/3/2025,11/14/2025,11,11/17/2025,,,0,FALSE
L-0344,12/14/2025,Paid Ads,Startup (1-10),Logistics,Maria Santos,MQL,12/19/2025,,,,,,0,FALSE
L-0345,6/28/2025,Referral,Mid-Market (51-200),HealthTech,Priya Patel,Lead,,,,,,,0,FALSE
L-0346,4/22/2025,Paid Ads,Startup (1-10),SaaS,James Chen,Demo Booked,4/26/2025,4/28/2025,2,,,,0,FALSE
L-0347,10/21/2025,Cold Outreach,Startup (1-10),Logistics,Tom Wilson,Lead,,,,,,,0,FALSE
L-0348,1/26/2026,LinkedIn,SMB (11-50),FinTech,Tom Wilson,Demo Completed,1/30/2026,2/1/2026,2,2/1/2026,,,0,FALSE
L-0349,9/24/2025,Organic Search,Startup (1-10),Marketing,Tom Wilson,Lead,,,,,,,0,FALSE
L-0350,6/28/2025,Paid Ads,Mid-Market (51-200),HR Tech,Maria Santos,MQL,6/30/2025,,,,,,0,FALSE
L-0351,3/20/2026,Referral,SMB (11-50),Logistics,Alex Thompson,MQL,3/24/2026,,,,,,0,FALSE
L-0352,8/22/2025,Cold Outreach,Startup (1-10),Marketing,Alex Thompson,Lead,,,,,,,0,FALSE
L-0353,9/1/2025,LinkedIn,Mid-Market (51-200),SaaS,James Chen,Lead,,,,,,,0,FALSE
L-0354,2/4/2026,Organic Search,Mid-Market (51-200),Marketing,Priya Patel,Demo Booked,2/6/2026,2/18/2026,12,,,,0,FALSE
L-0355,9/7/2025,LinkedIn,SMB (11-50),E-commerce,Maria Santos,Lead,,,,,,,0,FALSE
L-0356,7/8/2025,Organic Search,Mid-Market (51-200),FinTech,James Chen,Lead,,,,,,,0,FALSE
L-0357,4/26/2025,Paid Ads,Startup (1-10),FinTech,Priya Patel,Lead,,,,,,,0,FALSE
L-0358,10/21/2025,LinkedIn,Startup (1-10),HR Tech,Tom Wilson,MQL,10/22/2025,,,,,,0,FALSE
L-0359,11/29/2025,Paid Ads,SMB (11-50),HR Tech,James Chen,Demo Completed,12/2/2025,12/5/2025,3,12/6/2025,,,0,FALSE
L-0360,3/13/2026,LinkedIn,Startup (1-10),SaaS,James Chen,MQL,3/17/2026,,,,,,0,FALSE
L-0361,6/7/2025,LinkedIn,Enterprise (200+),FinTech,Priya Patel,Lead,,,,,,,0,FALSE
L-0362,9/4/2025,Referral,Startup (1-10),Marketing,Tom Wilson,Demo Completed,9/7/2025,9/11/2025,4,9/13/2025,,,0,FALSE
L-0363,12/18/2025,LinkedIn,SMB (11-50),HealthTech,Maria Santos,Lead,,,,,,,0,FALSE
L-0364,3/17/2026,Cold Outreach,Mid-Market (51-200),Marketing,Alex Thompson,Demo Completed,3/18/2026,3/28/2026,10,3/30/2026,,,0,FALSE
L-0365,10/24/2025,Organic Search,Startup (1-10),FinTech,Tom Wilson,MQL,10/26/2025,,,,,,0,FALSE
L-0366,10/25/2025,Referral,Enterprise (200+),Marketing,Priya Patel,Demo Completed,10/26/2025,11/5/2025,10,11/8/2025,,,0,FALSE
L-0367,7/2/2025,Referral,SMB (11-50),E-commerce,Tom Wilson,Demo Completed,7/6/2025,7/19/2025,13,7/21/2025,,,0,FALSE
L-0368,9/17/2025,Paid Ads,Startup (1-10),Marketing,Priya Patel,Demo Booked,9/22/2025,9/23/2025,1,,,,0,FALSE
L-0369,12/13/2025,Organic Search,Mid-Market (51-200),HR Tech,James Chen,Closed Lost,12/17/2025,12/22/2025,5,12/23/2025,12/28/2025,,0,FALSE
L-0370,12/6/2025,Cold Outreach,Startup (1-10),E-commerce,Maria Santos,Closed Lost,12/8/2025,12/9/2025,1,12/10/2025,12/12/2025,,0,FALSE
L-0371,10/24/2025,LinkedIn,Startup (1-10),Logistics,Priya Patel,Demo Completed,10/28/2025,10/29/2025,1,10/29/2025,,,0,FALSE
L-0372,2/15/2026,LinkedIn,SMB (11-50),FinTech,Maria Santos,Lead,,,,,,,0,FALSE
L-0373,5/23/2025,Paid Ads,Mid-Market (51-200),Marketing,James Chen,Demo Completed,5/28/2025,5/29/2025,1,5/31/2025,,,0,FALSE
L-0374,7/6/2025,Referral,Startup (1-10),HR Tech,Alex Thompson,Closed Lost,7/10/2025,7/12/2025,2,7/13/2025,7/19/2025,,0,FALSE
L-0375,2/14/2026,Paid Ads,Mid-Market (51-200),Marketing,Tom Wilson,MQL,2/15/2026,,,,,,0,FALSE
L-0376,11/14/2025,Referral,Startup (1-10),HealthTech,Priya Patel,Demo Completed,11/19/2025,11/27/2025,8,11/29/2025,,,0,FALSE
L-0377,5/24/2025,Paid Ads,SMB (11-50),E-commerce,Priya Patel,Demo Booked,5/29/2025,5/30/2025,1,,,,0,FALSE
L-0378,3/27/2026,LinkedIn,Mid-Market (51-200),SaaS,Alex Thompson,Closed Won,3/29/2026,4/6/2026,8,4/7/2026,4/13/2026,4/23/2026,43056.96,FALSE
L-0379,8/10/2025,Paid Ads,Startup (1-10),HealthTech,Maria Santos,Lead,,,,,,,0,FALSE
L-0380,4/26/2025,Organic Search,Enterprise (200+),Marketing,Priya Patel,MQL,4/28/2025,,,,,,0,FALSE
L-0381,5/30/2025,LinkedIn,SMB (11-50),EdTech,Priya Patel,Demo Booked,5/31/2025,6/2/2025,2,,,,0,FALSE
L-0382,9/23/2025,Cold Outreach,Startup (1-10),HealthTech,Alex Thompson,MQL,9/27/2025,,,,,,0,FALSE
L-0383,2/27/2026,Organic Search,Mid-Market (51-200),HR Tech,Priya Patel,Lead,,,,,,,0,FALSE
L-0384,5/24/2025,Paid Ads,Startup (1-10),FinTech,James Chen,MQL,5/29/2025,,,,,,0,FALSE
L-0385,2/8/2026,Organic Search,SMB (11-50),Logistics,Alex Thompson,Demo Completed,2/10/2026,2/16/2026,6,2/16/2026,,,0,FALSE
L-0386,12/22/2025,Paid Ads,Mid-Market (51-200),SaaS,Alex Thompson,Demo Booked,12/27/2025,12/29/2025,2,,,,0,FALSE
L-0387,2/24/2026,Organic Search,Mid-Market (51-200),FinTech,Maria Santos,Lead,,,,,,,0,FALSE
L-0388,5/9/2025,Organic Search,SMB (11-50),HR Tech,James Chen,Lead,,,,,,,0,FALSE
L-0389,12/16/2025,Paid Ads,SMB (11-50),Marketing,Maria Santos,Demo Booked,12/20/2025,12/22/2025,2,,,,0,FALSE
L-0390,5/31/2025,Organic Search,Mid-Market (51-200),HR Tech,Alex Thompson,Lead,,,,,,,0,FALSE
L-0391,4/19/2025,LinkedIn,Startup (1-10),Logistics,Priya Patel,MQL,4/20/2025,,,,,,0,FALSE
L-0392,1/13/2026,LinkedIn,Enterprise (200+),Marketing,Tom Wilson,MQL,1/17/2026,,,,,,0,FALSE
L-0393,9/17/2025,Organic Search,Startup (1-10),SaaS,Priya Patel,MQL,9/22/2025,,,,,,0,FALSE
L-0394,5/20/2025,LinkedIn,SMB (11-50),HR Tech,Maria Santos,Lead,,,,,,,0,FALSE
L-0395,12/24/2025,Paid Ads,SMB (11-50),Marketing,Tom Wilson,Demo Booked,12/25/2025,12/27/2025,2,,,,0,FALSE
L-0396,6/1/2025,LinkedIn,Startup (1-10),SaaS,James Chen,Lead,,,,,,,0,FALSE
L-0397,5/26/2025,Organic Search,SMB (11-50),SaaS,Alex Thompson,Lead,,,,,,,0,FALSE
L-0398,11/21/2025,Paid Ads,Mid-Market (51-200),HealthTech,Priya Patel,Demo Completed,11/26/2025,11/30/2025,4,12/3/2025,,,0,FALSE
L-0399,6/28/2025,Organic Search,SMB (11-50),E-commerce,Tom Wilson,Lead,,,,,,,0,FALSE
L-0400,10/14/2025,Paid Ads,SMB (11-50),EdTech,Tom Wilson,MQL,10/19/2025,,,,,,0,FALSE
L-0401,11/18/2025,LinkedIn,Startup (1-10),EdTech,Alex Thompson,Lead,,,,,,,0,FALSE
L-0402,9/8/2025,Paid Ads,SMB (11-50),Marketing,Tom Wilson,Lead,,,,,,,0,FALSE
L-0403,2/14/2026,Cold Outreach,Mid-Market (51-200),SaaS,James Chen,Lead,,,,,,,0,FALSE
L-0404,12/14/2025,Referral,Enterprise (200+),E-commerce,James Chen,Closed Won,12/17/2025,12/20/2025,3,12/23/2025,12/30/2025,1/19/2026,106197.94,FALSE
L-0405,8/15/2025,Paid Ads,Startup (1-10),FinTech,James Chen,Lead,,,,,,,0,FALSE
L-0406,5/2/2025,Paid Ads,Startup (1-10),Marketing,James Chen,Lead,,,,,,,0,FALSE
L-0407,11/18/2025,Paid Ads,Mid-Market (51-200),FinTech,Alex Thompson,MQL,11/23/2025,,,,,,0,FALSE
L-0408,3/23/2026,LinkedIn,SMB (11-50),SaaS,Tom Wilson,MQL,3/24/2026,,,,,,0,FALSE
L-0409,4/28/2025,Organic Search,Enterprise (200+),EdTech,Tom Wilson,Demo Completed,5/1/2025,5/9/2025,8,5/11/2025,,,0,FALSE
L-0410,11/16/2025,Organic Search,SMB (11-50),SaaS,Alex Thompson,Demo Completed,11/17/2025,11/19/2025,2,11/21/2025,,,0,FALSE
L-0411,9/17/2025,Paid Ads,SMB (11-50),Marketing,Maria Santos,Demo Booked,9/19/2025,9/22/2025,3,,,,0,FALSE
L-0412,1/7/2026,Referral,Mid-Market (51-200),HR Tech,Tom Wilson,Closed Won,1/10/2026,1/12/2026,2,1/15/2026,1/19/2026,2/2/2026,44501.9,FALSE
L-0413,2/27/2026,Paid Ads,Startup (1-10),HR Tech,Tom Wilson,MQL,3/2/2026,,,,,,0,FALSE
L-0414,3/16/2026,Cold Outreach,SMB (11-50),SaaS,Maria Santos,Lead,,,,,,,0,FALSE
L-0415,8/10/2025,Organic Search,Mid-Market (51-200),HealthTech,Priya Patel,Demo Completed,8/13/2025,8/26/2025,13,8/26/2025,,,0,FALSE
L-0416,6/25/2025,Referral,SMB (11-50),HealthTech,Maria Santos,Lead,,,,,,,0,FALSE
L-0417,3/10/2026,LinkedIn,SMB (11-50),HealthTech,James Chen,Lead,,,,,,,0,FALSE
L-0418,1/1/2026,Paid Ads,Mid-Market (51-200),HealthTech,James Chen,Lead,,,,,,,0,FALSE
L-0419,3/18/2026,LinkedIn,Mid-Market (51-200),Logistics,Maria Santos,MQL,3/22/2026,,,,,,0,FALSE
L-0420,1/11/2026,Paid Ads,Startup (1-10),E-commerce,Alex Thompson,MQL,1/13/2026,,,,,,0,FALSE
L-0421,9/9/2025,Organic Search,SMB (11-50),Logistics,Priya Patel,Demo Booked,9/10/2025,9/11/2025,1,,,,0,FALSE
L-0422,2/5/2026,Organic Search,SMB (11-50),Marketing,Alex Thompson,Demo Completed,2/9/2026,2/10/2026,1,2/13/2026,,,0,FALSE
L-0423,3/13/2026,LinkedIn,Startup (1-10),E-commerce,Alex Thompson,Lead,,,,,,,0,FALSE
L-0424,1/9/2026,Cold Outreach,Mid-Market (51-200),EdTech,Maria Santos,Lead,,,,,,,0,FALSE
L-0425,1/6/2026,Paid Ads,Startup (1-10),Logistics,Tom Wilson,Lead,,,,,,,0,FALSE
L-0426,10/29/2025,Paid Ads,Mid-Market (51-200),EdTech,James Chen,Lead,,,,,,,0,FALSE
L-0427,2/10/2026,LinkedIn,Startup (1-10),E-commerce,James Chen,Lead,,,,,,,0,FALSE
L-0428,11/23/2025,Paid Ads,Startup (1-10),FinTech,Tom Wilson,Demo Booked,11/24/2025,11/25/2025,1,,,,0,FALSE
L-0429,5/22/2025,Organic Search,SMB (11-50),E-commerce,James Chen,MQL,5/23/2025,,,,,,0,FALSE
L-0430,6/18/2025,Paid Ads,SMB (11-50),Marketing,Tom Wilson,Lead,,,,,,,0,FALSE
L-0431,4/3/2025,Organic Search,SMB (11-50),Logistics,James Chen,MQL,4/5/2025,,,,,,0,FALSE
L-0432,3/14/2026,Referral,Startup (1-10),EdTech,James Chen,Demo Completed,3/18/2026,3/21/2026,3,3/21/2026,,,0,FALSE
L-0433,2/15/2026,LinkedIn,Startup (1-10),SaaS,Alex Thompson,MQL,2/16/2026,,,,,,0,FALSE
L-0434,7/18/2025,LinkedIn,Mid-Market (51-200),Logistics,Tom Wilson,Lead,,,,,,,0,FALSE
L-0435,10/5/2025,Organic Search,SMB (11-50),HR Tech,James Chen,MQL,10/10/2025,,,,,,0,FALSE
L-0436,10/4/2025,Paid Ads,SMB (11-50),HealthTech,Priya Patel,MQL,10/6/2025,,,,,,0,FALSE
L-0437,6/11/2025,LinkedIn,SMB (11-50),E-commerce,Tom Wilson,MQL,6/13/2025,,,,,,0,FALSE
L-0438,10/1/2025,Organic Search,Mid-Market (51-200),E-commerce,Priya Patel,Closed Lost,10/5/2025,10/8/2025,3,10/10/2025,10/14/2025,,0,FALSE
L-0439,2/19/2026,Paid Ads,Mid-Market (51-200),HealthTech,Tom Wilson,Lead,,,,,,,0,FALSE
L-0440,3/1/2026,LinkedIn,Startup (1-10),E-commerce,Priya Patel,MQL,3/6/2026,,,,,,0,FALSE
L-0441,12/21/2025,LinkedIn,SMB (11-50),Logistics,James Chen,Demo Booked,12/24/2025,12/28/2025,4,,,,0,FALSE
L-0442,6/16/2025,Organic Search,Startup (1-10),Marketing,James Chen,MQL,6/19/2025,,,,,,0,FALSE
L-0443,5/29/2025,LinkedIn,Mid-Market (51-200),Logistics,Alex Thompson,Closed Won,6/2/2025,6/4/2025,2,6/5/2025,6/10/2025,7/5/2025,22405.95,FALSE
L-0444,1/14/2026,Cold Outreach,SMB (11-50),Logistics,Tom Wilson,Lead,,,,,,,0,FALSE
L-0445,7/20/2025,LinkedIn,Mid-Market (51-200),Marketing,Maria Santos,MQL,7/24/2025,,,,,,0,FALSE
L-0446,7/3/2025,Paid Ads,Mid-Market (51-200),E-commerce,Tom Wilson,Lead,,,,,,,0,FALSE
L-0447,1/31/2026,Organic Search,Startup (1-10),EdTech,Priya Patel,Demo Completed,2/2/2026,2/4/2026,2,2/7/2026,,,0,FALSE
L-0448,12/14/2025,Referral,Startup (1-10),FinTech,Tom Wilson,Closed Lost,12/15/2025,12/17/2025,2,12/20/2025,12/23/2025,,0,FALSE
L-0449,9/27/2025,Referral,SMB (11-50),HR Tech,Priya Patel,Closed Lost,10/2/2025,10/4/2025,2,10/4/2025,10/9/2025,,0,FALSE
L-0450,12/24/2025,Paid Ads,Mid-Market (51-200),FinTech,Tom Wilson,Demo Completed,12/25/2025,12/27/2025,2,12/30/2025,,,0,FALSE
L-0451,10/5/2025,Paid Ads,Mid-Market (51-200),Logistics,Tom Wilson,MQL,10/9/2025,,,,,,0,FALSE
L-0452,10/7/2025,Organic Search,Mid-Market (51-200),HR Tech,James Chen,Demo Completed,10/11/2025,10/14/2025,3,10/15/2025,,,0,FALSE
L-0453,5/22/2025,Referral,Mid-Market (51-200),HR Tech,James Chen,MQL,5/26/2025,,,,,,0,FALSE
L-0454,10/17/2025,LinkedIn,SMB (11-50),FinTech,James Chen,Lead,,,,,,,0,FALSE
L-0455,2/2/2026,Paid Ads,Startup (1-10),E-commerce,Priya Patel,Demo Booked,2/3/2026,2/9/2026,6,,,,0,FALSE
L-0456,4/30/2025,Cold Outreach,SMB (11-50),Marketing,Tom Wilson,Lead,,,,,,,0,FALSE
L-0457,7/13/2025,LinkedIn,Mid-Market (51-200),HR Tech,Maria Santos,Lead,,,,,,,0,FALSE
L-0458,2/1/2026,Cold Outreach,SMB (11-50),SaaS,Maria Santos,Lead,,,,,,,0,FALSE
L-0459,8/1/2025,Referral,SMB (11-50),FinTech,Alex Thompson,Closed Lost,8/3/2025,8/6/2025,3,8/7/2025,8/13/2025,,0,FALSE
L-0460,8/20/2025,Cold Outreach,SMB (11-50),EdTech,Alex Thompson,MQL,8/22/2025,,,,,,0,FALSE
L-0461,12/16/2025,Organic Search,Startup (1-10),E-commerce,Priya Patel,Demo Booked,12/17/2025,12/23/2025,6,,,,0,FALSE
L-0462,10/11/2025,LinkedIn,Mid-Market (51-200),Marketing,Priya Patel,MQL,10/13/2025,,,,,,0,FALSE
L-0463,4/15/2025,Cold Outreach,SMB (11-50),HR Tech,Tom Wilson,Lead,,,,,,,0,FALSE
L-0464,9/9/2025,Paid Ads,SMB (11-50),SaaS,James Chen,MQL,9/12/2025,,,,,,0,FALSE
L-0465,5/18/2025,Paid Ads,Mid-Market (51-200),SaaS,Alex Thompson,Closed Lost,5/21/2025,5/23/2025,2,5/25/2025,5/31/2025,,0,FALSE
L-0466,8/2/2025,Cold Outreach,SMB (11-50),SaaS,James Chen,Lead,,,,,,,0,FALSE
L-0467,9/30/2025,Paid Ads,Startup (1-10),SaaS,Tom Wilson,Demo Booked,10/1/2025,10/13/2025,12,,,,0,FALSE
L-0468,2/12/2026,Organic Search,Startup (1-10),HR Tech,Alex Thompson,MQL,2/17/2026,,,,,,0,FALSE
L-0469,7/23/2025,Organic Search,Enterprise (200+),Marketing,Priya Patel,Lead,,,,,,,0,FALSE
L-0470,1/2/2026,Paid Ads,SMB (11-50),Logistics,Priya Patel,Demo Booked,1/5/2026,1/17/2026,12,,,,0,FALSE
L-0471,10/12/2025,Organic Search,Mid-Market (51-200),FinTech,James Chen,Demo Completed,10/15/2025,10/18/2025,3,10/21/2025,,,0,FALSE
L-0472,11/1/2025,Paid Ads,Startup (1-10),Logistics,James Chen,Lead,,,,,,,0,FALSE
L-0473,7/2/2025,Organic Search,Mid-Market (51-200),Marketing,Priya Patel,MQL,7/7/2025,,,,,,0,FALSE
L-0474,11/8/2025,LinkedIn,Mid-Market (51-200),SaaS,Tom Wilson,Lead,,,,,,,0,FALSE
L-0475,4/5/2025,Paid Ads,Mid-Market (51-200),E-commerce,Priya Patel,Demo Completed,4/9/2025,4/12/2025,3,4/12/2025,,,0,FALSE
L-0476,2/17/2026,Referral,Startup (1-10),Marketing,Priya Patel,Closed Lost,2/20/2026,2/23/2026,3,2/25/2026,2/26/2026,,0,FALSE
L-0477,9/29/2025,Referral,SMB (11-50),E-commerce,Alex Thompson,Demo Completed,10/4/2025,10/8/2025,4,10/9/2025,,,0,FALSE
L-0478,1/18/2026,Referral,Enterprise (200+),Logistics,Tom Wilson,Demo Completed,1/19/2026,1/22/2026,3,1/24/2026,,,0,FALSE
L-0479,12/23/2025,Organic Search,Enterprise (200+),EdTech,Tom Wilson,Lead,,,,,,,0,FALSE
L-0480,7/30/2025,Organic Search,Startup (1-10),FinTech,James Chen,Lead,,,,,,,0,FALSE
L-0481,6/25/2025,Cold Outreach,Mid-Market (51-200),HealthTech,James Chen,Lead,,,,,,,0,FALSE
L-0482,4/28/2025,Paid Ads,Enterprise (200+),HR Tech,Tom Wilson,MQL,5/2/2025,,,,,,0,FALSE
L-0483,3/2/2026,Cold Outreach,Startup (1-10),E-commerce,Maria Santos,Lead,,,,,,,0,FALSE
L-0484,2/15/2026,Organic Search,Startup (1-10),Marketing,Priya Patel,MQL,2/20/2026,,,,,,0,FALSE
L-0485,11/26/2025,Paid Ads,Mid-Market (51-200),EdTech,Priya Patel,Lead,,,,,,,0,FALSE
L-0486,3/24/2026,Organic Search,Startup (1-10),HR Tech,James Chen,MQL,3/29/2026,,,,,,0,FALSE
L-0487,2/22/2026,Referral,Mid-Market (51-200),Logistics,Tom Wilson,MQL,2/25/2026,,,,,,0,FALSE
L-0488,9/5/2025,Organic Search,Startup (1-10),HealthTech,Priya Patel,Demo Booked,9/8/2025,9/9/2025,1,,,,0,FALSE
L-0489,12/1/2025,Paid Ads,Startup (1-10),FinTech,Priya Patel,MQL,12/5/2025,,,,,,0,FALSE
L-0490,10/28/2025,Organic Search,Mid-Market (51-200),EdTech,James Chen,Lead,,,,,,,0,FALSE
L-0491,7/22/2025,Organic Search,Startup (1-10),Logistics,Priya Patel,MQL,7/26/2025,,,,,,0,FALSE
L-0492,2/27/2026,Organic Search,Mid-Market (51-200),Marketing,Alex Thompson,Lead,,,,,,,0,FALSE
L-0493,6/9/2025,LinkedIn,SMB (11-50),HealthTech,James Chen,MQL,6/13/2025,,,,,,0,FALSE
L-0494,4/10/2025,Paid Ads,Mid-Market (51-200),SaaS,Alex Thompson,Demo Booked,4/15/2025,4/16/2025,1,,,,0,FALSE
L-0495,12/9/2025,LinkedIn,Startup (1-10),E-commerce,Maria Santos,Demo Booked,12/13/2025,12/17/2025,4,,,,0,FALSE
L-0496,8/15/2025,Paid Ads,Mid-Market (51-200),E-commerce,Maria Santos,Lead,,,,,,,0,FALSE
L-0497,10/13/2025,Paid Ads,SMB (11-50),SaaS,Alex Thompson,Lead,,,,,,,0,FALSE
L-0498,11/13/2025,Paid Ads,Mid-Market (51-200),SaaS,Priya Patel,Demo Completed,11/14/2025,11/27/2025,13,11/30/2025,,,0,FALSE
L-0499,12/23/2025,Paid Ads,SMB (11-50),FinTech,Tom Wilson,MQL,12/27/2025,,,,,,0,FALSE
L-0500,7/30/2025,Paid Ads,Enterprise (200+),SaaS,Maria Santos,Lead,,,,,,,0,FALSE
L-0501,6/1/2025,Paid Ads,Startup (1-10),Marketing,Tom Wilson,Demo Completed,6/3/2025,6/17/2025,14,6/18/2025,,,0,FALSE
L-0502,9/21/2025,Paid Ads,Startup (1-10),HealthTech,Tom Wilson,Lead,,,,,,,0,FALSE
L-0503,2/25/2026,Cold Outreach,Mid-Market (51-200),FinTech,Alex Thompson,MQL,3/2/2026,,,,,,0,FALSE
L-0504,7/8/2025,Paid Ads,Startup (1-10),EdTech,Priya Patel,Demo Completed,7/12/2025,7/21/2025,9,7/24/2025,,,0,FALSE
L-0505,9/26/2025,Organic Search,SMB (11-50),E-commerce,Tom Wilson,Demo Completed,9/30/2025,10/2/2025,2,10/4/2025,,,0,FALSE
L-0506,4/10/2025,Organic Search,Mid-Market (51-200),Logistics,James Chen,MQL,4/13/2025,,,,,,0,FALSE
L-0507,12/25/2025,Paid Ads,Mid-Market (51-200),Logistics,James Chen,Demo Completed,12/30/2025,1/2/2026,3,1/2/2026,,,0,FALSE
L-0508,4/17/2025,Paid Ads,Mid-Market (51-200),E-commerce,James Chen,Demo Completed,4/21/2025,5/5/2025,14,5/8/2025,,,0,FALSE
L-0509,2/5/2026,LinkedIn,Startup (1-10),EdTech,James Chen,Lead,,,,,,,0,FALSE
L-0510,11/26/2025,Paid Ads,Enterprise (200+),HR Tech,Maria Santos,Lead,,,,,,,0,FALSE
L-0511,3/29/2026,Paid Ads,SMB (11-50),Logistics,Alex Thompson,Demo Completed,4/3/2026,4/9/2026,6,4/10/2026,,,0,FALSE
L-0512,7/8/2025,Paid Ads,Mid-Market (51-200),Logistics,James Chen,MQL,7/10/2025,,,,,,0,FALSE
L-0513,2/21/2026,Cold Outreach,SMB (11-50),Logistics,Maria Santos,Lead,,,,,,,0,FALSE
L-0514,6/25/2025,Referral,Mid-Market (51-200),Logistics,Maria Santos,Closed Lost,6/30/2025,7/3/2025,3,7/5/2025,7/10/2025,,0,FALSE
L-0515,2/6/2026,Paid Ads,SMB (11-50),Logistics,Alex Thompson,Closed Lost,2/11/2026,2/21/2026,10,2/24/2026,2/25/2026,,0,FALSE
L-0516,9/1/2025,Organic Search,SMB (11-50),Marketing,Maria Santos,Lead,,,,,,,0,FALSE
L-0517,12/18/2025,Paid Ads,SMB (11-50),Marketing,Tom Wilson,Demo Completed,12/23/2025,12/24/2025,1,12/26/2025,,,0,FALSE
L-0518,1/18/2026,Paid Ads,Startup (1-10),Marketing,Maria Santos,MQL,1/20/2026,,,,,,0,FALSE
L-0519,3/20/2026,LinkedIn,Mid-Market (51-200),E-commerce,Priya Patel,Lead,,,,,,,0,FALSE
L-0520,1/21/2026,LinkedIn,Startup (1-10),Marketing,Maria Santos,MQL,1/22/2026,,,,,,0,FALSE
L-0521,6/1/2025,Paid Ads,Mid-Market (51-200),Logistics,Priya Patel,Lead,,,,,,,0,FALSE
L-0522,4/28/2025,Paid Ads,Mid-Market (51-200),FinTech,Priya Patel,Demo Completed,4/29/2025,5/1/2025,2,5/1/2025,,,0,FALSE
L-0523,11/8/2025,Cold Outreach,Enterprise (200+),HealthTech,James Chen,Demo Booked,11/12/2025,11/15/2025,3,,,,0,FALSE
L-0524,11/9/2025,Organic Search,Startup (1-10),Logistics,Tom Wilson,MQL,11/11/2025,,,,,,0,FALSE
L-0525,7/10/2025,Organic Search,Startup (1-10),Logistics,Tom Wilson,Closed Lost,7/15/2025,7/24/2025,9,7/24/2025,7/28/2025,,0,FALSE
L-0526,6/26/2025,Paid Ads,SMB (11-50),FinTech,Alex Thompson,Lead,,,,,,,0,FALSE
L-0527,6/14/2025,Referral,Enterprise (200+),HR Tech,Tom Wilson,Demo Completed,6/16/2025,6/23/2025,7,6/23/2025,,,0,FALSE
L-0528,4/8/2025,Paid Ads,Mid-Market (51-200),E-commerce,Alex Thompson,Demo Booked,4/9/2025,4/13/2025,4,,,,0,FALSE
L-0529,12/4/2025,Paid Ads,SMB (11-50),Marketing,Tom Wilson,MQL,12/6/2025,,,,,,0,FALSE
L-0530,6/27/2025,Referral,SMB (11-50),FinTech,Alex Thompson,MQL,6/29/2025,,,,,,0,FALSE
L-0531,10/16/2025,Referral,Startup (1-10),FinTech,Maria Santos,Demo Completed,10/19/2025,10/28/2025,9,10/29/2025,,,0,FALSE
L-0532,1/31/2026,Organic Search,Mid-Market (51-200),EdTech,Priya Patel,Demo Completed,2/2/2026,2/15/2026,13,2/16/2026,,,0,FALSE
L-0533,9/25/2025,Paid Ads,SMB (11-50),E-commerce,Maria Santos,Lead,,,,,,,0,FALSE
L-0534,2/15/2026,Organic Search,SMB (11-50),Marketing,Maria Santos,MQL,2/19/2026,,,,,,0,FALSE
L-0535,6/17/2025,LinkedIn,Startup (1-10),Marketing,James Chen,MQL,6/21/2025,,,,,,0,FALSE
L-0536,8/2/2025,Paid Ads,SMB (11-50),SaaS,Priya Patel,Lead,,,,,,,0,FALSE
L-0537,1/3/2026,Organic Search,SMB (11-50),EdTech,Priya Patel,MQL,1/5/2026,,,,,,0,FALSE
L-0538,3/19/2026,Referral,Startup (1-10),E-commerce,Alex Thompson,MQL,3/24/2026,,,,,,0,FALSE
L-0539,6/20/2025,Organic Search,Enterprise (200+),E-commerce,Tom Wilson,Demo Booked,6/25/2025,6/26/2025,1,,,,0,FALSE
L-0540,9/3/2025,LinkedIn,Mid-Market (51-200),Logistics,Priya Patel,Demo Completed,9/6/2025,9/8/2025,2,9/10/2025,,,0,FALSE
L-0541,10/1/2025,Referral,SMB (11-50),SaaS,Maria Santos,Churned,10/5/2025,10/9/2025,4,10/12/2025,10/14/2025,11/3/2025,15174.47,TRUE
L-0542,5/4/2025,Paid Ads,SMB (11-50),SaaS,James Chen,MQL,5/8/2025,,,,,,0,FALSE
L-0543,11/5/2025,Organic Search,SMB (11-50),HR Tech,James Chen,Demo Booked,11/6/2025,11/10/2025,4,,,,0,FALSE
L-0544,5/26/2025,Organic Search,SMB (11-50),FinTech,Tom Wilson,MQL,5/27/2025,,,,,,0,FALSE
L-0545,10/16/2025,Paid Ads,SMB (11-50),FinTech,Tom Wilson,Demo Booked,10/17/2025,10/28/2025,11,,,,0,FALSE
L-0546,4/28/2025,Paid Ads,Startup (1-10),Marketing,Tom Wilson,Lead,,,,,,,0,FALSE
L-0547,12/13/2025,Cold Outreach,SMB (11-50),HR Tech,Maria Santos,MQL,12/18/2025,,,,,,0,FALSE
L-0548,11/17/2025,Referral,Startup (1-10),Logistics,Alex Thompson,Demo Completed,11/21/2025,11/23/2025,2,11/24/2025,,,0,FALSE
L-0549,5/14/2025,Paid Ads,Startup (1-10),HR Tech,Alex Thompson,MQL,5/18/2025,,,,,,0,FALSE
L-0550,1/7/2026,Cold Outreach,SMB (11-50),E-commerce,Priya Patel,Lead,,,,,,,0,FALSE
L-0551,6/14/2025,LinkedIn,Enterprise (200+),E-commerce,James Chen,Demo Completed,6/15/2025,6/18/2025,3,6/19/2025,,,0,FALSE
L-0552,12/11/2025,Paid Ads,Mid-Market (51-200),FinTech,Priya Patel,Lead,,,,,,,0,FALSE
L-0553,7/21/2025,Organic Search,Startup (1-10),HR Tech,James Chen,Demo Completed,7/25/2025,7/31/2025,6,8/2/2025,,,0,FALSE
L-0554,6/15/2025,Organic Search,Mid-Market (51-200),FinTech,James Chen,Closed Lost,6/18/2025,7/2/2025,14,7/2/2025,7/6/2025,,0,FALSE
L-0555,1/22/2026,Paid Ads,Startup (1-10),E-commerce,Priya Patel,Demo Completed,1/23/2026,1/26/2026,3,1/26/2026,,,0,FALSE
L-0556,6/2/2025,LinkedIn,Startup (1-10),HR Tech,James Chen,Lead,,,,,,,0,FALSE
L-0557,2/8/2026,Paid Ads,SMB (11-50),SaaS,James Chen,MQL,2/13/2026,,,,,,0,FALSE
L-0558,3/28/2026,Referral,Enterprise (200+),HR Tech,Tom Wilson,MQL,4/2/2026,,,,,,0,FALSE
L-0559,2/9/2026,Paid Ads,SMB (11-50),EdTech,James Chen,Lead,,,,,,,0,FALSE
L-0560,2/7/2026,Organic Search,Mid-Market (51-200),HR Tech,James Chen,MQL,2/10/2026,,,,,,0,FALSE
L-0561,2/10/2026,Paid Ads,Startup (1-10),HealthTech,James Chen,Lead,,,,,,,0,FALSE
L-0562,2/22/2026,Organic Search,SMB (11-50),SaaS,Maria Santos,Closed Won,2/25/2026,2/26/2026,1,2/26/2026,3/1/2026,3/31/2026,12827.06,FALSE
L-0563,11/29/2025,LinkedIn,Startup (1-10),EdTech,Priya Patel,Lead,,,,,,,0,FALSE
L-0564,9/19/2025,Referral,SMB (11-50),HR Tech,Tom Wilson,MQL,9/23/2025,,,,,,0,FALSE
L-0565,12/31/2025,Paid Ads,SMB (11-50),EdTech,Tom Wilson,MQL,1/5/2026,,,,,,0,FALSE
L-0566,6/16/2025,LinkedIn,Enterprise (200+),EdTech,Maria Santos,Closed Lost,6/17/2025,6/30/2025,13,7/3/2025,7/4/2025,,0,FALSE
L-0567,8/18/2025,LinkedIn,Mid-Market (51-200),EdTech,Maria Santos,MQL,8/22/2025,,,,,,0,FALSE
L-0568,12/25/2025,Organic Search,Mid-Market (51-200),Marketing,James Chen,Demo Completed,12/26/2025,1/3/2026,8,1/3/2026,,,0,FALSE
L-0569,12/25/2025,Cold Outreach,Startup (1-10),EdTech,Priya Patel,Demo Completed,12/28/2025,1/10/2026,13,1/10/2026,,,0,FALSE
L-0570,4/23/2025,LinkedIn,SMB (11-50),FinTech,Alex Thompson,Lead,,,,,,,0,FALSE
L-0571,5/23/2025,Organic Search,Startup (1-10),HR Tech,Maria Santos,Closed Lost,5/26/2025,5/29/2025,3,5/31/2025,6/7/2025,,0,FALSE
L-0572,4/8/2025,Paid Ads,Startup (1-10),Marketing,Maria Santos,Lead,,,,,,,0,FALSE
L-0573,9/11/2025,Organic Search,Startup (1-10),EdTech,Tom Wilson,MQL,9/14/2025,,,,,,0,FALSE
L-0574,11/14/2025,Paid Ads,SMB (11-50),EdTech,Tom Wilson,Closed Lost,11/15/2025,11/16/2025,1,11/19/2025,11/24/2025,,0,FALSE
L-0575,9/30/2025,Referral,Mid-Market (51-200),HR Tech,Tom Wilson,MQL,10/2/2025,,,,,,0,FALSE
L-0576,6/7/2025,Referral,SMB (11-50),HR Tech,Tom Wilson,Demo Booked,6/11/2025,6/14/2025,3,,,,0,FALSE
L-0577,10/18/2025,Paid Ads,Enterprise (200+),Marketing,Alex Thompson,MQL,10/21/2025,,,,,,0,FALSE
L-0578,11/30/2025,Cold Outreach,SMB (11-50),FinTech,Maria Santos,MQL,12/4/2025,,,,,,0,FALSE
L-0579,5/23/2025,Paid Ads,Mid-Market (51-200),E-commerce,Tom Wilson,Closed Lost,5/24/2025,5/25/2025,1,5/28/2025,5/30/2025,,0,FALSE
L-0580,3/22/2026,Cold Outreach,SMB (11-50),EdTech,James Chen,Lead,,,,,,,0,FALSE
L-0581,3/22/2026,LinkedIn,SMB (11-50),EdTech,Tom Wilson,MQL,3/23/2026,,,,,,0,FALSE
L-0582,1/31/2026,LinkedIn,Mid-Market (51-200),HealthTech,Tom Wilson,Demo Completed,2/5/2026,2/9/2026,4,2/9/2026,,,0,FALSE
L-0583,2/25/2026,Organic Search,Mid-Market (51-200),EdTech,Priya Patel,Lead,,,,,,,0,FALSE
L-0584,3/5/2026,Paid Ads,Mid-Market (51-200),FinTech,James Chen,Demo Booked,3/10/2026,3/14/2026,4,,,,0,FALSE
L-0585,9/24/2025,Paid Ads,Mid-Market (51-200),Marketing,Priya Patel,Lead,,,,,,,0,FALSE
L-0586,8/29/2025,Organic Search,SMB (11-50),Logistics,James Chen,MQL,9/3/2025,,,,,,0,FALSE
L-0587,8/23/2025,Paid Ads,SMB (11-50),EdTech,Maria Santos,Lead,,,,,,,0,FALSE
L-0588,3/31/2026,Paid Ads,Mid-Market (51-200),Logistics,Alex Thompson,MQL,4/4/2026,,,,,,0,FALSE
L-0589,1/10/2026,Paid Ads,Startup (1-10),E-commerce,James Chen,MQL,1/13/2026,,,,,,0,FALSE
L-0590,4/6/2025,Paid Ads,Enterprise (200+),E-commerce,James Chen,Demo Completed,4/7/2025,4/18/2025,11,4/19/2025,,,0,FALSE
L-0591,7/2/2025,Organic Search,SMB (11-50),Logistics,Tom Wilson,MQL,7/6/2025,,,,,,0,FALSE
L-0592,2/4/2026,Organic Search,SMB (11-50),E-commerce,Priya Patel,MQL,2/8/2026,,,,,,0,FALSE
L-0593,1/21/2026,Paid Ads,SMB (11-50),Logistics,Tom Wilson,MQL,1/22/2026,,,,,,0,FALSE
L-0594,6/12/2025,LinkedIn,Startup (1-10),HR Tech,Maria Santos,Lead,,,,,,,0,FALSE
L-0595,12/21/2025,Organic Search,Mid-Market (51-200),Marketing,Priya Patel,Demo Completed,12/26/2025,1/1/2026,6,1/3/2026,,,0,FALSE
L-0596,11/19/2025,Cold Outreach,SMB (11-50),FinTech,Priya Patel,Lead,,,,,,,0,FALSE
L-0597,8/29/2025,Organic Search,Mid-Market (51-200),Logistics,Alex Thompson,MQL,8/30/2025,,,,,,0,FALSE
L-0598,2/17/2026,Organic Search,SMB (11-50),Marketing,Maria Santos,MQL,2/19/2026,,,,,,0,FALSE
L-0599,12/5/2025,Referral,Startup (1-10),FinTech,Alex Thompson,Closed Lost,12/10/2025,12/13/2025,3,12/15/2025,12/16/2025,,0,FALSE
L-0600,6/29/2025,Cold Outreach,Mid-Market (51-200),HR Tech,Alex Thompson,MQL,7/1/2025,,,,,,0,FALSE
L-0601,6/14/2025,LinkedIn,Mid-Market (51-200),EdTech,Maria Santos,MQL,6/16/2025,,,,,,0,FALSE
L-0602,3/5/2026,LinkedIn,SMB (11-50),Logistics,James Chen,Demo Booked,3/7/2026,3/12/2026,5,,,,0,FALSE
L-0603,9/2/2025,Paid Ads,Startup (1-10),Logistics,Priya Patel,Closed Lost,9/7/2025,9/11/2025,4,9/14/2025,9/21/2025,,0,FALSE
L-0604,12/29/2025,Referral,Enterprise (200+),FinTech,Maria Santos,Closed Won,1/2/2026,1/5/2026,3,1/7/2026,1/11/2026,2/8/2026,101934.55,FALSE
L-0605,9/8/2025,Organic Search,Startup (1-10),EdTech,James Chen,MQL,9/9/2025,,,,,,0,FALSE
L-0606,9/27/2025,Paid Ads,Startup (1-10),HealthTech,Priya Patel,Demo Completed,9/30/2025,10/5/2025,5,10/6/2025,,,0,FALSE
L-0607,2/4/2026,Referral,Mid-Market (51-200),HealthTech,Maria Santos,MQL,2/9/2026,,,,,,0,FALSE
L-0608,8/29/2025,Paid Ads,Startup (1-10),E-commerce,Alex Thompson,MQL,8/30/2025,,,,,,0,FALSE
L-0609,8/10/2025,Cold Outreach,Startup (1-10),Logistics,Alex Thompson,Demo Booked,8/11/2025,8/12/2025,1,,,,0,FALSE
L-0610,5/6/2025,Paid Ads,Mid-Market (51-200),E-commerce,Priya Patel,MQL,5/8/2025,,,,,,0,FALSE
L-0611,11/7/2025,Paid Ads,SMB (11-50),E-commerce,Tom Wilson,MQL,11/8/2025,,,,,,0,FALSE
L-0612,1/18/2026,LinkedIn,Startup (1-10),HealthTech,Maria Santos,Lead,,,,,,,0,FALSE
L-0613,3/1/2026,LinkedIn,Startup (1-10),HR Tech,James Chen,Lead,,,,,,,0,FALSE
L-0614,3/25/2026,Cold Outreach,Mid-Market (51-200),Marketing,James Chen,Lead,,,,,,,0,FALSE
L-0615,11/10/2025,Organic Search,Startup (1-10),HR Tech,Priya Patel,Demo Booked,11/11/2025,11/22/2025,11,,,,0,FALSE
L-0616,3/16/2026,Organic Search,SMB (11-50),EdTech,Alex Thompson,MQL,3/17/2026,,,,,,0,FALSE
L-0617,11/22/2025,Cold Outreach,Startup (1-10),EdTech,Maria Santos,Lead,,,,,,,0,FALSE
L-0618,3/5/2026,Paid Ads,Startup (1-10),FinTech,Priya Patel,MQL,3/9/2026,,,,,,0,FALSE
L-0619,7/7/2025,Referral,SMB (11-50),HealthTech,Priya Patel,Closed Lost,7/9/2025,7/11/2025,2,7/13/2025,7/20/2025,,0,FALSE
L-0620,9/20/2025,Cold Outreach,Startup (1-10),EdTech,Maria Santos,Lead,,,,,,,0,FALSE
L-0621,6/16/2025,Paid Ads,Startup (1-10),HR Tech,Tom Wilson,Lead,,,,,,,0,FALSE
L-0622,3/1/2026,Paid Ads,Startup (1-10),E-commerce,Priya Patel,Demo Completed,3/6/2026,3/8/2026,2,3/10/2026,,,0,FALSE
L-0623,5/29/2025,Paid Ads,SMB (11-50),HealthTech,Maria Santos,Demo Booked,6/3/2025,6/5/2025,2,,,,0,FALSE
L-0624,1/5/2026,LinkedIn,SMB (11-50),HealthTech,Tom Wilson,MQL,1/7/2026,,,,,,0,FALSE
L-0625,6/12/2025,Organic Search,SMB (11-50),HealthTech,Alex Thompson,Lead,,,,,,,0,FALSE
L-0626,8/3/2025,Paid Ads,SMB (11-50),E-commerce,Priya Patel,Lead,,,,,,,0,FALSE
L-0627,4/9/2025,Paid Ads,Startup (1-10),Logistics,James Chen,Lead,,,,,,,0,FALSE
L-0628,8/24/2025,Paid Ads,Startup (1-10),HealthTech,Tom Wilson,MQL,8/28/2025,,,,,,0,FALSE
L-0629,8/1/2025,Paid Ads,Mid-Market (51-200),HR Tech,Priya Patel,Lead,,,,,,,0,FALSE
L-0630,2/8/2026,Referral,Startup (1-10),E-commerce,Priya Patel,Lead,,,,,,,0,FALSE
L-0631,4/3/2025,Referral,Mid-Market (51-200),EdTech,Priya Patel,Closed Lost,4/5/2025,4/6/2025,1,4/7/2025,4/13/2025,,0,FALSE
L-0632,12/11/2025,Paid Ads,Startup (1-10),E-commerce,Priya Patel,Closed Won,12/12/2025,12/15/2025,3,12/18/2025,12/24/2025,1/17/2026,3033.2,FALSE
L-0633,1/29/2026,Organic Search,Startup (1-10),SaaS,Priya Patel,Demo Completed,2/2/2026,2/10/2026,8,2/10/2026,,,0,FALSE
L-0634,11/28/2025,Organic Search,Startup (1-10),SaaS,Maria Santos,MQL,11/29/2025,,,,,,0,FALSE
L-0635,10/16/2025,Paid Ads,Enterprise (200+),HR Tech,James Chen,MQL,10/20/2025,,,,,,0,FALSE
L-0636,6/5/2025,Referral,Enterprise (200+),SaaS,Alex Thompson,Demo Completed,6/10/2025,6/16/2025,6,6/17/2025,,,0,FALSE
L-0637,6/27/2025,Paid Ads,Startup (1-10),E-commerce,Tom Wilson,Lead,,,,,,,0,FALSE
L-0638,12/7/2025,Organic Search,Startup (1-10),Logistics,Tom Wilson,Lead,,,,,,,0,FALSE
L-0639,4/8/2025,Paid Ads,SMB (11-50),HR Tech,Alex Thompson,Lead,,,,,,,0,FALSE
L-0640,1/22/2026,LinkedIn,Startup (1-10),EdTech,Priya Patel,MQL,1/27/2026,,,,,,0,FALSE
L-0641,4/21/2025,Cold Outreach,Enterprise (200+),Logistics,Maria Santos,Lead,,,,,,,0,FALSE
L-0642,10/19/2025,LinkedIn,SMB (11-50),Logistics,Tom Wilson,Demo Completed,10/20/2025,10/22/2025,2,10/25/2025,,,0,FALSE
L-0643,12/2/2025,Paid Ads,Startup (1-10),HealthTech,Maria Santos,MQL,12/4/2025,,,,,,0,FALSE
L-0644,11/24/2025,LinkedIn,Mid-Market (51-200),FinTech,Priya Patel,Lead,,,,,,,0,FALSE
L-0645,3/27/2026,LinkedIn,SMB (11-50),EdTech,Priya Patel,Lead,,,,,,,0,FALSE
L-0646,4/17/2025,LinkedIn,Startup (1-10),EdTech,Tom Wilson,MQL,4/20/2025,,,,,,0,FALSE
L-0647,2/12/2026,Referral,SMB (11-50),SaaS,Maria Santos,Lead,,,,,,,0,FALSE
L-0648,5/27/2025,LinkedIn,Startup (1-10),EdTech,Maria Santos,MQL,5/31/2025,,,,,,0,FALSE
L-0649,3/30/2026,Organic Search,Startup (1-10),HealthTech,Tom Wilson,Lead,,,,,,,0,FALSE
L-0650,1/23/2026,Paid Ads,SMB (11-50),HealthTech,Priya Patel,Lead,,,,,,,0,FALSE
L-0651,9/28/2025,LinkedIn,Mid-Market (51-200),SaaS,Alex Thompson,Lead,,,,,,,0,FALSE
L-0652,10/8/2025,Organic Search,SMB (11-50),FinTech,Maria Santos,Demo Completed,10/12/2025,10/24/2025,12,10/26/2025,,,0,FALSE
L-0653,11/21/2025,Organic Search,Mid-Market (51-200),HealthTech,James Chen,MQL,11/25/2025,,,,,,0,FALSE
L-0654,8/20/2025,Paid Ads,Enterprise (200+),HealthTech,James Chen,MQL,8/22/2025,,,,,,0,FALSE
L-0655,10/31/2025,LinkedIn,SMB (11-50),FinTech,Alex Thompson,Lead,,,,,,,0,FALSE
L-0656,11/14/2025,Organic Search,Startup (1-10),EdTech,Priya Patel,Closed Lost,11/15/2025,11/20/2025,5,11/22/2025,11/25/2025,,0,FALSE
L-0657,9/3/2025,LinkedIn,SMB (11-50),HR Tech,Priya Patel,Demo Booked,9/6/2025,9/9/2025,3,,,,0,FALSE
L-0658,11/20/2025,LinkedIn,Startup (1-10),EdTech,Alex Thompson,Lead,,,,,,,0,FALSE
L-0659,6/29/2025,Referral,Startup (1-10),Marketing,James Chen,Lead,,,,,,,0,FALSE
L-0660,7/31/2025,Referral,Mid-Market (51-200),E-commerce,James Chen,Closed Won,8/3/2025,8/7/2025,4,8/7/2025,8/10/2025,8/31/2025,34196,FALSE
L-0661,6/14/2025,Paid Ads,Enterprise (200+),Logistics,Priya Patel,Lead,,,,,,,0,FALSE
L-0662,11/29/2025,Cold Outreach,Startup (1-10),EdTech,Alex Thompson,Lead,,,,,,,0,FALSE
L-0663,11/13/2025,Cold Outreach,Mid-Market (51-200),E-commerce,Tom Wilson,MQL,11/14/2025,,,,,,0,FALSE
L-0664,4/13/2025,Cold Outreach,Startup (1-10),HealthTech,Alex Thompson,Lead,,,,,,,0,FALSE
L-0665,4/29/2025,LinkedIn,SMB (11-50),HealthTech,Alex Thompson,Lead,,,,,,,0,FALSE
L-0666,4/12/2025,Paid Ads,SMB (11-50),Marketing,James Chen,MQL,4/16/2025,,,,,,0,FALSE
L-0667,12/8/2025,Cold Outreach,Enterprise (200+),Logistics,James Chen,MQL,12/13/2025,,,,,,0,FALSE
L-0668,11/5/2025,Paid Ads,Mid-Market (51-200),Logistics,James Chen,Closed Lost,11/8/2025,11/11/2025,3,11/11/2025,11/15/2025,,0,FALSE
L-0669,10/30/2025,Organic Search,SMB (11-50),E-commerce,Priya Patel,Demo Booked,11/4/2025,11/6/2025,2,,,,0,FALSE
L-0670,4/4/2025,Organic Search,SMB (11-50),Logistics,Maria Santos,Demo Completed,4/7/2025,4/21/2025,14,4/22/2025,,,0,FALSE
L-0671,9/3/2025,Paid Ads,SMB (11-50),Marketing,Tom Wilson,Demo Booked,9/7/2025,9/8/2025,1,,,,0,FALSE
L-0672,7/1/2025,LinkedIn,SMB (11-50),Marketing,Priya Patel,Demo Completed,7/3/2025,7/15/2025,12,7/17/2025,,,0,FALSE
L-0673,10/9/2025,Organic Search,Mid-Market (51-200),HR Tech,Maria Santos,Closed Won,10/14/2025,10/17/2025,3,10/20/2025,10/22/2025,10/30/2025,26180.11,FALSE
L-0674,12/28/2025,Cold Outreach,SMB (11-50),Marketing,Alex Thompson,Lead,,,,,,,0,FALSE
L-0675,2/1/2026,Paid Ads,Startup (1-10),E-commerce,Maria Santos,Lead,,,,,,,0,FALSE
L-0676,3/17/2026,Organic Search,Mid-Market (51-200),Marketing,Alex Thompson,Lead,,,,,,,0,FALSE
L-0677,4/7/2025,Organic Search,SMB (11-50),EdTech,James Chen,Demo Booked,4/10/2025,4/14/2025,4,,,,0,FALSE
L-0678,1/12/2026,Paid Ads,Startup (1-10),SaaS,James Chen,Lead,,,,,,,0,FALSE
L-0679,11/22/2025,LinkedIn,SMB (11-50),HealthTech,Priya Patel,Lead,,,,,,,0,FALSE
L-0680,9/26/2025,Paid Ads,Startup (1-10),FinTech,Priya Patel,Demo Booked,9/29/2025,10/3/2025,4,,,,0,FALSE
L-0681,6/5/2025,Paid Ads,SMB (11-50),HealthTech,James Chen,Lead,,,,,,,0,FALSE
L-0682,6/6/2025,Paid Ads,Startup (1-10),E-commerce,James Chen,Lead,,,,,,,0,FALSE
L-0683,4/10/2025,Organic Search,Mid-Market (51-200),HealthTech,Maria Santos,Lead,,,,,,,0,FALSE
L-0684,3/4/2026,LinkedIn,Startup (1-10),HealthTech,Maria Santos,Closed Won,3/5/2026,3/8/2026,3,3/8/2026,3/13/2026,3/26/2026,3065.21,FALSE
L-0685,9/26/2025,Paid Ads,Mid-Market (51-200),Marketing,Tom Wilson,MQL,10/1/2025,,,,,,0,FALSE
L-0686,1/22/2026,Referral,SMB (11-50),HealthTech,Maria Santos,Closed Lost,1/27/2026,1/29/2026,2,1/29/2026,1/30/2026,,0,FALSE
L-0687,3/24/2026,Cold Outreach,Mid-Market (51-200),HR Tech,Alex Thompson,Lead,,,,,,,0,FALSE
L-0688,10/12/2025,Organic Search,Enterprise (200+),E-commerce,Alex Thompson,Closed Lost,10/17/2025,10/18/2025,1,10/19/2025,10/22/2025,,0,FALSE
L-0689,5/30/2025,Organic Search,Startup (1-10),EdTech,Priya Patel,MQL,6/3/2025,,,,,,0,FALSE
L-0690,1/9/2026,Paid Ads,Enterprise (200+),HR Tech,James Chen,Demo Completed,1/13/2026,1/25/2026,12,1/25/2026,,,0,FALSE
L-0691,3/4/2026,Organic Search,Startup (1-10),HR Tech,Tom Wilson,Lead,,,,,,,0,FALSE
L-0692,5/4/2025,Paid Ads,SMB (11-50),HealthTech,James Chen,Closed Lost,5/6/2025,5/10/2025,4,5/13/2025,5/19/2025,,0,FALSE
L-0693,11/30/2025,Organic Search,Mid-Market (51-200),Logistics,Alex Thompson,MQL,12/4/2025,,,,,,0,FALSE
L-0694,6/2/2025,Organic Search,Startup (1-10),HR Tech,Maria Santos,Closed Lost,6/6/2025,6/8/2025,2,6/8/2025,6/9/2025,,0,FALSE
L-0695,2/13/2026,Organic Search,Mid-Market (51-200),E-commerce,Alex Thompson,MQL,2/14/2026,,,,,,0,FALSE
L-0696,8/29/2025,Organic Search,SMB (11-50),HR Tech,James Chen,Lead,,,,,,,0,FALSE
L-0697,1/5/2026,Organic Search,Startup (1-10),EdTech,Tom Wilson,MQL,1/6/2026,,,,,,0,FALSE
L-0698,10/10/2025,Cold Outreach,Startup (1-10),HR Tech,Alex Thompson,Lead,,,,,,,0,FALSE
L-0699,12/8/2025,Paid Ads,Startup (1-10),Marketing,James Chen,MQL,12/11/2025,,,,,,0,FALSE
L-0700,3/17/2026,Organic Search,Startup (1-10),HR Tech,Tom Wilson,Demo Completed,3/21/2026,3/23/2026,2,3/26/2026,,,0,FALSE
L-0701,4/15/2025,Organic Search,Enterprise (200+),EdTech,Maria Santos,MQL,4/17/2025,,,,,,0,FALSE
L-0702,10/12/2025,Paid Ads,Mid-Market (51-200),FinTech,Alex Thompson,MQL,10/15/2025,,,,,,0,FALSE
L-0703,7/30/2025,Organic Search,Startup (1-10),SaaS,James Chen,Closed Lost,8/4/2025,8/5/2025,1,8/7/2025,8/13/2025,,0,FALSE
L-0704,3/23/2026,Organic Search,Enterprise (200+),Marketing,Maria Santos,MQL,3/24/2026,,,,,,0,FALSE
L-0705,5/22/2025,Organic Search,SMB (11-50),HealthTech,Priya Patel,Lead,,,,,,,0,FALSE
L-0706,2/9/2026,Paid Ads,SMB (11-50),EdTech,James Chen,Demo Completed,2/13/2026,2/14/2026,1,2/16/2026,,,0,FALSE
L-0707,5/19/2025,Organic Search,Startup (1-10),HealthTech,Tom Wilson,Demo Booked,5/22/2025,5/26/2025,4,,,,0,FALSE
L-0708,3/6/2026,Referral,SMB (11-50),Marketing,Priya Patel,Demo Completed,3/8/2026,3/11/2026,3,3/12/2026,,,0,FALSE
L-0709,12/12/2025,Referral,SMB (11-50),E-commerce,Tom Wilson,Demo Completed,12/16/2025,12/30/2025,14,12/31/2025,,,0,FALSE
L-0710,10/28/2025,Paid Ads,Startup (1-10),Marketing,Priya Patel,MQL,10/29/2025,,,,,,0,FALSE
L-0711,8/10/2025,LinkedIn,Startup (1-10),Marketing,James Chen,Lead,,,,,,,0,FALSE
L-0712,4/15/2025,Paid Ads,Startup (1-10),E-commerce,James Chen,MQL,4/18/2025,,,,,,0,FALSE
L-0713,6/21/2025,Organic Search,SMB (11-50),FinTech,James Chen,Demo Booked,6/22/2025,6/25/2025,3,,,,0,FALSE
L-0714,5/13/2025,Cold Outreach,SMB (11-50),FinTech,Maria Santos,Lead,,,,,,,0,FALSE
L-0715,3/10/2026,Paid Ads,Startup (1-10),Logistics,Alex Thompson,Lead,,,,,,,0,FALSE
L-0716,5/28/2025,Paid Ads,Enterprise (200+),E-commerce,James Chen,Lead,,,,,,,0,FALSE
L-0717,5/17/2025,Organic Search,Startup (1-10),Marketing,Priya Patel,MQL,5/18/2025,,,,,,0,FALSE
L-0718,11/3/2025,Paid Ads,Mid-Market (51-200),Logistics,James Chen,Demo Booked,11/4/2025,11/7/2025,3,,,,0,FALSE
L-0719,1/5/2026,Paid Ads,SMB (11-50),HealthTech,Alex Thompson,MQL,1/7/2026,,,,,,0,FALSE
L-0720,10/6/2025,LinkedIn,Enterprise (200+),EdTech,Priya Patel,Lead,,,,,,,0,FALSE
L-0721,3/20/2026,Paid Ads,Enterprise (200+),FinTech,Maria Santos,Lead,,,,,,,0,FALSE
L-0722,2/22/2026,Referral,Startup (1-10),Logistics,Alex Thompson,Lead,,,,,,,0,FALSE
L-0723,7/31/2025,Organic Search,Mid-Market (51-200),HealthTech,Tom Wilson,Lead,,,,,,,0,FALSE
L-0724,9/2/2025,Organic Search,Enterprise (200+),Logistics,Alex Thompson,Demo Booked,9/4/2025,9/16/2025,12,,,,0,FALSE
L-0725,5/12/2025,LinkedIn,SMB (11-50),FinTech,Alex Thompson,Lead,,,,,,,0,FALSE
L-0726,11/3/2025,Cold Outreach,SMB (11-50),Logistics,Alex Thompson,Lead,,,,,,,0,FALSE
L-0727,5/4/2025,LinkedIn,Mid-Market (51-200),Marketing,Tom Wilson,MQL,5/9/2025,,,,,,0,FALSE
L-0728,2/23/2026,Organic Search,SMB (11-50),FinTech,Maria Santos,MQL,2/27/2026,,,,,,0,FALSE
L-0729,1/20/2026,Paid Ads,SMB (11-50),Marketing,Alex Thompson,Demo Booked,1/22/2026,2/5/2026,14,,,,0,FALSE
L-0730,6/28/2025,Paid Ads,SMB (11-50),E-commerce,Alex Thompson,Lead,,,,,,,0,FALSE
L-0731,10/30/2025,LinkedIn,Mid-Market (51-200),SaaS,Maria Santos,MQL,11/3/2025,,,,,,0,FALSE
L-0732,4/12/2025,Cold Outreach,Enterprise (200+),SaaS,Maria Santos,Lead,,,,,,,0,FALSE
L-0733,7/11/2025,Referral,Mid-Market (51-200),HealthTech,Priya Patel,Closed Won,7/13/2025,7/17/2025,4,7/19/2025,7/24/2025,8/22/2025,33775.13,FALSE
L-0734,7/24/2025,Cold Outreach,Mid-Market (51-200),HR Tech,Maria Santos,Lead,,,,,,,0,FALSE
L-0735,12/10/2025,Paid Ads,Mid-Market (51-200),Marketing,Alex Thompson,MQL,12/14/2025,,,,,,0,FALSE
L-0736,11/1/2025,Referral,Enterprise (200+),Marketing,James Chen,Demo Booked,11/3/2025,11/11/2025,8,,,,0,FALSE
L-0737,4/6/2025,Organic Search,Mid-Market (51-200),HR Tech,Maria Santos,MQL,4/9/2025,,,,,,0,FALSE
L-0738,1/31/2026,Organic Search,Startup (1-10),Logistics,Priya Patel,MQL,2/1/2026,,,,,,0,FALSE
L-0739,2/5/2026,Paid Ads,Enterprise (200+),HR Tech,Alex Thompson,Lead,,,,,,,0,FALSE
L-0740,8/8/2025,Cold Outreach,SMB (11-50),FinTech,Maria Santos,Lead,,,,,,,0,FALSE
L-0741,1/12/2026,Organic Search,Enterprise (200+),EdTech,James Chen,Demo Completed,1/14/2026,1/24/2026,10,1/26/2026,,,0,FALSE
L-0742,6/5/2025,Organic Search,Startup (1-10),EdTech,Maria Santos,MQL,6/8/2025,,,,,,0,FALSE
L-0743,8/14/2025,Cold Outreach,Startup (1-10),Marketing,Tom Wilson,Lead,,,,,,,0,FALSE
L-0744,1/10/2026,Organic Search,Startup (1-10),HR Tech,James Chen,Lead,,,,,,,0,FALSE
L-0745,6/16/2025,Referral,Mid-Market (51-200),FinTech,James Chen,Closed Lost,6/18/2025,6/25/2025,7,6/28/2025,7/1/2025,,0,FALSE
L-0746,6/3/2025,Organic Search,SMB (11-50),HealthTech,James Chen,MQL,6/5/2025,,,,,,0,FALSE
L-0747,3/6/2026,Paid Ads,Startup (1-10),Marketing,Tom Wilson,Lead,,,,,,,0,FALSE
L-0748,5/10/2025,Organic Search,Enterprise (200+),E-commerce,Priya Patel,MQL,5/14/2025,,,,,,0,FALSE
L-0749,10/9/2025,Cold Outreach,Startup (1-10),HealthTech,Priya Patel,Lead,,,,,,,0,FALSE
L-0750,5/12/2025,Cold Outreach,Mid-Market (51-200),E-commerce,Maria Santos,Lead,,,,,,,0,FALSE
L-0751,3/3/2026,LinkedIn,SMB (11-50),Marketing,Tom Wilson,MQL,3/4/2026,,,,,,0,FALSE
L-0752,4/25/2025,Cold Outreach,SMB (11-50),E-commerce,James Chen,Lead,,,,,,,0,FALSE
L-0753,2/3/2026,Paid Ads,Mid-Market (51-200),HealthTech,Tom Wilson,Demo Booked,2/7/2026,2/9/2026,2,,,,0,FALSE
L-0754,6/1/2025,Paid Ads,Mid-Market (51-200),Marketing,James Chen,MQL,6/5/2025,,,,,,0,FALSE
L-0755,3/7/2026,Cold Outreach,Enterprise (200+),E-commerce,Alex Thompson,MQL,3/10/2026,,,,,,0,FALSE
L-0756,1/14/2026,Organic Search,Enterprise (200+),HR Tech,Alex Thompson,MQL,1/15/2026,,,,,,0,FALSE
L-0757,5/18/2025,LinkedIn,SMB (11-50),Logistics,Priya Patel,MQL,5/21/2025,,,,,,0,FALSE
L-0758,12/26/2025,Referral,Mid-Market (51-200),E-commerce,Priya Patel,Closed Lost,12/31/2025,1/4/2026,4,1/6/2026,1/8/2026,,0,FALSE
L-0759,1/17/2026,Paid Ads,Startup (1-10),Logistics,Alex Thompson,MQL,1/18/2026,,,,,,0,FALSE
L-0760,11/24/2025,Organic Search,SMB (11-50),Logistics,Maria Santos,MQL,11/29/2025,,,,,,0,FALSE
L-0761,3/5/2026,Organic Search,SMB (11-50),FinTech,Maria Santos,MQL,3/7/2026,,,,,,0,FALSE
L-0762,1/26/2026,Paid Ads,SMB (11-50),Marketing,Alex Thompson,Lead,,,,,,,0,FALSE
L-0763,7/5/2025,LinkedIn,SMB (11-50),Marketing,Alex Thompson,MQL,7/6/2025,,,,,,0,FALSE
L-0764,12/30/2025,Referral,Mid-Market (51-200),HealthTech,Priya Patel,Closed Lost,1/3/2026,1/5/2026,2,1/8/2026,1/15/2026,,0,FALSE
L-0765,5/15/2025,Organic Search,Mid-Market (51-200),Logistics,Alex Thompson,Demo Completed,5/16/2025,5/24/2025,8,5/25/2025,,,0,FALSE
L-0766,9/2/2025,Organic Search,Mid-Market (51-200),SaaS,Maria Santos,Lead,,,,,,,0,FALSE
L-0767,6/18/2025,Paid Ads,SMB (11-50),HealthTech,James Chen,Lead,,,,,,,0,FALSE
L-0768,1/25/2026,Organic Search,SMB (11-50),FinTech,Priya Patel,MQL,1/28/2026,,,,,,0,FALSE
L-0769,2/17/2026,LinkedIn,Startup (1-10),FinTech,Maria Santos,Lead,,,,,,,0,FALSE
L-0770,1/31/2026,Organic Search,SMB (11-50),HR Tech,Tom Wilson,Lead,,,,,,,0,FALSE
L-0771,12/19/2025,Cold Outreach,Startup (1-10),Logistics,Priya Patel,Lead,,,,,,,0,FALSE
L-0772,5/2/2025,Referral,Mid-Market (51-200),HR Tech,James Chen,Closed Lost,5/6/2025,5/15/2025,9,5/18/2025,5/23/2025,,0,FALSE
L-0773,8/26/2025,Paid Ads,Mid-Market (51-200),FinTech,James Chen,Lead,,,,,,,0,FALSE
L-0774,3/17/2026,Organic Search,SMB (11-50),SaaS,Tom Wilson,MQL,3/22/2026,,,,,,0,FALSE
L-0775,10/31/2025,LinkedIn,SMB (11-50),Marketing,Priya Patel,Lead,,,,,,,0,FALSE
L-0776,2/13/2026,Referral,Mid-Market (51-200),HR Tech,James Chen,Closed Won,2/14/2026,2/16/2026,2,2/16/2026,2/20/2026,3/5/2026,34704.92,FALSE
L-0777,12/14/2025,Organic Search,Startup (1-10),E-commerce,James Chen,Closed Lost,12/15/2025,12/16/2025,1,12/19/2025,12/22/2025,,0,FALSE
L-0778,3/20/2026,LinkedIn,Mid-Market (51-200),Marketing,James Chen,Lead,,,,,,,0,FALSE
L-0779,11/21/2025,Referral,Startup (1-10),FinTech,Priya Patel,MQL,11/22/2025,,,,,,0,FALSE
L-0780,4/22/2025,LinkedIn,SMB (11-50),HealthTech,Tom Wilson,MQL,4/24/2025,,,,,,0,FALSE
L-0781,3/29/2026,LinkedIn,Enterprise (200+),E-commerce,Alex Thompson,MQL,4/3/2026,,,,,,0,FALSE
L-0782,6/10/2025,LinkedIn,Startup (1-10),EdTech,Alex Thompson,Demo Booked,6/12/2025,6/16/2025,4,,,,0,FALSE
L-0783,10/8/2025,Paid Ads,SMB (11-50),HealthTech,Alex Thompson,Lead,,,,,,,0,FALSE
L-0784,12/28/2025,Organic Search,Mid-Market (51-200),SaaS,James Chen,Demo Booked,12/30/2025,1/10/2026,11,,,,0,FALSE
L-0785,11/13/2025,Cold Outreach,SMB (11-50),EdTech,Maria Santos,MQL,11/14/2025,,,,,,0,FALSE
L-0786,10/23/2025,Organic Search,Startup (1-10),EdTech,Alex Thompson,Lead,,,,,,,0,FALSE
L-0787,1/20/2026,Paid Ads,Startup (1-10),FinTech,James Chen,MQL,1/25/2026,,,,,,0,FALSE
L-0788,9/24/2025,Organic Search,Enterprise (200+),Marketing,Alex Thompson,MQL,9/27/2025,,,,,,0,FALSE
L-0789,2/24/2026,Referral,Startup (1-10),Logistics,Priya Patel,Demo Completed,3/1/2026,3/11/2026,10,3/14/2026,,,0,FALSE
L-0790,6/4/2025,Cold Outreach,Startup (1-10),EdTech,Priya Patel,Lead,,,,,,,0,FALSE
L-0791,9/22/2025,Organic Search,Startup (1-10),Marketing,Tom Wilson,Lead,,,,,,,0,FALSE
L-0792,9/3/2025,Paid Ads,Startup (1-10),Marketing,James Chen,Lead,,,,,,,0,FALSE
L-0793,8/11/2025,Cold Outreach,Startup (1-10),FinTech,Alex Thompson,Lead,,,,,,,0,FALSE
L-0794,8/31/2025,Organic Search,Startup (1-10),HealthTech,Priya Patel,Demo Booked,9/1/2025,9/3/2025,2,,,,0,FALSE
L-0795,9/1/2025,Referral,SMB (11-50),SaaS,Alex Thompson,Demo Completed,9/6/2025,9/19/2025,13,9/20/2025,,,0,FALSE
L-0796,5/12/2025,Organic Search,Startup (1-10),Logistics,Priya Patel,MQL,5/16/2025,,,,,,0,FALSE
L-0797,10/24/2025,Organic Search,SMB (11-50),EdTech,Tom Wilson,MQL,10/29/2025,,,,,,0,FALSE
L-0798,3/19/2026,LinkedIn,SMB (11-50),Logistics,Priya Patel,Lead,,,,,,,0,FALSE
L-0799,12/15/2025,Organic Search,Enterprise (200+),E-commerce,James Chen,Demo Completed,12/19/2025,12/20/2025,1,12/21/2025,,,0,FALSE
L-0800,6/1/2025,Organic Search,Enterprise (200+),Logistics,Maria Santos,Demo Booked,6/4/2025,6/6/2025,2,,,,0,FALSE
L-0801,1/27/2026,Paid Ads,SMB (11-50),E-commerce,James Chen,MQL,1/30/2026,,,,,,0,FALSE
L-0802,6/2/2025,Paid Ads,Mid-Market (51-200),HR Tech,Maria Santos,MQL,6/3/2025,,,,,,0,FALSE
L-0803,10/11/2025,Organic Search,SMB (11-50),HR Tech,Alex Thompson,Demo Booked,10/16/2025,10/29/2025,13,,,,0,FALSE
L-0804,2/14/2026,Referral,Startup (1-10),EdTech,Maria Santos,Demo Booked,2/18/2026,2/22/2026,4,,,,0,FALSE
L-0805,3/29/2026,Cold Outreach,Mid-Market (51-200),HealthTech,James Chen,MQL,4/1/2026,,,,,,0,FALSE
L-0806,1/3/2026,Paid Ads,SMB (11-50),SaaS,Tom Wilson,Lead,,,,,,,0,FALSE
L-0807,12/14/2025,Paid Ads,SMB (11-50),SaaS,Priya Patel,Lead,,,,,,,0,FALSE
L-0808,8/19/2025,Paid Ads,Enterprise (200+),E-commerce,Maria Santos,Lead,,,,,,,0,FALSE
L-0809,12/30/2025,Paid Ads,Mid-Market (51-200),HR Tech,Maria Santos,MQL,1/3/2026,,,,,,0,FALSE
L-0810,7/2/2025,Organic Search,Enterprise (200+),EdTech,Priya Patel,Closed Won,7/7/2025,7/10/2025,3,7/11/2025,7/13/2025,7/22/2025,59104.37,FALSE
L-0811,4/14/2025,Referral,Startup (1-10),EdTech,James Chen,Demo Completed,4/17/2025,4/20/2025,3,4/23/2025,,,0,FALSE
L-0812,1/26/2026,Cold Outreach,Startup (1-10),SaaS,Tom Wilson,MQL,1/31/2026,,,,,,0,FALSE
L-0813,11/24/2025,Organic Search,Startup (1-10),FinTech,Alex Thompson,Demo Completed,11/25/2025,12/3/2025,8,12/3/2025,,,0,FALSE
L-0814,10/26/2025,Organic Search,Mid-Market (51-200),Marketing,Tom Wilson,Demo Completed,10/31/2025,11/2/2025,2,11/3/2025,,,0,FALSE
L-0815,4/1/2025,Organic Search,Enterprise (200+),HR Tech,Maria Santos,Lead,,,,,,,0,FALSE
L-0816,5/1/2025,Cold Outreach,Mid-Market (51-200),E-commerce,Maria Santos,Lead,,,,,,,0,FALSE
L-0817,2/18/2026,Organic Search,SMB (11-50),Logistics,Alex Thompson,Demo Completed,2/23/2026,2/25/2026,2,2/28/2026,,,0,FALSE
L-0818,7/17/2025,LinkedIn,Mid-Market (51-200),Marketing,Priya Patel,Lead,,,,,,,0,FALSE
L-0819,3/29/2026,Cold Outreach,SMB (11-50),EdTech,Alex Thompson,Lead,,,,,,,0,FALSE
L-0820,11/22/2025,Paid Ads,Enterprise (200+),EdTech,James Chen,Lead,,,,,,,0,FALSE
L-0821,2/6/2026,Paid Ads,Enterprise (200+),E-commerce,Maria Santos,MQL,2/7/2026,,,,,,0,FALSE
L-0822,1/1/2026,Organic Search,Enterprise (200+),HR Tech,Priya Patel,Demo Booked,1/2/2026,1/6/2026,4,,,,0,FALSE
L-0823,6/3/2025,LinkedIn,SMB (11-50),E-commerce,Maria Santos,Closed Lost,6/5/2025,6/10/2025,5,6/12/2025,6/19/2025,,0,FALSE
L-0824,10/3/2025,Paid Ads,Mid-Market (51-200),SaaS,Priya Patel,MQL,10/7/2025,,,,,,0,FALSE
L-0825,5/27/2025,LinkedIn,Startup (1-10),SaaS,Priya Patel,Lead,,,,,,,0,FALSE
L-0826,3/11/2026,Organic Search,SMB (11-50),SaaS,Tom Wilson,Lead,,,,,,,0,FALSE
L-0827,6/5/2025,Organic Search,Startup (1-10),E-commerce,Maria Santos,MQL,6/10/2025,,,,,,0,FALSE
L-0828,3/14/2026,Cold Outreach,Mid-Market (51-200),Marketing,James Chen,MQL,3/19/2026,,,,,,0,FALSE
L-0829,2/23/2026,Referral,Enterprise (200+),FinTech,Priya Patel,MQL,2/24/2026,,,,,,0,FALSE
L-0830,6/2/2025,Paid Ads,Mid-Market (51-200),Logistics,Alex Thompson,Lead,,,,,,,0,FALSE
L-0831,4/25/2025,Organic Search,SMB (11-50),FinTech,James Chen,Demo Completed,4/29/2025,5/2/2025,3,5/2/2025,,,0,FALSE
L-0832,7/10/2025,Paid Ads,Mid-Market (51-200),HealthTech,James Chen,Demo Booked,7/13/2025,7/14/2025,1,,,,0,FALSE
L-0833,8/5/2025,Organic Search,Mid-Market (51-200),EdTech,Alex Thompson,MQL,8/7/2025,,,,,,0,FALSE
L-0834,2/2/2026,LinkedIn,Mid-Market (51-200),SaaS,Maria Santos,Lead,,,,,,,0,FALSE
L-0835,5/2/2025,LinkedIn,Mid-Market (51-200),HealthTech,Maria Santos,Lead,,,,,,,0,FALSE
L-0836,5/2/2025,Organic Search,Enterprise (200+),HealthTech,James Chen,Lead,,,,,,,0,FALSE
L-0837,5/23/2025,Organic Search,SMB (11-50),Logistics,Maria Santos,Lead,,,,,,,0,FALSE
L-0838,5/20/2025,Organic Search,Startup (1-10),Logistics,Priya Patel,Demo Booked,5/24/2025,5/25/2025,1,,,,0,FALSE
L-0839,11/19/2025,LinkedIn,SMB (11-50),EdTech,Maria Santos,Demo Completed,11/24/2025,11/25/2025,1,11/26/2025,,,0,FALSE
L-0840,12/3/2025,Paid Ads,SMB (11-50),EdTech,Priya Patel,Lead,,,,,,,0,FALSE
L-0841,6/5/2025,Organic Search,Startup (1-10),FinTech,Maria Santos,Closed Lost,6/9/2025,6/12/2025,3,6/13/2025,6/16/2025,,0,FALSE
L-0842,7/31/2025,Paid Ads,Enterprise (200+),E-commerce,Maria Santos,MQL,8/5/2025,,,,,,0,FALSE
L-0843,5/6/2025,Organic Search,Startup (1-10),SaaS,James Chen,MQL,5/10/2025,,,,,,0,FALSE
L-0844,1/15/2026,Cold Outreach,SMB (11-50),EdTech,Tom Wilson,Lead,,,,,,,0,FALSE
L-0845,11/19/2025,Referral,SMB (11-50),E-commerce,Maria Santos,Closed Lost,11/20/2025,11/28/2025,8,11/29/2025,12/5/2025,,0,FALSE
L-0846,10/22/2025,LinkedIn,Mid-Market (51-200),Logistics,James Chen,Closed Lost,10/23/2025,10/24/2025,1,10/26/2025,11/1/2025,,0,FALSE
L-0847,7/11/2025,LinkedIn,Startup (1-10),FinTech,James Chen,MQL,7/13/2025,,,,,,0,FALSE
L-0848,7/10/2025,LinkedIn,SMB (11-50),SaaS,James Chen,MQL,7/13/2025,,,,,,0,FALSE
L-0849,9/21/2025,Paid Ads,Mid-Market (51-200),Logistics,Maria Santos,Lead,,,,,,,0,FALSE
L-0850,12/26/2025,Paid Ads,Startup (1-10),EdTech,James Chen,Lead,,,,,,,0,FALSE
L-0851,6/13/2025,Cold Outreach,Enterprise (200+),HealthTech,Maria Santos,Lead,,,,,,,0,FALSE
L-0852,9/10/2025,Paid Ads,Startup (1-10),Logistics,Alex Thompson,Lead,,,,,,,0,FALSE
L-0853,1/26/2026,Cold Outreach,Startup (1-10),FinTech,Tom Wilson,Demo Booked,1/31/2026,2/2/2026,2,,,,0,FALSE
L-0854,5/12/2025,Paid Ads,Startup (1-10),HR Tech,James Chen,Lead,,,,,,,0,FALSE
L-0855,10/16/2025,LinkedIn,SMB (11-50),E-commerce,Tom Wilson,Lead,,,,,,,0,FALSE
L-0856,11/24/2025,Referral,SMB (11-50),HR Tech,Tom Wilson,Closed Lost,11/27/2025,12/1/2025,4,12/1/2025,12/3/2025,,0,FALSE
L-0857,1/18/2026,Paid Ads,Startup (1-10),Logistics,Priya Patel,Demo Completed,1/21/2026,1/28/2026,7,1/30/2026,,,0,FALSE
L-0858,11/17/2025,Paid Ads,SMB (11-50),EdTech,Priya Patel,Closed Won,11/21/2025,11/25/2025,4,11/28/2025,12/4/2025,12/13/2025,9534.21,FALSE
L-0859,5/21/2025,Organic Search,Startup (1-10),Marketing,James Chen,Demo Completed,5/24/2025,5/26/2025,2,5/28/2025,,,0,FALSE
L-0860,6/10/2025,LinkedIn,Mid-Market (51-200),SaaS,Tom Wilson,Lead,,,,,,,0,FALSE
L-0861,9/1/2025,LinkedIn,Mid-Market (51-200),Marketing,Maria Santos,MQL,9/4/2025,,,,,,0,FALSE
L-0862,3/1/2026,Organic Search,SMB (11-50),FinTech,Priya Patel,MQL,3/3/2026,,,,,,0,FALSE
L-0863,7/29/2025,Paid Ads,Mid-Market (51-200),SaaS,Priya Patel,MQL,8/3/2025,,,,,,0,FALSE
L-0864,7/6/2025,LinkedIn,SMB (11-50),HealthTech,Alex Thompson,Closed Won,7/10/2025,7/14/2025,4,7/15/2025,7/21/2025,8/18/2025,16011.59,FALSE
L-0865,9/1/2025,Organic Search,Mid-Market (51-200),Logistics,Tom Wilson,MQL,9/2/2025,,,,,,0,FALSE
L-0866,2/17/2026,Paid Ads,Startup (1-10),EdTech,Tom Wilson,Lead,,,,,,,0,FALSE
L-0867,7/14/2025,Cold Outreach,SMB (11-50),Logistics,Priya Patel,Lead,,,,,,,0,FALSE
L-0868,9/16/2025,Paid Ads,SMB (11-50),HR Tech,Maria Santos,Lead,,,,,,,0,FALSE
L-0869,5/24/2025,Organic Search,Enterprise (200+),HealthTech,James Chen,Lead,,,,,,,0,FALSE
L-0870,7/5/2025,Paid Ads,Mid-Market (51-200),HR Tech,Maria Santos,Demo Completed,7/9/2025,7/18/2025,9,7/18/2025,,,0,FALSE
L-0871,6/20/2025,Paid Ads,SMB (11-50),Logistics,Priya Patel,Lead,,,,,,,0,FALSE
L-0872,7/15/2025,Paid Ads,SMB (11-50),HealthTech,Priya Patel,Demo Booked,7/17/2025,7/24/2025,7,,,,0,FALSE
L-0873,7/13/2025,Organic Search,SMB (11-50),HR Tech,Alex Thompson,Demo Completed,7/15/2025,7/29/2025,14,8/1/2025,,,0,FALSE
L-0874,9/25/2025,Organic Search,Mid-Market (51-200),Marketing,Priya Patel,Lead,,,,,,,0,FALSE
L-0875,8/6/2025,LinkedIn,Startup (1-10),E-commerce,Priya Patel,MQL,8/11/2025,,,,,,0,FALSE
L-0876,5/19/2025,Organic Search,Enterprise (200+),E-commerce,Tom Wilson,Demo Completed,5/20/2025,5/29/2025,9,5/29/2025,,,0,FALSE
L-0877,1/9/2026,LinkedIn,Startup (1-10),HR Tech,Priya Patel,Closed Lost,1/12/2026,1/25/2026,13,1/28/2026,1/30/2026,,0,FALSE
L-0878,9/23/2025,Organic Search,Startup (1-10),HR Tech,Priya Patel,Lead,,,,,,,0,FALSE
L-0879,5/29/2025,LinkedIn,SMB (11-50),FinTech,Alex Thompson,Lead,,,,,,,0,FALSE
L-0880,11/23/2025,Paid Ads,Mid-Market (51-200),HR Tech,Priya Patel,MQL,11/28/2025,,,,,,0,FALSE
L-0881,6/22/2025,LinkedIn,SMB (11-50),HR Tech,Alex Thompson,MQL,6/23/2025,,,,,,0,FALSE
L-0882,5/10/2025,Paid Ads,Startup (1-10),Logistics,James Chen,Lead,,,,,,,0,FALSE
L-0883,7/1/2025,Paid Ads,Startup (1-10),HR Tech,Alex Thompson,MQL,7/2/2025,,,,,,0,FALSE
L-0884,2/23/2026,Organic Search,SMB (11-50),FinTech,Tom Wilson,Lead,,,,,,,0,FALSE
L-0885,4/27/2025,Referral,Startup (1-10),Marketing,Priya Patel,MQL,4/28/2025,,,,,,0,FALSE
L-0886,7/12/2025,LinkedIn,Enterprise (200+),EdTech,James Chen,Closed Lost,7/16/2025,7/26/2025,10,7/26/2025,7/27/2025,,0,FALSE
L-0887,10/30/2025,LinkedIn,Startup (1-10),E-commerce,Maria Santos,Closed Won,11/2/2025,11/4/2025,2,11/7/2025,11/9/2025,11/26/2025,3025.04,FALSE
L-0888,5/4/2025,Paid Ads,SMB (11-50),HR Tech,James Chen,Lead,,,,,,,0,FALSE
L-0889,7/21/2025,Paid Ads,Mid-Market (51-200),FinTech,Maria Santos,MQL,7/26/2025,,,,,,0,FALSE
L-0890,5/19/2025,Cold Outreach,Mid-Market (51-200),E-commerce,Alex Thompson,Lead,,,,,,,0,FALSE
L-0891,6/29/2025,Cold Outreach,Mid-Market (51-200),E-commerce,Alex Thompson,Lead,,,,,,,0,FALSE
L-0892,9/19/2025,Cold Outreach,SMB (11-50),HR Tech,Maria Santos,MQL,9/24/2025,,,,,,0,FALSE
L-0893,4/11/2025,Organic Search,Mid-Market (51-200),FinTech,James Chen,Demo Completed,4/12/2025,4/20/2025,8,4/22/2025,,,0,FALSE
L-0894,2/1/2026,Paid Ads,SMB (11-50),FinTech,James Chen,Lead,,,,,,,0,FALSE
L-0895,9/10/2025,Organic Search,Mid-Market (51-200),E-commerce,Alex Thompson,Demo Completed,9/11/2025,9/20/2025,9,9/22/2025,,,0,FALSE
L-0896,2/6/2026,Paid Ads,Startup (1-10),SaaS,James Chen,Lead,,,,,,,0,FALSE
L-0897,12/8/2025,Organic Search,Startup (1-10),FinTech,Maria Santos,Closed Lost,12/10/2025,12/12/2025,2,12/13/2025,12/14/2025,,0,FALSE
L-0898,11/4/2025,Organic Search,Startup (1-10),SaaS,James Chen,Demo Booked,11/6/2025,11/10/2025,4,,,,0,FALSE
L-0899,6/25/2025,Paid Ads,Enterprise (200+),Logistics,Priya Patel,MQL,6/29/2025,,,,,,0,FALSE
L-0900,10/13/2025,LinkedIn,Mid-Market (51-200),HR Tech,Maria Santos,MQL,10/14/2025,,,,,,0,FALSE
L-0901,6/29/2025,Cold Outreach,SMB (11-50),E-commerce,Tom Wilson,Closed Lost,7/3/2025,7/6/2025,3,7/8/2025,7/12/2025,,0,FALSE
L-0902,10/25/2025,Cold Outreach,Startup (1-10),EdTech,Priya Patel,Lead,,,,,,,0,FALSE
L-0903,12/7/2025,Cold Outreach,Enterprise (200+),EdTech,Priya Patel,Demo Booked,12/12/2025,12/13/2025,1,,,,0,FALSE
L-0904,12/17/2025,Paid Ads,SMB (11-50),Marketing,Alex Thompson,Lead,,,,,,,0,FALSE
L-0905,11/4/2025,Referral,SMB (11-50),FinTech,Priya Patel,Closed Won,11/6/2025,11/11/2025,5,11/13/2025,11/19/2025,12/3/2025,13225.79,FALSE
L-0906,10/21/2025,LinkedIn,Startup (1-10),HealthTech,Priya Patel,Demo Completed,10/22/2025,10/24/2025,2,10/26/2025,,,0,FALSE
L-0907,5/16/2025,Organic Search,Enterprise (200+),Marketing,Priya Patel,MQL,5/21/2025,,,,,,0,FALSE
L-0908,3/24/2026,Paid Ads,Startup (1-10),SaaS,Priya Patel,MQL,3/26/2026,,,,,,0,FALSE
L-0909,10/31/2025,Paid Ads,Startup (1-10),Logistics,Tom Wilson,Demo Completed,11/4/2025,11/11/2025,7,11/12/2025,,,0,FALSE
L-0910,7/12/2025,Paid Ads,SMB (11-50),SaaS,James Chen,MQL,7/14/2025,,,,,,0,FALSE
L-0911,2/15/2026,Paid Ads,Enterprise (200+),Logistics,Priya Patel,Lead,,,,,,,0,FALSE
L-0912,5/14/2025,Paid Ads,Mid-Market (51-200),HealthTech,Alex Thompson,Closed Lost,5/17/2025,5/18/2025,1,5/18/2025,5/21/2025,,0,FALSE
L-0913,7/18/2025,Paid Ads,SMB (11-50),FinTech,Maria Santos,Closed Lost,7/19/2025,7/22/2025,3,7/25/2025,7/31/2025,,0,FALSE
L-0914,10/11/2025,Cold Outreach,Mid-Market (51-200),EdTech,Priya Patel,Lead,,,,,,,0,FALSE
L-0915,11/20/2025,Cold Outreach,Mid-Market (51-200),HealthTech,Maria Santos,Lead,,,,,,,0,FALSE
L-0916,2/3/2026,Organic Search,Mid-Market (51-200),E-commerce,Maria Santos,Closed Won,2/8/2026,2/10/2026,2,2/13/2026,2/19/2026,3/18/2026,46726.41,FALSE
L-0917,3/14/2026,Paid Ads,SMB (11-50),FinTech,Alex Thompson,MQL,3/19/2026,,,,,,0,FALSE
L-0918,11/30/2025,LinkedIn,Mid-Market (51-200),EdTech,Priya Patel,Lead,,,,,,,0,FALSE
L-0919,2/5/2026,LinkedIn,Enterprise (200+),Logistics,Alex Thompson,MQL,2/7/2026,,,,,,0,FALSE
L-0920,12/11/2025,LinkedIn,Mid-Market (51-200),FinTech,James Chen,Lead,,,,,,,0,FALSE
L-0921,11/15/2025,Paid Ads,Mid-Market (51-200),HR Tech,James Chen,Lead,,,,,,,0,FALSE
L-0922,6/27/2025,Organic Search,SMB (11-50),SaaS,James Chen,Lead,,,,,,,0,FALSE
L-0923,6/22/2025,Referral,Startup (1-10),Logistics,Maria Santos,Lead,,,,,,,0,FALSE
L-0924,8/10/2025,Paid Ads,SMB (11-50),Marketing,James Chen,Lead,,,,,,,0,FALSE
L-0925,2/19/2026,Cold Outreach,Mid-Market (51-200),E-commerce,Tom Wilson,Lead,,,,,,,0,FALSE
L-0926,2/2/2026,Paid Ads,Mid-Market (51-200),SaaS,Tom Wilson,Demo Completed,2/5/2026,2/18/2026,13,2/19/2026,,,0,FALSE
L-0927,1/29/2026,Paid Ads,Startup (1-10),HealthTech,Alex Thompson,Lead,,,,,,,0,FALSE
L-0928,9/8/2025,LinkedIn,Startup (1-10),EdTech,James Chen,Lead,,,,,,,0,FALSE
L-0929,12/31/2025,Organic Search,Startup (1-10),FinTech,Tom Wilson,MQL,1/4/2026,,,,,,0,FALSE
L-0930,3/6/2026,Paid Ads,SMB (11-50),E-commerce,Tom Wilson,Lead,,,,,,,0,FALSE
L-0931,6/14/2025,Paid Ads,SMB (11-50),HR Tech,Alex Thompson,Lead,,,,,,,0,FALSE
L-0932,2/2/2026,Paid Ads,Startup (1-10),HR Tech,James Chen,MQL,2/3/2026,,,,,,0,FALSE
L-0933,3/28/2026,Paid Ads,Enterprise (200+),HealthTech,Alex Thompson,Lead,,,,,,,0,FALSE
L-0934,5/1/2025,Referral,Startup (1-10),Marketing,Priya Patel,Lead,,,,,,,0,FALSE
L-0935,3/25/2026,Paid Ads,Mid-Market (51-200),SaaS,James Chen,Lead,,,,,,,0,FALSE
L-0936,9/1/2025,Cold Outreach,Mid-Market (51-200),HR Tech,Priya Patel,Lead,,,,,,,0,FALSE
L-0937,10/18/2025,Referral,Mid-Market (51-200),FinTech,Tom Wilson,MQL,10/22/2025,,,,,,0,FALSE
L-0938,3/23/2026,LinkedIn,SMB (11-50),Marketing,Alex Thompson,Lead,,,,,,,0,FALSE
L-0939,9/13/2025,LinkedIn,SMB (11-50),HealthTech,James Chen,Lead,,,,,,,0,FALSE
L-0940,3/2/2026,Organic Search,Mid-Market (51-200),Marketing,Priya Patel,Demo Completed,3/4/2026,3/13/2026,9,3/14/2026,,,0,FALSE
L-0941,10/10/2025,Paid Ads,Mid-Market (51-200),HealthTech,James Chen,Lead,,,,,,,0,FALSE
L-0942,9/30/2025,Organic Search,Mid-Market (51-200),FinTech,Maria Santos,Lead,,,,,,,0,FALSE
L-0943,11/9/2025,Paid Ads,Startup (1-10),EdTech,Tom Wilson,Lead,,,,,,,0,FALSE
L-0944,8/2/2025,Referral,SMB (11-50),FinTech,Maria Santos,Demo Booked,8/5/2025,8/16/2025,11,,,,0,FALSE
L-0945,8/19/2025,Referral,Startup (1-10),HR Tech,Priya Patel,Closed Lost,8/23/2025,8/24/2025,1,8/25/2025,8/30/2025,,0,FALSE
L-0946,7/2/2025,Organic Search,Mid-Market (51-200),HealthTech,Tom Wilson,Closed Won,7/6/2025,7/8/2025,2,7/9/2025,7/15/2025,8/8/2025,42523.89,FALSE
L-0947,3/4/2026,Organic Search,Startup (1-10),HealthTech,James Chen,Lead,,,,,,,0,FALSE
L-0948,1/10/2026,Paid Ads,SMB (11-50),E-commerce,Maria Santos,Demo Completed,1/13/2026,1/15/2026,2,1/17/2026,,,0,FALSE
L-0949,1/4/2026,Paid Ads,Enterprise (200+),Marketing,Alex Thompson,Closed Lost,1/5/2026,1/18/2026,13,1/21/2026,1/25/2026,,0,FALSE
L-0950,1/1/2026,Organic Search,Enterprise (200+),EdTech,Tom Wilson,MQL,1/2/2026,,,,,,0,FALSE
L-0951,7/20/2025,Paid Ads,Startup (1-10),E-commerce,Alex Thompson,Lead,,,,,,,0,FALSE
L-0952,6/5/2025,Referral,Startup (1-10),EdTech,Alex Thompson,Demo Booked,6/9/2025,6/12/2025,3,,,,0,FALSE
L-0953,3/22/2026,Organic Search,Startup (1-10),Marketing,Priya Patel,Demo Completed,3/24/2026,4/1/2026,8,4/2/2026,,,0,FALSE
L-0954,4/14/2025,Paid Ads,Enterprise (200+),Logistics,Priya Patel,Lead,,,,,,,0,FALSE
L-0955,10/26/2025,Paid Ads,Startup (1-10),HealthTech,Tom Wilson,Demo Booked,10/27/2025,10/30/2025,3,,,,0,FALSE
L-0956,5/24/2025,Paid Ads,Startup (1-10),SaaS,Priya Patel,Lead,,,,,,,0,FALSE
L-0957,12/7/2025,Paid Ads,SMB (11-50),Marketing,Tom Wilson,MQL,12/10/2025,,,,,,0,FALSE
L-0958,6/27/2025,LinkedIn,SMB (11-50),HealthTech,Maria Santos,Closed Lost,7/1/2025,7/5/2025,4,7/6/2025,7/8/2025,,0,FALSE
L-0959,3/14/2026,LinkedIn,Startup (1-10),EdTech,James Chen,Lead,,,,,,,0,FALSE
L-0960,12/14/2025,LinkedIn,Startup (1-10),EdTech,Priya Patel,Demo Completed,12/18/2025,12/27/2025,9,12/29/2025,,,0,FALSE
L-0961,8/1/2025,Paid Ads,Startup (1-10),HealthTech,Maria Santos,Lead,,,,,,,0,FALSE
L-0962,12/9/2025,Paid Ads,Startup (1-10),Marketing,Tom Wilson,Lead,,,,,,,0,FALSE
L-0963,12/11/2025,Paid Ads,Enterprise (200+),E-commerce,Priya Patel,MQL,12/16/2025,,,,,,0,FALSE
L-0964,3/26/2026,Organic Search,SMB (11-50),FinTech,Priya Patel,Closed Lost,3/29/2026,3/30/2026,1,3/31/2026,4/3/2026,,0,FALSE
L-0965,10/12/2025,Organic Search,Enterprise (200+),Logistics,Priya Patel,Demo Booked,10/13/2025,10/26/2025,13,,,,0,FALSE
L-0966,4/2/2025,Paid Ads,SMB (11-50),Marketing,James Chen,Lead,,,,,,,0,FALSE
L-0967,4/19/2025,Organic Search,Startup (1-10),Marketing,Tom Wilson,Lead,,,,,,,0,FALSE
L-0968,4/4/2025,Cold Outreach,Mid-Market (51-200),FinTech,Alex Thompson,Lead,,,,,,,0,FALSE
L-0969,7/5/2025,Paid Ads,SMB (11-50),FinTech,Alex Thompson,Demo Completed,7/6/2025,7/10/2025,4,7/11/2025,,,0,FALSE
L-0970,11/27/2025,Cold Outreach,Startup (1-10),Marketing,James Chen,Lead,,,,,,,0,FALSE
L-0971,8/16/2025,Paid Ads,SMB (11-50),E-commerce,Tom Wilson,MQL,8/20/2025,,,,,,0,FALSE
L-0972,10/1/2025,Organic Search,Startup (1-10),Logistics,Maria Santos,Lead,,,,,,,0,FALSE
L-0973,6/8/2025,LinkedIn,Startup (1-10),Marketing,Maria Santos,MQL,6/11/2025,,,,,,0,FALSE
L-0974,5/31/2025,Paid Ads,Startup (1-10),HR Tech,Alex Thompson,MQL,6/5/2025,,,,,,0,FALSE
L-0975,10/17/2025,Referral,Startup (1-10),Logistics,Tom Wilson,Closed Lost,10/18/2025,10/20/2025,2,10/21/2025,10/28/2025,,0,FALSE
L-0976,8/27/2025,Cold Outreach,Mid-Market (51-200),Logistics,Priya Patel,MQL,8/28/2025,,,,,,0,FALSE
L-0977,8/22/2025,Paid Ads,Startup (1-10),E-commerce,James Chen,Lead,,,,,,,0,FALSE
L-0978,7/11/2025,LinkedIn,Enterprise (200+),SaaS,Priya Patel,MQL,7/12/2025,,,,,,0,FALSE
L-0979,6/1/2025,Organic Search,Startup (1-10),E-commerce,James Chen,Demo Completed,6/2/2025,6/4/2025,2,6/4/2025,,,0,FALSE
L-0980,9/20/2025,Organic Search,SMB (11-50),SaaS,James Chen,Demo Completed,9/21/2025,9/22/2025,1,9/24/2025,,,0,FALSE
L-0981,4/1/2025,Paid Ads,Enterprise (200+),E-commerce,Maria Santos,Closed Lost,4/4/2025,4/13/2025,9,4/14/2025,4/18/2025,,0,FALSE
L-0982,6/6/2025,Paid Ads,Startup (1-10),FinTech,Tom Wilson,MQL,6/9/2025,,,,,,0,FALSE
L-0983,7/17/2025,Organic Search,SMB (11-50),SaaS,Alex Thompson,MQL,7/18/2025,,,,,,0,FALSE
L-0984,1/26/2026,Paid Ads,Mid-Market (51-200),HealthTech,Maria Santos,Lead,,,,,,,0,FALSE
L-0985,5/21/2025,Cold Outreach,Mid-Market (51-200),SaaS,Priya Patel,MQL,5/26/2025,,,,,,0,FALSE
L-0986,6/18/2025,Paid Ads,SMB (11-50),SaaS,Tom Wilson,MQL,6/20/2025,,,,,,0,FALSE
L-0987,11/16/2025,LinkedIn,Enterprise (200+),EdTech,Alex Thompson,MQL,11/17/2025,,,,,,0,FALSE
L-0988,2/1/2026,Paid Ads,SMB (11-50),FinTech,James Chen,Closed Lost,2/3/2026,2/11/2026,8,2/11/2026,2/18/2026,,0,FALSE
L-0989,7/4/2025,Organic Search,SMB (11-50),Marketing,James Chen,Closed Lost,7/9/2025,7/10/2025,1,7/12/2025,7/14/2025,,0,FALSE
L-0990,12/30/2025,Paid Ads,Startup (1-10),SaaS,Maria Santos,MQL,12/31/2025,,,,,,0,FALSE
L-0991,4/27/2025,Cold Outreach,Startup (1-10),E-commerce,Alex Thompson,Lead,,,,,,,0,FALSE
L-0992,2/27/2026,Paid Ads,Mid-Market (51-200),HealthTech,Maria Santos,MQL,3/4/2026,,,,,,0,FALSE
L-0993,10/27/2025,Paid Ads,Enterprise (200+),Marketing,James Chen,Lead,,,,,,,0,FALSE
L-0994,7/22/2025,Paid Ads,Enterprise (200+),FinTech,Alex Thompson,Lead,,,,,,,0,FALSE
L-0995,3/3/2026,Paid Ads,Startup (1-10),FinTech,Tom Wilson,Lead,,,,,,,0,FALSE
L-0996,3/1/2026,LinkedIn,Mid-Market (51-200),HealthTech,Priya Patel,MQL,3/6/2026,,,,,,0,FALSE
L-0997,1/23/2026,LinkedIn,Startup (1-10),Marketing,James Chen,Lead,,,,,,,0,FALSE
L-0998,11/9/2025,LinkedIn,SMB (11-50),HR Tech,James Chen,Demo Booked,11/13/2025,11/15/2025,2,,,,0,FALSE
L-0999,4/11/2025,Paid Ads,SMB (11-50),E-commerce,Alex Thompson,MQL,4/13/2025,,,,,,0,FALSE
L-1000,11/5/2025,Referral,Startup (1-10),E-commerce,Maria Santos,Closed Lost,11/9/2025,11/14/2025,5,11/14/2025,11/15/2025,,0,FALSE
L-1001,8/16/2025,Referral,Startup (1-10),SaaS,Maria Santos,Closed Lost,8/21/2025,8/22/2025,1,8/22/2025,8/26/2025,,0,FALSE
L-1002,12/2/2025,Cold Outreach,Mid-Market (51-200),Marketing,Alex Thompson,MQL,12/3/2025,,,,,,0,FALSE
L-1003,5/23/2025,Paid Ads,SMB (11-50),FinTech,Maria Santos,MQL,5/24/2025,,,,,,0,FALSE
L-1004,7/26/2025,LinkedIn,Startup (1-10),SaaS,Maria Santos,Demo Completed,7/28/2025,8/5/2025,8,8/5/2025,,,0,FALSE
L-1005,5/10/2025,Cold Outreach,Startup (1-10),Marketing,Alex Thompson,Lead,,,,,,,0,FALSE
L-1006,2/4/2026,Paid Ads,Enterprise (200+),HealthTech,Maria Santos,MQL,2/8/2026,,,,,,0,FALSE
L-1007,2/14/2026,Organic Search,Mid-Market (51-200),E-commerce,Alex Thompson,Lead,,,,,,,0,FALSE
L-1008,8/14/2025,Paid Ads,Startup (1-10),HR Tech,Alex Thompson,Lead,,,,,,,0,FALSE
L-1009,3/2/2026,LinkedIn,Startup (1-10),FinTech,James Chen,Closed Lost,3/4/2026,3/8/2026,4,3/10/2026,3/13/2026,,0,FALSE
L-1010,11/4/2025,Paid Ads,SMB (11-50),EdTech,Priya Patel,MQL,11/8/2025,,,,,,0,FALSE
L-1011,11/1/2025,Referral,Startup (1-10),SaaS,Priya Patel,Demo Completed,11/6/2025,11/8/2025,2,11/9/2025,,,0,FALSE
L-1012,1/11/2026,Paid Ads,Startup (1-10),FinTech,Alex Thompson,MQL,1/13/2026,,,,,,0,FALSE
L-1013,11/22/2025,Paid Ads,SMB (11-50),E-commerce,Alex Thompson,MQL,11/27/2025,,,,,,0,FALSE
L-1014,6/10/2025,Cold Outreach,Startup (1-10),SaaS,Maria Santos,MQL,6/12/2025,,,,,,0,FALSE
L-1015,3/26/2026,Paid Ads,Enterprise (200+),EdTech,Maria Santos,Closed Lost,3/31/2026,4/2/2026,2,4/3/2026,4/8/2026,,0,FALSE
L-1016,12/27/2025,Organic Search,Mid-Market (51-200),HR Tech,James Chen,Closed Lost,12/30/2025,1/11/2026,12,1/13/2026,1/14/2026,,0,FALSE
L-1017,10/20/2025,Paid Ads,Mid-Market (51-200),E-commerce,Maria Santos,Lead,,,,,,,0,FALSE
L-1018,12/13/2025,Referral,Mid-Market (51-200),Marketing,Tom Wilson,Demo Completed,12/15/2025,12/24/2025,9,12/25/2025,,,0,FALSE
L-1019,1/12/2026,Organic Search,Startup (1-10),Logistics,James Chen,MQL,1/13/2026,,,,,,0,FALSE
L-1020,6/24/2025,Organic Search,SMB (11-50),Logistics,Priya Patel,MQL,6/27/2025,,,,,,0,FALSE
L-1021,2/3/2026,Paid Ads,Startup (1-10),HealthTech,Alex Thompson,Lead,,,,,,,0,FALSE
L-1022,5/25/2025,Paid Ads,Startup (1-10),E-commerce,Tom Wilson,Demo Booked,5/30/2025,6/2/2025,3,,,,0,FALSE
L-1023,12/4/2025,Paid Ads,Startup (1-10),FinTech,Tom Wilson,Demo Booked,12/7/2025,12/12/2025,5,,,,0,FALSE
L-1024,9/30/2025,Cold Outreach,SMB (11-50),EdTech,Priya Patel,Lead,,,,,,,0,FALSE
L-1025,5/22/2025,LinkedIn,Startup (1-10),Logistics,Tom Wilson,Demo Booked,5/24/2025,5/28/2025,4,,,,0,FALSE
L-1026,2/15/2026,Paid Ads,Startup (1-10),HR Tech,Maria Santos,MQL,2/17/2026,,,,,,0,FALSE
L-1027,12/21/2025,LinkedIn,Mid-Market (51-200),E-commerce,Tom Wilson,Lead,,,,,,,0,FALSE
L-1028,6/7/2025,Referral,SMB (11-50),EdTech,Priya Patel,Closed Lost,6/10/2025,6/15/2025,5,6/18/2025,6/23/2025,,0,FALSE
L-1029,4/8/2025,Cold Outreach,SMB (11-50),HR Tech,Maria Santos,MQL,4/11/2025,,,,,,0,FALSE
L-1030,5/19/2025,Cold Outreach,Mid-Market (51-200),HealthTech,Priya Patel,Lead,,,,,,,0,FALSE
L-1031,1/21/2026,Paid Ads,Startup (1-10),HealthTech,Alex Thompson,Demo Booked,1/22/2026,1/31/2026,9,,,,0,FALSE
L-1032,1/17/2026,LinkedIn,SMB (11-50),E-commerce,Maria Santos,MQL,1/20/2026,,,,,,0,FALSE
L-1033,10/5/2025,Organic Search,Mid-Market (51-200),E-commerce,Priya Patel,MQL,10/10/2025,,,,,,0,FALSE
L-1034,3/16/2026,Organic Search,Mid-Market (51-200),HR Tech,Alex Thompson,MQL,3/17/2026,,,,,,0,FALSE
L-1035,5/24/2025,Paid Ads,Mid-Market (51-200),FinTech,James Chen,MQL,5/26/2025,,,,,,0,FALSE
L-1036,9/26/2025,LinkedIn,Startup (1-10),HR Tech,Maria Santos,MQL,10/1/2025,,,,,,0,FALSE
L-1037,11/8/2025,Organic Search,Startup (1-10),HealthTech,Priya Patel,Churned,11/11/2025,11/14/2025,3,11/17/2025,11/21/2025,12/2/2025,5814.72,TRUE
L-1038,10/3/2025,Paid Ads,SMB (11-50),Logistics,Maria Santos,Lead,,,,,,,0,FALSE
L-1039,3/17/2026,Cold Outreach,Startup (1-10),SaaS,Maria Santos,Lead,,,,,,,0,FALSE
L-1040,8/19/2025,Paid Ads,Startup (1-10),E-commerce,Maria Santos,MQL,8/22/2025,,,,,,0,FALSE
L-1041,7/4/2025,Organic Search,SMB (11-50),SaaS,Alex Thompson,Lead,,,,,,,0,FALSE
L-1042,6/24/2025,Paid Ads,Enterprise (200+),EdTech,Alex Thompson,MQL,6/28/2025,,,,,,0,FALSE
L-1043,3/21/2026,Organic Search,Mid-Market (51-200),Logistics,Alex Thompson,MQL,3/22/2026,,,,,,0,FALSE
L-1044,3/7/2026,Cold Outreach,Startup (1-10),E-commerce,Alex Thompson,Lead,,,,,,,0,FALSE
L-1045,6/17/2025,Cold Outreach,Mid-Market (51-200),EdTech,Maria Santos,Lead,,,,,,,0,FALSE
L-1046,3/12/2026,Cold Outreach,SMB (11-50),EdTech,Maria Santos,Lead,,,,,,,0,FALSE
L-1047,2/19/2026,Organic Search,Startup (1-10),HR Tech,James Chen,Closed Lost,2/24/2026,2/26/2026,2,2/27/2026,3/1/2026,,0,FALSE
L-1048,10/4/2025,Cold Outreach,Enterprise (200+),FinTech,Alex Thompson,MQL,10/7/2025,,,,,,0,FALSE
L-1049,10/28/2025,LinkedIn,Mid-Market (51-200),HR Tech,Priya Patel,Closed Lost,11/2/2025,11/8/2025,6,11/10/2025,11/15/2025,,0,FALSE
L-1050,3/26/2026,Organic Search,Startup (1-10),Logistics,Alex Thompson,MQL,3/27/2026,,,,,,0,FALSE
L-1051,10/28/2025,LinkedIn,Startup (1-10),FinTech,Tom Wilson,MQL,11/2/2025,,,,,,0,FALSE
L-1052,11/2/2025,Paid Ads,SMB (11-50),FinTech,Alex Thompson,MQL,11/6/2025,,,,,,0,FALSE
L-1053,11/24/2025,Paid Ads,Mid-Market (51-200),HealthTech,Alex Thompson,Closed Lost,11/28/2025,12/1/2025,3,12/3/2025,12/10/2025,,0,FALSE
L-1054,4/8/2025,Referral,Startup (1-10),Logistics,Maria Santos,MQL,4/11/2025,,,,,,0,FALSE
L-1055,6/27/2025,Organic Search,Mid-Market (51-200),EdTech,Alex Thompson,Lead,,,,,,,0,FALSE
L-1056,2/10/2026,Cold Outreach,Startup (1-10),Logistics,James Chen,Lead,,,,,,,0,FALSE
L-1057,2/20/2026,LinkedIn,Mid-Market (51-200),Logistics,James Chen,Closed Lost,2/22/2026,2/25/2026,3,2/26/2026,3/4/2026,,0,FALSE
L-1058,6/21/2025,Organic Search,Mid-Market (51-200),Marketing,Tom Wilson,Lead,,,,,,,0,FALSE
L-1059,2/16/2026,Paid Ads,Startup (1-10),Logistics,Maria Santos,Lead,,,,,,,0,FALSE
L-1060,10/13/2025,Paid Ads,SMB (11-50),HealthTech,Tom Wilson,MQL,10/15/2025,,,,,,0,FALSE
L-1061,3/1/2026,Referral,Mid-Market (51-200),E-commerce,James Chen,Lead,,,,,,,0,FALSE
L-1062,8/12/2025,Paid Ads,SMB (11-50),SaaS,Priya Patel,Lead,,,,,,,0,FALSE
L-1063,5/23/2025,Paid Ads,Enterprise (200+),FinTech,Tom Wilson,Demo Completed,5/28/2025,5/30/2025,2,5/30/2025,,,0,FALSE
L-1064,12/8/2025,Organic Search,Mid-Market (51-200),Logistics,Maria Santos,Demo Completed,12/12/2025,12/20/2025,8,12/22/2025,,,0,FALSE
L-1065,7/1/2025,Organic Search,Startup (1-10),Marketing,Maria Santos,Lead,,,,,,,0,FALSE
L-1066,9/25/2025,Referral,Mid-Market (51-200),HealthTech,Alex Thompson,Closed Lost,9/30/2025,10/1/2025,1,10/1/2025,10/2/2025,,0,FALSE
L-1067,5/29/2025,Organic Search,Mid-Market (51-200),SaaS,Alex Thompson,Lead,,,,,,,0,FALSE
L-1068,8/16/2025,Paid Ads,Startup (1-10),HealthTech,James Chen,MQL,8/18/2025,,,,,,0,FALSE
L-1069,12/10/2025,Paid Ads,SMB (11-50),Marketing,Priya Patel,MQL,12/14/2025,,,,,,0,FALSE
L-1070,5/23/2025,Paid Ads,Startup (1-10),Marketing,Priya Patel,Lead,,,,,,,0,FALSE
L-1071,11/8/2025,LinkedIn,SMB (11-50),SaaS,Priya Patel,Lead,,,,,,,0,FALSE
L-1072,5/26/2025,Organic Search,Mid-Market (51-200),EdTech,Tom Wilson,Demo Booked,5/30/2025,6/9/2025,10,,,,0,FALSE
L-1073,10/27/2025,Organic Search,Enterprise (200+),Marketing,Tom Wilson,Closed Won,11/1/2025,11/2/2025,1,11/3/2025,11/4/2025,11/22/2025,74781.43,FALSE
L-1074,7/19/2025,Paid Ads,SMB (11-50),FinTech,Alex Thompson,MQL,7/22/2025,,,,,,0,FALSE
L-1075,7/21/2025,Organic Search,SMB (11-50),SaaS,Tom Wilson,MQL,7/24/2025,,,,,,0,FALSE
L-1076,2/25/2026,Cold Outreach,Mid-Market (51-200),HealthTech,Tom Wilson,Lead,,,,,,,0,FALSE
L-1077,7/10/2025,LinkedIn,SMB (11-50),EdTech,James Chen,MQL,7/14/2025,,,,,,0,FALSE
L-1078,6/27/2025,Cold Outreach,SMB (11-50),HealthTech,Priya Patel,Lead,,,,,,,0,FALSE
L-1079,4/10/2025,Organic Search,Startup (1-10),FinTech,Alex Thompson,MQL,4/15/2025,,,,,,0,FALSE
L-1080,12/30/2025,Cold Outreach,Startup (1-10),Logistics,Maria Santos,Lead,,,,,,,0,FALSE
L-1081,5/19/2025,Paid Ads,Mid-Market (51-200),HealthTech,Priya Patel,Lead,,,,,,,0,FALSE
L-1082,10/22/2025,Organic Search,SMB (11-50),EdTech,Alex Thompson,Demo Booked,10/25/2025,10/26/2025,1,,,,0,FALSE
L-1083,2/11/2026,Organic Search,Mid-Market (51-200),HealthTech,Alex Thompson,Closed Won,2/13/2026,2/14/2026,1,2/17/2026,2/18/2026,3/8/2026,42484.43,FALSE
L-1084,4/23/2025,Paid Ads,Mid-Market (51-200),FinTech,Alex Thompson,Demo Completed,4/26/2025,5/10/2025,14,5/11/2025,,,0,FALSE
L-1085,1/25/2026,Organic Search,Startup (1-10),EdTech,James Chen,Lead,,,,,,,0,FALSE
L-1086,12/24/2025,Cold Outreach,SMB (11-50),HR Tech,Maria Santos,Lead,,,,,,,0,FALSE
L-1087,12/4/2025,Organic Search,Mid-Market (51-200),Marketing,Alex Thompson,MQL,12/7/2025,,,,,,0,FALSE
L-1088,3/22/2026,LinkedIn,SMB (11-50),SaaS,James Chen,Closed Lost,3/26/2026,3/27/2026,1,3/30/2026,4/1/2026,,0,FALSE
L-1089,3/29/2026,LinkedIn,SMB (11-50),EdTech,Alex Thompson,MQL,3/31/2026,,,,,,0,FALSE
L-1090,11/18/2025,Paid Ads,Startup (1-10),EdTech,Priya Patel,Lead,,,,,,,0,FALSE
L-1091,8/21/2025,Organic Search,Mid-Market (51-200),SaaS,Maria Santos,MQL,8/24/2025,,,,,,0,FALSE
L-1092,5/27/2025,Organic Search,Startup (1-10),HR Tech,Maria Santos,Closed Won,5/31/2025,6/12/2025,12,6/14/2025,6/19/2025,7/9/2025,3163.44,FALSE
L-1093,10/7/2025,Organic Search,SMB (11-50),HR Tech,Alex Thompson,MQL,10/11/2025,,,,,,0,FALSE
L-1094,1/30/2026,Organic Search,Startup (1-10),Logistics,James Chen,Closed Lost,2/4/2026,2/10/2026,6,2/10/2026,2/11/2026,,0,FALSE
L-1095,7/25/2025,Organic Search,Startup (1-10),HealthTech,Alex Thompson,Lead,,,,,,,0,FALSE
L-1096,7/22/2025,Referral,SMB (11-50),Logistics,Maria Santos,Closed Won,7/25/2025,7/27/2025,2,7/29/2025,7/30/2025,8/28/2025,13465.42,FALSE
L-1097,3/15/2026,LinkedIn,Mid-Market (51-200),E-commerce,Alex Thompson,Demo Completed,3/17/2026,3/24/2026,7,3/27/2026,,,0,FALSE
L-1098,3/14/2026,Paid Ads,Startup (1-10),HealthTech,James Chen,Lead,,,,,,,0,FALSE
L-1099,4/1/2025,Paid Ads,SMB (11-50),HR Tech,Tom Wilson,MQL,4/3/2025,,,,,,0,FALSE
L-1100,12/25/2025,Paid Ads,Startup (1-10),Marketing,James Chen,MQL,12/27/2025,,,,,,0,FALSE
L-1101,12/8/2025,Paid Ads,Mid-Market (51-200),EdTech,Priya Patel,Lead,,,,,,,0,FALSE
L-1102,10/4/2025,Cold Outreach,Startup (1-10),HR Tech,Alex Thompson,Lead,,,,,,,0,FALSE
L-1103,3/6/2026,LinkedIn,SMB (11-50),EdTech,Tom Wilson,Lead,,,,,,,0,FALSE
L-1104,3/18/2026,Cold Outreach,SMB (11-50),HealthTech,Alex Thompson,Lead,,,,,,,0,FALSE
L-1105,3/4/2026,Referral,Startup (1-10),Logistics,James Chen,Lead,,,,,,,0,FALSE
L-1106,7/15/2025,Organic Search,Startup (1-10),Logistics,Alex Thompson,Lead,,,,,,,0,FALSE
L-1107,2/15/2026,Paid Ads,Enterprise (200+),HealthTech,Alex Thompson,Lead,,,,,,,0,FALSE
L-1108,3/14/2026,Cold Outreach,SMB (11-50),E-commerce,Alex Thompson,Lead,,,,,,,0,FALSE
L-1109,7/7/2025,Paid Ads,SMB (11-50),Marketing,Alex Thompson,MQL,7/12/2025,,,,,,0,FALSE
L-1110,9/25/2025,LinkedIn,Startup (1-10),HR Tech,Tom Wilson,MQL,9/26/2025,,,,,,0,FALSE
L-1111,8/27/2025,Referral,SMB (11-50),E-commerce,Tom Wilson,Closed Lost,8/29/2025,9/4/2025,6,9/4/2025,9/11/2025,,0,FALSE
L-1112,3/5/2026,Paid Ads,SMB (11-50),Logistics,Alex Thompson,Lead,,,,,,,0,FALSE
L-1113,3/7/2026,Paid Ads,Startup (1-10),Marketing,Tom Wilson,Lead,,,,,,,0,FALSE
L-1114,7/10/2025,Organic Search,Enterprise (200+),Marketing,James Chen,Demo Completed,7/11/2025,7/23/2025,12,7/26/2025,,,0,FALSE
L-1115,1/31/2026,Cold Outreach,Startup (1-10),Marketing,Alex Thompson,Lead,,,,,,,0,FALSE
L-1116,6/11/2025,Organic Search,Mid-Market (51-200),EdTech,Tom Wilson,Lead,,,,,,,0,FALSE
L-1117,9/4/2025,Paid Ads,Startup (1-10),SaaS,Alex Thompson,MQL,9/9/2025,,,,,,0,FALSE
L-1118,6/10/2025,Organic Search,Startup (1-10),Logistics,Maria Santos,Churned,6/13/2025,6/16/2025,3,6/19/2025,6/24/2025,7/14/2025,2718.34,TRUE
L-1119,2/12/2026,Cold Outreach,Mid-Market (51-200),EdTech,James Chen,Lead,,,,,,,0,FALSE
L-1120,10/24/2025,Organic Search,Startup (1-10),Logistics,James Chen,MQL,10/28/2025,,,,,,0,FALSE
L-1121,4/29/2025,LinkedIn,SMB (11-50),FinTech,Maria Santos,Closed Lost,4/30/2025,5/1/2025,1,5/1/2025,5/6/2025,,0,FALSE
L-1122,6/13/2025,LinkedIn,Startup (1-10),SaaS,Tom Wilson,Demo Booked,6/17/2025,6/26/2025,9,,,,0,FALSE
L-1123,5/5/2025,Cold Outreach,Mid-Market (51-200),SaaS,Maria Santos,MQL,5/10/2025,,,,,,0,FALSE
L-1124,4/13/2025,Organic Search,Startup (1-10),HealthTech,Priya Patel,Lead,,,,,,,0,FALSE
L-1125,10/25/2025,Organic Search,Startup (1-10),HealthTech,Alex Thompson,MQL,10/27/2025,,,,,,0,FALSE
L-1126,6/3/2025,LinkedIn,SMB (11-50),HR Tech,Tom Wilson,Demo Completed,6/4/2025,6/6/2025,2,6/7/2025,,,0,FALSE
L-1127,3/8/2026,Paid Ads,Mid-Market (51-200),HR Tech,Alex Thompson,MQL,3/12/2026,,,,,,0,FALSE
L-1128,4/15/2025,Paid Ads,SMB (11-50),Logistics,James Chen,MQL,4/16/2025,,,,,,0,FALSE
L-1129,9/29/2025,Paid Ads,SMB (11-50),HR Tech,Maria Santos,Lead,,,,,,,0,FALSE
L-1130,6/21/2025,Organic Search,Mid-Market (51-200),Marketing,Maria Santos,Closed Won,6/26/2025,6/30/2025,4,7/2/2025,7/7/2025,8/5/2025,43759.92,FALSE
L-1131,2/25/2026,LinkedIn,Mid-Market (51-200),Logistics,Maria Santos,MQL,3/1/2026,,,,,,0,FALSE
L-1132,3/24/2026,Paid Ads,Mid-Market (51-200),Marketing,James Chen,Demo Booked,3/29/2026,4/2/2026,4,,,,0,FALSE
L-1133,3/14/2026,Paid Ads,Startup (1-10),HealthTech,Priya Patel,MQL,3/16/2026,,,,,,0,FALSE
L-1134,6/29/2025,LinkedIn,Mid-Market (51-200),SaaS,Maria Santos,Lead,,,,,,,0,FALSE
L-1135,2/8/2026,Organic Search,Enterprise (200+),HealthTech,Maria Santos,MQL,2/9/2026,,,,,,0,FALSE
L-1136,9/12/2025,Paid Ads,Mid-Market (51-200),FinTech,James Chen,Closed Won,9/16/2025,9/18/2025,2,9/20/2025,9/26/2025,10/19/2025,42260.17,FALSE
L-1137,4/18/2025,Organic Search,Mid-Market (51-200),HealthTech,James Chen,Lead,,,,,,,0,FALSE
L-1138,1/5/2026,Cold Outreach,SMB (11-50),Logistics,Tom Wilson,Lead,,,,,,,0,FALSE
L-1139,7/16/2025,Paid Ads,Mid-Market (51-200),HR Tech,James Chen,Lead,,,,,,,0,FALSE
L-1140,11/11/2025,Organic Search,SMB (11-50),E-commerce,Maria Santos,MQL,11/15/2025,,,,,,0,FALSE
L-1141,5/31/2025,Organic Search,Startup (1-10),Marketing,Maria Santos,MQL,6/1/2025,,,,,,0,FALSE
L-1142,10/17/2025,Paid Ads,Startup (1-10),Marketing,Alex Thompson,Lead,,,,,,,0,FALSE
L-1143,12/30/2025,Paid Ads,Mid-Market (51-200),Marketing,Maria Santos,MQL,1/4/2026,,,,,,0,FALSE
L-1144,3/24/2026,Organic Search,SMB (11-50),FinTech,Tom Wilson,Lead,,,,,,,0,FALSE
L-1145,4/17/2025,Organic Search,Enterprise (200+),Marketing,Maria Santos,Demo Booked,4/20/2025,4/21/2025,1,,,,0,FALSE
L-1146,12/9/2025,Paid Ads,Mid-Market (51-200),FinTech,James Chen,MQL,12/14/2025,,,,,,0,FALSE
L-1147,5/7/2025,LinkedIn,Mid-Market (51-200),FinTech,Alex Thompson,Lead,,,,,,,0,FALSE
L-1148,12/2/2025,Organic Search,SMB (11-50),HealthTech,Tom Wilson,Lead,,,,,,,0,FALSE
L-1149,12/16/2025,Paid Ads,Startup (1-10),FinTech,Priya Patel,Demo Completed,12/19/2025,12/22/2025,3,12/23/2025,,,0,FALSE
L-1150,12/3/2025,LinkedIn,Mid-Market (51-200),FinTech,Tom Wilson,MQL,12/7/2025,,,,,,0,FALSE
L-1151,11/11/2025,Organic Search,SMB (11-50),E-commerce,Maria Santos,MQL,11/16/2025,,,,,,0,FALSE
L-1152,7/31/2025,Organic Search,Startup (1-10),Logistics,Maria Santos,Demo Booked,8/5/2025,8/9/2025,4,,,,0,FALSE
L-1153,4/30/2025,Paid Ads,Mid-Market (51-200),FinTech,Maria Santos,Demo Booked,5/2/2025,5/12/2025,10,,,,0,FALSE
L-1154,3/3/2026,Cold Outreach,Startup (1-10),Logistics,Priya Patel,Demo Booked,3/4/2026,3/16/2026,12,,,,0,FALSE
L-1155,10/5/2025,Cold Outreach,Mid-Market (51-200),HR Tech,Alex Thompson,Lead,,,,,,,0,FALSE
L-1156,3/24/2026,Paid Ads,Mid-Market (51-200),Marketing,Alex Thompson,Demo Completed,3/25/2026,3/29/2026,4,3/30/2026,,,0,FALSE
L-1157,10/8/2025,Organic Search,SMB (11-50),SaaS,Maria Santos,Closed Won,10/10/2025,10/22/2025,12,10/22/2025,10/29/2025,11/13/2025,13058.88,FALSE
L-1158,4/10/2025,Cold Outreach,Startup (1-10),Logistics,Priya Patel,Lead,,,,,,,0,FALSE
L-1159,7/4/2025,Organic Search,Startup (1-10),SaaS,Priya Patel,Lead,,,,,,,0,FALSE
L-1160,9/26/2025,Organic Search,Mid-Market (51-200),FinTech,Tom Wilson,Lead,,,,,,,0,FALSE
L-1161,1/28/2026,Cold Outreach,Mid-Market (51-200),EdTech,Alex Thompson,Demo Booked,1/29/2026,2/9/2026,11,,,,0,FALSE
L-1162,12/30/2025,LinkedIn,Mid-Market (51-200),Logistics,Alex Thompson,MQL,1/4/2026,,,,,,0,FALSE
L-1163,7/31/2025,LinkedIn,Startup (1-10),Logistics,Priya Patel,Demo Booked,8/1/2025,8/7/2025,6,,,,0,FALSE
L-1164,8/19/2025,Paid Ads,SMB (11-50),FinTech,Tom Wilson,MQL,8/22/2025,,,,,,0,FALSE
L-1165,1/17/2026,LinkedIn,SMB (11-50),HealthTech,Alex Thompson,Lead,,,,,,,0,FALSE
L-1166,4/9/2025,LinkedIn,Mid-Market (51-200),HR Tech,Priya Patel,Closed Lost,4/13/2025,4/25/2025,12,4/28/2025,4/29/2025,,0,FALSE
L-1167,7/2/2025,Referral,SMB (11-50),HealthTech,Priya Patel,Closed Won,7/5/2025,7/9/2025,4,7/9/2025,7/15/2025,8/12/2025,12080.63,FALSE
L-1168,8/11/2025,Paid Ads,SMB (11-50),SaaS,Maria Santos,Lead,,,,,,,0,FALSE
L-1169,4/23/2025,Paid Ads,Mid-Market (51-200),EdTech,Tom Wilson,Lead,,,,,,,0,FALSE
L-1170,12/18/2025,Paid Ads,Startup (1-10),HR Tech,Maria Santos,Closed Lost,12/20/2025,12/23/2025,3,12/25/2025,12/28/2025,,0,FALSE
L-1171,8/29/2025,Organic Search,Enterprise (200+),EdTech,Priya Patel,Demo Completed,8/31/2025,9/7/2025,7,9/8/2025,,,0,FALSE
L-1172,10/11/2025,Organic Search,Mid-Market (51-200),EdTech,James Chen,Lead,,,,,,,0,FALSE
L-1173,5/10/2025,Paid Ads,Mid-Market (51-200),Logistics,Maria Santos,Lead,,,,,,,0,FALSE
L-1174,6/2/2025,Cold Outreach,SMB (11-50),Logistics,Tom Wilson,Lead,,,,,,,0,FALSE
L-1175,12/23/2025,Organic Search,Startup (1-10),HR Tech,Tom Wilson,Demo Booked,12/26/2025,12/29/2025,3,,,,0,FALSE
L-1176,3/21/2026,Cold Outreach,Startup (1-10),EdTech,Maria Santos,MQL,3/25/2026,,,,,,0,FALSE
L-1177,2/4/2026,Organic Search,SMB (11-50),EdTech,Priya Patel,Demo Booked,2/8/2026,2/10/2026,2,,,,0,FALSE
L-1178,9/22/2025,Referral,Mid-Market (51-200),Marketing,Alex Thompson,Demo Booked,9/23/2025,9/25/2025,2,,,,0,FALSE
L-1179,6/25/2025,Paid Ads,Startup (1-10),HR Tech,Maria Santos,MQL,6/28/2025,,,,,,0,FALSE
L-1180,4/18/2025,LinkedIn,SMB (11-50),HealthTech,James Chen,Lead,,,,,,,0,FALSE
L-1181,12/20/2025,Paid Ads,Startup (1-10),HealthTech,James Chen,Lead,,,,,,,0,FALSE
L-1182,10/23/2025,Cold Outreach,Enterprise (200+),EdTech,James Chen,Lead,,,,,,,0,FALSE
L-1183,1/28/2026,Paid Ads,Startup (1-10),EdTech,Alex Thompson,Lead,,,,,,,0,FALSE
L-1184,11/16/2025,Paid Ads,Mid-Market (51-200),HealthTech,Alex Thompson,Lead,,,,,,,0,FALSE
L-1185,12/1/2025,Referral,Mid-Market (51-200),Logistics,Alex Thompson,Demo Completed,12/3/2025,12/10/2025,7,12/12/2025,,,0,FALSE
L-1186,1/27/2026,Organic Search,SMB (11-50),E-commerce,Tom Wilson,Closed Lost,1/28/2026,2/1/2026,4,2/4/2026,2/8/2026,,0,FALSE
L-1187,12/22/2025,Paid Ads,Startup (1-10),SaaS,Priya Patel,Demo Completed,12/27/2025,12/30/2025,3,1/2/2026,,,0,FALSE
L-1188,5/25/2025,Cold Outreach,Startup (1-10),Marketing,Tom Wilson,Lead,,,,,,,0,FALSE
L-1189,12/17/2025,Referral,Startup (1-10),SaaS,Tom Wilson,Demo Completed,12/18/2025,12/19/2025,1,12/22/2025,,,0,FALSE
L-1190,12/23/2025,Paid Ads,Startup (1-10),Logistics,Priya Patel,Closed Lost,12/27/2025,12/28/2025,1,12/30/2025,1/1/2026,,0,FALSE
L-1191,7/23/2025,LinkedIn,Startup (1-10),EdTech,Maria Santos,Lead,,,,,,,0,FALSE
L-1192,2/17/2026,Paid Ads,SMB (11-50),Marketing,Priya Patel,Lead,,,,,,,0,FALSE
L-1193,11/8/2025,Referral,Startup (1-10),EdTech,Maria Santos,Closed Won,11/13/2025,11/14/2025,1,11/15/2025,11/18/2025,12/10/2025,5329.93,FALSE
L-1194,7/19/2025,Paid Ads,Startup (1-10),HealthTech,Tom Wilson,MQL,7/20/2025,,,,,,0,FALSE
L-1195,3/19/2026,Referral,Mid-Market (51-200),FinTech,Priya Patel,Demo Completed,3/23/2026,3/25/2026,2,3/26/2026,,,0,FALSE
L-1196,2/17/2026,LinkedIn,Mid-Market (51-200),HR Tech,Priya Patel,MQL,2/20/2026,,,,,,0,FALSE
L-1197,11/15/2025,Paid Ads,Startup (1-10),Marketing,Priya Patel,Demo Completed,11/19/2025,11/29/2025,10,12/2/2025,,,0,FALSE
L-1198,10/28/2025,LinkedIn,SMB (11-50),HR Tech,Tom Wilson,Demo Booked,10/29/2025,10/31/2025,2,,,,0,FALSE
L-1199,11/4/2025,Paid Ads,SMB (11-50),Logistics,Priya Patel,Demo Completed,11/5/2025,11/15/2025,10,11/18/2025,,,0,FALSE
L-1200,2/9/2026,Organic Search,Startup (1-10),SaaS,Maria Santos,MQL,2/11/2026,,,,,,0,FALSE
L-1201,3/27/2026,Paid Ads,Mid-Market (51-200),Logistics,Maria Santos,MQL,3/30/2026,,,,,,0,FALSE
L-1202,12/31/2025,Organic Search,Mid-Market (51-200),SaaS,Alex Thompson,MQL,1/2/2026,,,,,,0,FALSE
L-1203,10/9/2025,Organic Search,Mid-Market (51-200),Marketing,James Chen,Closed Lost,10/11/2025,10/13/2025,2,10/13/2025,10/20/2025,,0,FALSE
L-1204,4/18/2025,Paid Ads,SMB (11-50),SaaS,James Chen,MQL,4/19/2025,,,,,,0,FALSE
L-1205,5/10/2025,Organic Search,SMB (11-50),Marketing,Maria Santos,Demo Booked,5/14/2025,5/20/2025,6,,,,0,FALSE
L-1206,11/4/2025,Paid Ads,SMB (11-50),Marketing,Alex Thompson,Demo Booked,11/5/2025,11/9/2025,4,,,,0,FALSE
L-1207,7/23/2025,Organic Search,SMB (11-50),Logistics,Maria Santos,Lead,,,,,,,0,FALSE
L-1208,4/9/2025,Organic Search,SMB (11-50),SaaS,Priya Patel,Lead,,,,,,,0,FALSE
L-1209,7/24/2025,LinkedIn,Enterprise (200+),HealthTech,Priya Patel,Closed Lost,7/25/2025,7/27/2025,2,7/29/2025,8/5/2025,,0,FALSE
L-1210,1/29/2026,Paid Ads,SMB (11-50),SaaS,Priya Patel,MQL,1/31/2026,,,,,,0,FALSE
L-1211,12/9/2025,LinkedIn,SMB (11-50),SaaS,Maria Santos,MQL,12/12/2025,,,,,,0,FALSE
L-1212,8/16/2025,LinkedIn,Startup (1-10),Logistics,Maria Santos,Lead,,,,,,,0,FALSE
L-1213,2/28/2026,LinkedIn,Mid-Market (51-200),HR Tech,Alex Thompson,MQL,3/4/2026,,,,,,0,FALSE
L-1214,11/4/2025,Organic Search,Mid-Market (51-200),HealthTech,Maria Santos,Closed Won,11/8/2025,11/9/2025,1,11/10/2025,11/11/2025,12/1/2025,32855.54,FALSE
L-1215,4/5/2025,Organic Search,Startup (1-10),Logistics,Priya Patel,MQL,4/9/2025,,,,,,0,FALSE
L-1216,9/13/2025,LinkedIn,Enterprise (200+),Marketing,Tom Wilson,Lead,,,,,,,0,FALSE
L-1217,12/24/2025,Organic Search,Mid-Market (51-200),E-commerce,Alex Thompson,MQL,12/29/2025,,,,,,0,FALSE
L-1218,7/17/2025,Organic Search,SMB (11-50),HR Tech,Priya Patel,Lead,,,,,,,0,FALSE
L-1219,12/25/2025,Cold Outreach,Mid-Market (51-200),E-commerce,James Chen,Lead,,,,,,,0,FALSE
L-1220,11/27/2025,Organic Search,SMB (11-50),E-commerce,James Chen,Closed Lost,11/28/2025,12/6/2025,8,12/8/2025,12/13/2025,,0,FALSE
L-1221,2/16/2026,Paid Ads,SMB (11-50),SaaS,Alex Thompson,Demo Completed,2/18/2026,3/4/2026,14,3/7/2026,,,0,FALSE
L-1222,1/29/2026,Organic Search,Mid-Market (51-200),SaaS,Maria Santos,Demo Booked,1/31/2026,2/3/2026,3,,,,0,FALSE
L-1223,1/29/2026,Organic Search,Mid-Market (51-200),EdTech,Tom Wilson,MQL,2/3/2026,,,,,,0,FALSE
L-1224,5/17/2025,Organic Search,Startup (1-10),SaaS,James Chen,Lead,,,,,,,0,FALSE
L-1225,9/13/2025,Referral,Startup (1-10),HR Tech,Maria Santos,Closed Lost,9/14/2025,9/25/2025,11,9/25/2025,9/29/2025,,0,FALSE
L-1226,9/10/2025,Organic Search,SMB (11-50),Marketing,Tom Wilson,MQL,9/15/2025,,,,,,0,FALSE
L-1227,11/10/2025,Cold Outreach,Enterprise (200+),Marketing,James Chen,Lead,,,,,,,0,FALSE
L-1228,11/9/2025,Organic Search,Mid-Market (51-200),HealthTech,Tom Wilson,Demo Completed,11/11/2025,11/23/2025,12,11/26/2025,,,0,FALSE
L-1229,10/9/2025,Organic Search,Enterprise (200+),SaaS,Priya Patel,Closed Lost,10/10/2025,10/13/2025,3,10/15/2025,10/18/2025,,0,FALSE
L-1230,2/26/2026,Organic Search,Startup (1-10),Marketing,Maria Santos,Demo Booked,3/2/2026,3/11/2026,9,,,,0,FALSE
L-1231,2/18/2026,LinkedIn,Mid-Market (51-200),HR Tech,Tom Wilson,Demo Completed,2/20/2026,2/21/2026,1,2/22/2026,,,0,FALSE
L-1232,6/1/2025,Paid Ads,Mid-Market (51-200),HealthTech,Priya Patel,Demo Booked,6/2/2025,6/10/2025,8,,,,0,FALSE
L-1233,1/26/2026,Paid Ads,Mid-Market (51-200),EdTech,James Chen,Lead,,,,,,,0,FALSE
L-1234,3/8/2026,Organic Search,Startup (1-10),Logistics,Priya Patel,Lead,,,,,,,0,FALSE
L-1235,5/13/2025,Paid Ads,Mid-Market (51-200),E-commerce,Alex Thompson,Demo Booked,5/14/2025,5/16/2025,2,,,,0,FALSE
L-1236,1/13/2026,LinkedIn,Enterprise (200+),Marketing,Alex Thompson,Closed Lost,1/16/2026,1/30/2026,14,1/30/2026,1/31/2026,,0,FALSE
L-1237,7/21/2025,Organic Search,Enterprise (200+),E-commerce,Maria Santos,Demo Completed,7/25/2025,8/3/2025,9,8/4/2025,,,0,FALSE
L-1238,7/1/2025,LinkedIn,SMB (11-50),Logistics,Alex Thompson,Closed Lost,7/6/2025,7/8/2025,2,7/10/2025,7/14/2025,,0,FALSE
L-1239,11/17/2025,Organic Search,SMB (11-50),EdTech,Tom Wilson,Lead,,,,,,,0,FALSE
L-1240,1/1/2026,Referral,Startup (1-10),Logistics,James Chen,Demo Booked,1/5/2026,1/8/2026,3,,,,0,FALSE
L-1241,12/19/2025,Organic Search,Mid-Market (51-200),Marketing,Maria Santos,Closed Won,12/22/2025,12/27/2025,5,12/28/2025,1/1/2026,1/19/2026,34913.08,FALSE
L-1242,4/5/2025,Cold Outreach,SMB (11-50),HealthTech,Alex Thompson,Demo Completed,4/9/2025,4/16/2025,7,4/19/2025,,,0,FALSE
L-1243,1/20/2026,LinkedIn,SMB (11-50),HR Tech,Tom Wilson,Lead,,,,,,,0,FALSE
L-1244,10/9/2025,LinkedIn,SMB (11-50),SaaS,Alex Thompson,MQL,10/13/2025,,,,,,0,FALSE
L-1245,5/26/2025,Paid Ads,Enterprise (200+),SaaS,Tom Wilson,MQL,5/29/2025,,,,,,0,FALSE
L-1246,1/31/2026,Organic Search,Startup (1-10),E-commerce,Alex Thompson,Lead,,,,,,,0,FALSE
L-1247,3/6/2026,Cold Outreach,Startup (1-10),E-commerce,James Chen,Lead,,,,,,,0,FALSE
L-1248,9/25/2025,Cold Outreach,Enterprise (200+),Marketing,James Chen,Lead,,,,,,,0,FALSE
L-1249,6/28/2025,Paid Ads,Startup (1-10),E-commerce,James Chen,Closed Lost,6/29/2025,7/1/2025,2,7/3/2025,7/5/2025,,0,FALSE
L-1250,3/9/2026,Organic Search,Mid-Market (51-200),SaaS,Priya Patel,MQL,3/13/2026,,,,,,0,FALSE
L-1251,6/8/2025,LinkedIn,Startup (1-10),E-commerce,Alex Thompson,MQL,6/11/2025,,,,,,0,FALSE
L-1252,10/19/2025,LinkedIn,Mid-Market (51-200),Logistics,Tom Wilson,Demo Completed,10/22/2025,10/30/2025,8,10/31/2025,,,0,FALSE
L-1253,2/25/2026,Paid Ads,Mid-Market (51-200),Logistics,Maria Santos,Closed Lost,3/1/2026,3/3/2026,2,3/4/2026,3/7/2026,,0,FALSE
L-1254,7/1/2025,Referral,SMB (11-50),Marketing,Priya Patel,MQL,7/6/2025,,,,,,0,FALSE
L-1255,4/7/2025,Organic Search,Startup (1-10),HealthTech,Priya Patel,MQL,4/9/2025,,,,,,0,FALSE
L-1256,11/3/2025,Organic Search,SMB (11-50),HR Tech,Priya Patel,Demo Booked,11/6/2025,11/20/2025,14,,,,0,FALSE
L-1257,10/4/2025,Organic Search,Mid-Market (51-200),EdTech,Tom Wilson,MQL,10/6/2025,,,,,,0,FALSE
L-1258,4/4/2025,Organic Search,SMB (11-50),HealthTech,James Chen,Demo Completed,4/9/2025,4/13/2025,4,4/13/2025,,,0,FALSE
L-1259,11/4/2025,Organic Search,Startup (1-10),EdTech,Alex Thompson,MQL,11/7/2025,,,,,,0,FALSE
L-1260,10/31/2025,Paid Ads,Startup (1-10),Marketing,Alex Thompson,Demo Booked,11/3/2025,11/4/2025,1,,,,0,FALSE
L-1261,12/30/2025,Organic Search,SMB (11-50),E-commerce,Maria Santos,Demo Completed,1/1/2026,1/5/2026,4,1/6/2026,,,0,FALSE
L-1262,5/10/2025,Cold Outreach,Enterprise (200+),HR Tech,Maria Santos,Lead,,,,,,,0,FALSE
L-1263,12/19/2025,Paid Ads,SMB (11-50),HealthTech,Priya Patel,Lead,,,,,,,0,FALSE
L-1264,10/23/2025,Paid Ads,Enterprise (200+),Marketing,Priya Patel,MQL,10/26/2025,,,,,,0,FALSE
L-1265,7/8/2025,LinkedIn,Startup (1-10),Logistics,Maria Santos,MQL,7/11/2025,,,,,,0,FALSE
L-1266,1/19/2026,Organic Search,Mid-Market (51-200),FinTech,Alex Thompson,Demo Completed,1/23/2026,1/25/2026,2,1/28/2026,,,0,FALSE
L-1267,4/10/2025,Referral,Startup (1-10),Logistics,James Chen,Closed Lost,4/12/2025,4/26/2025,14,4/26/2025,4/27/2025,,0,FALSE
L-1268,11/2/2025,Paid Ads,SMB (11-50),HR Tech,Tom Wilson,MQL,11/5/2025,,,,,,0,FALSE
L-1269,9/11/2025,Organic Search,SMB (11-50),EdTech,Alex Thompson,Closed Lost,9/15/2025,9/19/2025,4,9/22/2025,9/23/2025,,0,FALSE
L-1270,9/24/2025,Organic Search,Startup (1-10),HR Tech,Tom Wilson,Demo Completed,9/29/2025,10/2/2025,3,10/3/2025,,,0,FALSE
L-1271,4/12/2025,Paid Ads,SMB (11-50),Logistics,Priya Patel,Lead,,,,,,,0,FALSE
L-1272,1/1/2026,Paid Ads,Mid-Market (51-200),SaaS,Priya Patel,MQL,1/6/2026,,,,,,0,FALSE
L-1273,1/18/2026,Paid Ads,SMB (11-50),SaaS,Maria Santos,MQL,1/20/2026,,,,,,0,FALSE
L-1274,7/21/2025,Cold Outreach,Enterprise (200+),Logistics,Alex Thompson,Lead,,,,,,,0,FALSE
L-1275,3/7/2026,Organic Search,SMB (11-50),EdTech,Maria Santos,Lead,,,,,,,0,FALSE
L-1276,12/31/2025,Cold Outreach,Mid-Market (51-200),EdTech,Tom Wilson,Lead,,,,,,,0,FALSE
L-1277,11/17/2025,Paid Ads,SMB (11-50),HR Tech,Alex Thompson,Demo Booked,11/19/2025,12/2/2025,13,,,,0,FALSE
L-1278,1/23/2026,Referral,Mid-Market (51-200),HealthTech,Priya Patel,Closed Won,1/27/2026,1/28/2026,1,1/28/2026,2/3/2026,2/10/2026,27750.61,FALSE
L-1279,4/12/2025,Organic Search,SMB (11-50),HealthTech,Alex Thompson,Lead,,,,,,,0,FALSE
L-1280,11/21/2025,Cold Outreach,Mid-Market (51-200),SaaS,James Chen,Closed Lost,11/23/2025,11/25/2025,2,11/25/2025,11/29/2025,,0,FALSE
L-1281,11/23/2025,Referral,SMB (11-50),SaaS,James Chen,Closed Lost,11/24/2025,11/27/2025,3,11/27/2025,11/28/2025,,0,FALSE
L-1282,5/7/2025,Organic Search,SMB (11-50),HR Tech,Priya Patel,Lead,,,,,,,0,FALSE
L-1283,2/26/2026,Cold Outreach,Enterprise (200+),HealthTech,Tom Wilson,Lead,,,,,,,0,FALSE
L-1284,10/21/2025,LinkedIn,SMB (11-50),FinTech,Alex Thompson,Lead,,,,,,,0,FALSE
L-1285,2/17/2026,LinkedIn,Startup (1-10),Logistics,Tom Wilson,Lead,,,,,,,0,FALSE
L-1286,1/22/2026,Organic Search,Startup (1-10),E-commerce,Alex Thompson,Lead,,,,,,,0,FALSE
L-1287,6/12/2025,Paid Ads,Startup (1-10),Logistics,Alex Thompson,Lead,,,,,,,0,FALSE
L-1288,2/23/2026,LinkedIn,Startup (1-10),HealthTech,Alex Thompson,Lead,,,,,,,0,FALSE
L-1289,9/23/2025,Organic Search,Mid-Market (51-200),SaaS,Alex Thompson,Closed Won,9/27/2025,10/1/2025,4,10/2/2025,10/5/2025,10/23/2025,34906.18,FALSE
L-1290,11/12/2025,Paid Ads,Mid-Market (51-200),Marketing,Priya Patel,MQL,11/14/2025,,,,,,0,FALSE
L-1291,8/10/2025,Referral,Startup (1-10),Marketing,Priya Patel,MQL,8/11/2025,,,,,,0,FALSE
L-1292,10/4/2025,Organic Search,Startup (1-10),FinTech,Alex Thompson,Demo Completed,10/9/2025,10/19/2025,10,10/21/2025,,,0,FALSE
L-1293,12/3/2025,Organic Search,Enterprise (200+),E-commerce,Tom Wilson,Closed Lost,12/7/2025,12/8/2025,1,12/9/2025,12/16/2025,,0,FALSE
L-1294,1/17/2026,Paid Ads,Startup (1-10),HR Tech,Priya Patel,Lead,,,,,,,0,FALSE
L-1295,10/4/2025,Cold Outreach,Mid-Market (51-200),SaaS,James Chen,Lead,,,,,,,0,FALSE
L-1296,5/5/2025,Organic Search,Startup (1-10),EdTech,Tom Wilson,MQL,5/10/2025,,,,,,0,FALSE
L-1297,1/16/2026,Organic Search,Startup (1-10),FinTech,Priya Patel,Closed Lost,1/18/2026,1/20/2026,2,1/21/2026,1/26/2026,,0,FALSE
L-1298,12/24/2025,Paid Ads,Mid-Market (51-200),HealthTech,James Chen,Demo Booked,12/26/2025,12/30/2025,4,,,,0,FALSE
L-1299,12/1/2025,Paid Ads,Mid-Market (51-200),HealthTech,James Chen,Demo Completed,12/2/2025,12/3/2025,1,12/5/2025,,,0,FALSE
L-1300,2/24/2026,Organic Search,Mid-Market (51-200),HealthTech,Priya Patel,MQL,3/1/2026,,,,,,0,FALSE
L-1301,8/17/2025,Cold Outreach,Startup (1-10),Logistics,Tom Wilson,Lead,,,,,,,0,FALSE
L-1302,8/14/2025,Paid Ads,SMB (11-50),Marketing,Alex Thompson,Lead,,,,,,,0,FALSE
L-1303,5/28/2025,Paid Ads,Startup (1-10),Marketing,Priya Patel,Lead,,,,,,,0,FALSE
L-1304,11/27/2025,Cold Outreach,SMB (11-50),EdTech,Tom Wilson,Lead,,,,,,,0,FALSE
L-1305,11/13/2025,Paid Ads,Mid-Market (51-200),Marketing,Maria Santos,MQL,11/18/2025,,,,,,0,FALSE
L-1306,9/5/2025,Paid Ads,Startup (1-10),SaaS,James Chen,MQL,9/8/2025,,,,,,0,FALSE
L-1307,3/11/2026,Organic Search,Mid-Market (51-200),SaaS,Tom Wilson,Demo Completed,3/13/2026,3/20/2026,7,3/21/2026,,,0,FALSE
L-1308,7/27/2025,Organic Search,SMB (11-50),Logistics,Alex Thompson,Lead,,,,,,,0,FALSE
L-1309,6/14/2025,Organic Search,Mid-Market (51-200),Marketing,Alex Thompson,MQL,6/17/2025,,,,,,0,FALSE
L-1310,4/3/2025,Paid Ads,SMB (11-50),Logistics,Priya Patel,Lead,,,,,,,0,FALSE
L-1311,11/20/2025,Organic Search,Enterprise (200+),EdTech,James Chen,MQL,11/21/2025,,,,,,0,FALSE
L-1312,10/9/2025,Paid Ads,Mid-Market (51-200),Marketing,Alex Thompson,MQL,10/13/2025,,,,,,0,FALSE
L-1313,2/11/2026,Paid Ads,SMB (11-50),SaaS,James Chen,Demo Completed,2/14/2026,2/16/2026,2,2/19/2026,,,0,FALSE
L-1314,8/6/2025,Cold Outreach,Mid-Market (51-200),Logistics,Priya Patel,MQL,8/11/2025,,,,,,0,FALSE
L-1315,1/1/2026,Paid Ads,Startup (1-10),EdTech,Alex Thompson,Demo Booked,1/4/2026,1/6/2026,2,,,,0,FALSE
L-1316,9/1/2025,Organic Search,Startup (1-10),E-commerce,Tom Wilson,Demo Booked,9/6/2025,9/8/2025,2,,,,0,FALSE
L-1317,6/11/2025,Paid Ads,SMB (11-50),Marketing,Maria Santos,Lead,,,,,,,0,FALSE
L-1318,11/15/2025,Paid Ads,Mid-Market (51-200),EdTech,Alex Thompson,Lead,,,,,,,0,FALSE
L-1319,10/3/2025,Paid Ads,SMB (11-50),SaaS,Priya Patel,Demo Completed,10/6/2025,10/7/2025,1,10/10/2025,,,0,FALSE
L-1320,10/9/2025,LinkedIn,Mid-Market (51-200),FinTech,Tom Wilson,MQL,10/13/2025,,,,,,0,FALSE
L-1321,12/8/2025,Cold Outreach,Mid-Market (51-200),EdTech,Tom Wilson,MQL,12/11/2025,,,,,,0,FALSE
L-1322,6/21/2025,LinkedIn,SMB (11-50),HealthTech,Tom Wilson,Lead,,,,,,,0,FALSE
L-1323,2/27/2026,LinkedIn,Startup (1-10),HR Tech,Tom Wilson,Lead,,,,,,,0,FALSE
L-1324,11/25/2025,LinkedIn,Mid-Market (51-200),Logistics,Alex Thompson,MQL,11/27/2025,,,,,,0,FALSE
L-1325,12/27/2025,Paid Ads,Mid-Market (51-200),EdTech,Priya Patel,Lead,,,,,,,0,FALSE
L-1326,1/20/2026,LinkedIn,Enterprise (200+),FinTech,Priya Patel,MQL,1/25/2026,,,,,,0,FALSE
L-1327,8/11/2025,Paid Ads,Startup (1-10),Logistics,James Chen,Lead,,,,,,,0,FALSE
L-1328,1/20/2026,Organic Search,Mid-Market (51-200),HR Tech,James Chen,Lead,,,,,,,0,FALSE
L-1329,6/15/2025,Cold Outreach,Mid-Market (51-200),E-commerce,James Chen,Demo Booked,6/17/2025,6/18/2025,1,,,,0,FALSE
L-1330,7/13/2025,Paid Ads,SMB (11-50),SaaS,James Chen,MQL,7/17/2025,,,,,,0,FALSE
L-1331,6/10/2025,Paid Ads,Enterprise (200+),EdTech,Maria Santos,Lead,,,,,,,0,FALSE
L-1332,11/14/2025,Cold Outreach,Startup (1-10),Logistics,Maria Santos,Lead,,,,,,,0,FALSE
L-1333,11/11/2025,LinkedIn,Startup (1-10),FinTech,Priya Patel,MQL,11/13/2025,,,,,,0,FALSE
L-1334,1/22/2026,Organic Search,Startup (1-10),E-commerce,Tom Wilson,Lead,,,,,,,0,FALSE
L-1335,2/4/2026,Paid Ads,Mid-Market (51-200),HealthTech,Priya Patel,MQL,2/7/2026,,,,,,0,FALSE
L-1336,8/9/2025,Paid Ads,Startup (1-10),EdTech,Priya Patel,Demo Booked,8/13/2025,8/17/2025,4,,,,0,FALSE
L-1337,2/28/2026,Organic Search,Enterprise (200+),HealthTech,Priya Patel,MQL,3/1/2026,,,,,,0,FALSE
L-1338,2/26/2026,LinkedIn,Mid-Market (51-200),FinTech,Alex Thompson,Lead,,,,,,,0,FALSE
L-1339,4/5/2025,Paid Ads,Mid-Market (51-200),E-commerce,Tom Wilson,Demo Booked,4/7/2025,4/11/2025,4,,,,0,FALSE
L-1340,10/30/2025,LinkedIn,Mid-Market (51-200),EdTech,Tom Wilson,Lead,,,,,,,0,FALSE
L-1341,10/4/2025,Organic Search,Startup (1-10),E-commerce,James Chen,Lead,,,,,,,0,FALSE
L-1342,9/4/2025,Paid Ads,Startup (1-10),HR Tech,James Chen,MQL,9/7/2025,,,,,,0,FALSE
L-1343,4/15/2025,Paid Ads,SMB (11-50),FinTech,Alex Thompson,Lead,,,,,,,0,FALSE
L-1344,1/2/2026,Paid Ads,Mid-Market (51-200),Logistics,Maria Santos,MQL,1/7/2026,,,,,,0,FALSE
L-1345,5/18/2025,Paid Ads,Startup (1-10),EdTech,James Chen,Demo Booked,5/19/2025,5/31/2025,12,,,,0,FALSE
L-1346,11/30/2025,Organic Search,Startup (1-10),FinTech,Alex Thompson,Demo Completed,12/3/2025,12/17/2025,14,12/20/2025,,,0,FALSE
L-1347,6/6/2025,LinkedIn,Startup (1-10),SaaS,Tom Wilson,Lead,,,,,,,0,FALSE
L-1348,8/23/2025,Paid Ads,Mid-Market (51-200),HealthTech,Priya Patel,Lead,,,,,,,0,FALSE
L-1349,9/16/2025,Paid Ads,Startup (1-10),E-commerce,Alex Thompson,Lead,,,,,,,0,FALSE
L-1350,9/15/2025,Organic Search,SMB (11-50),Marketing,James Chen,MQL,9/17/2025,,,,,,0,FALSE
L-1351,7/11/2025,Cold Outreach,Startup (1-10),Logistics,Maria Santos,Lead,,,,,,,0,FALSE
L-1352,10/21/2025,Paid Ads,Mid-Market (51-200),SaaS,James Chen,Demo Booked,10/26/2025,11/3/2025,8,,,,0,FALSE
L-1353,2/13/2026,Organic Search,SMB (11-50),SaaS,Priya Patel,Demo Completed,2/17/2026,3/2/2026,13,3/3/2026,,,0,FALSE
L-1354,3/9/2026,LinkedIn,SMB (11-50),HR Tech,Maria Santos,Lead,,,,,,,0,FALSE
L-1355,2/23/2026,LinkedIn,Startup (1-10),EdTech,Priya Patel,Closed Lost,2/28/2026,3/12/2026,12,3/14/2026,3/17/2026,,0,FALSE
L-1356,7/3/2025,Organic Search,Enterprise (200+),HealthTech,Tom Wilson,Demo Completed,7/8/2025,7/10/2025,2,7/11/2025,,,0,FALSE
L-1357,7/27/2025,Organic Search,Startup (1-10),EdTech,Tom Wilson,Lead,,,,,,,0,FALSE
L-1358,3/15/2026,Cold Outreach,Startup (1-10),E-commerce,Maria Santos,Demo Booked,3/20/2026,4/2/2026,13,,,,0,FALSE
L-1359,10/17/2025,LinkedIn,Startup (1-10),Logistics,Alex Thompson,Lead,,,,,,,0,FALSE
L-1360,6/9/2025,Cold Outreach,Enterprise (200+),HR Tech,Alex Thompson,Lead,,,,,,,0,FALSE
L-1361,2/8/2026,Paid Ads,Startup (1-10),Marketing,James Chen,Lead,,,,,,,0,FALSE
L-1362,12/3/2025,Paid Ads,Mid-Market (51-200),E-commerce,James Chen,Lead,,,,,,,0,FALSE
L-1363,6/21/2025,LinkedIn,Mid-Market (51-200),SaaS,Priya Patel,Lead,,,,,,,0,FALSE
L-1364,7/25/2025,Organic Search,Startup (1-10),EdTech,Maria Santos,Lead,,,,,,,0,FALSE
L-1365,3/11/2026,Paid Ads,Enterprise (200+),HealthTech,Tom Wilson,Demo Completed,3/15/2026,3/18/2026,3,3/20/2026,,,0,FALSE
L-1366,8/31/2025,LinkedIn,SMB (11-50),SaaS,Priya Patel,Lead,,,,,,,0,FALSE
L-1367,9/22/2025,Organic Search,SMB (11-50),E-commerce,Maria Santos,Lead,,,,,,,0,FALSE
L-1368,2/15/2026,Cold Outreach,Startup (1-10),Marketing,Maria Santos,Lead,,,,,,,0,FALSE
L-1369,7/25/2025,Organic Search,Mid-Market (51-200),HR Tech,Alex Thompson,MQL,7/26/2025,,,,,,0,FALSE
L-1370,3/7/2026,Referral,SMB (11-50),EdTech,James Chen,Demo Completed,3/11/2026,3/20/2026,9,3/22/2026,,,0,FALSE
L-1371,5/13/2025,Paid Ads,Mid-Market (51-200),Marketing,Alex Thompson,Demo Booked,5/17/2025,5/21/2025,4,,,,0,FALSE
L-1372,2/5/2026,Paid Ads,Mid-Market (51-200),HR Tech,Tom Wilson,Lead,,,,,,,0,FALSE
L-1373,2/3/2026,Organic Search,SMB (11-50),Logistics,Maria Santos,MQL,2/4/2026,,,,,,0,FALSE
L-1374,3/11/2026,Paid Ads,Mid-Market (51-200),EdTech,Tom Wilson,Lead,,,,,,,0,FALSE
L-1375,2/26/2026,Referral,Mid-Market (51-200),FinTech,Alex Thompson,Demo Completed,3/2/2026,3/13/2026,11,3/16/2026,,,0,FALSE
L-1376,5/21/2025,Paid Ads,SMB (11-50),FinTech,Alex Thompson,MQL,5/25/2025,,,,,,0,FALSE
L-1377,3/16/2026,LinkedIn,Mid-Market (51-200),Marketing,Alex Thompson,Demo Booked,3/18/2026,3/19/2026,1,,,,0,FALSE
L-1378,1/6/2026,Paid Ads,Mid-Market (51-200),SaaS,Tom Wilson,Lead,,,,,,,0,FALSE
L-1379,5/16/2025,LinkedIn,Mid-Market (51-200),E-commerce,Priya Patel,MQL,5/21/2025,,,,,,0,FALSE
L-1380,5/22/2025,LinkedIn,Enterprise (200+),EdTech,Alex Thompson,Lead,,,,,,,0,FALSE
L-1381,10/13/2025,Paid Ads,SMB (11-50),HR Tech,James Chen,Demo Booked,10/17/2025,10/27/2025,10,,,,0,FALSE
L-1382,3/25/2026,Paid Ads,Startup (1-10),Marketing,Tom Wilson,Lead,,,,,,,0,FALSE
L-1383,2/11/2026,Paid Ads,SMB (11-50),E-commerce,Priya Patel,Lead,,,,,,,0,FALSE
L-1384,6/14/2025,Paid Ads,Startup (1-10),Logistics,Alex Thompson,Lead,,,,,,,0,FALSE
L-1385,8/29/2025,Organic Search,SMB (11-50),Logistics,Maria Santos,Demo Completed,8/30/2025,9/11/2025,12,9/12/2025,,,0,FALSE
L-1386,7/25/2025,Paid Ads,SMB (11-50),SaaS,James Chen,Demo Booked,7/27/2025,8/4/2025,8,,,,0,FALSE
L-1387,7/5/2025,Organic Search,SMB (11-50),SaaS,Priya Patel,Lead,,,,,,,0,FALSE
L-1388,3/28/2026,Organic Search,Mid-Market (51-200),Logistics,Alex Thompson,Lead,,,,,,,0,FALSE
L-1389,10/4/2025,Organic Search,Mid-Market (51-200),Logistics,Alex Thompson,Lead,,,,,,,0,FALSE
L-1390,3/21/2026,Cold Outreach,SMB (11-50),EdTech,Maria Santos,MQL,3/23/2026,,,,,,0,FALSE
L-1391,9/8/2025,Organic Search,Startup (1-10),HR Tech,Tom Wilson,Demo Completed,9/13/2025,9/26/2025,13,9/28/2025,,,0,FALSE
L-1392,11/10/2025,Paid Ads,SMB (11-50),HR Tech,Tom Wilson,Demo Booked,11/12/2025,11/25/2025,13,,,,0,FALSE
L-1393,5/4/2025,Organic Search,Mid-Market (51-200),HealthTech,Alex Thompson,Lead,,,,,,,0,FALSE
L-1394,12/8/2025,Paid Ads,Startup (1-10),FinTech,Tom Wilson,MQL,12/10/2025,,,,,,0,FALSE
L-1395,7/29/2025,Paid Ads,SMB (11-50),Marketing,Alex Thompson,Lead,,,,,,,0,FALSE
L-1396,3/15/2026,LinkedIn,Enterprise (200+),E-commerce,Tom Wilson,MQL,3/16/2026,,,,,,0,FALSE
L-1397,2/9/2026,Paid Ads,Mid-Market (51-200),HealthTech,Maria Santos,MQL,2/13/2026,,,,,,0,FALSE
L-1398,4/16/2025,LinkedIn,Startup (1-10),E-commerce,James Chen,Lead,,,,,,,0,FALSE
L-1399,10/24/2025,Organic Search,Startup (1-10),HealthTech,Maria Santos,MQL,10/28/2025,,,,,,0,FALSE
L-1400,5/20/2025,Organic Search,SMB (11-50),EdTech,James Chen,MQL,5/22/2025,,,,,,0,FALSE
L-1401,10/23/2025,LinkedIn,SMB (11-50),E-commerce,Alex Thompson,MQL,10/26/2025,,,,,,0,FALSE
L-1402,8/10/2025,Referral,SMB (11-50),HealthTech,Tom Wilson,Closed Lost,8/15/2025,8/16/2025,1,8/16/2025,8/20/2025,,0,FALSE
L-1403,6/28/2025,LinkedIn,SMB (11-50),EdTech,Maria Santos,MQL,7/3/2025,,,,,,0,FALSE
L-1404,2/2/2026,Organic Search,Enterprise (200+),HealthTech,James Chen,MQL,2/4/2026,,,,,,0,FALSE
L-1405,6/16/2025,LinkedIn,Mid-Market (51-200),E-commerce,Tom Wilson,Lead,,,,,,,0,FALSE
L-1406,8/28/2025,Organic Search,Mid-Market (51-200),HealthTech,Alex Thompson,MQL,8/30/2025,,,,,,0,FALSE
L-1407,6/19/2025,Paid Ads,Startup (1-10),SaaS,Tom Wilson,Lead,,,,,,,0,FALSE
L-1408,5/30/2025,Cold Outreach,Enterprise (200+),Logistics,Priya Patel,Lead,,,,,,,0,FALSE
L-1409,12/8/2025,Paid Ads,Startup (1-10),E-commerce,James Chen,Demo Booked,12/12/2025,12/24/2025,12,,,,0,FALSE
L-1410,5/17/2025,LinkedIn,Mid-Market (51-200),HealthTech,Tom Wilson,Lead,,,,,,,0,FALSE
L-1411,2/24/2026,Paid Ads,SMB (11-50),Logistics,Tom Wilson,Demo Completed,2/27/2026,3/8/2026,9,3/11/2026,,,0,FALSE
L-1412,12/4/2025,Organic Search,SMB (11-50),EdTech,Tom Wilson,Closed Lost,12/7/2025,12/10/2025,3,12/10/2025,12/15/2025,,0,FALSE
L-1413,12/30/2025,Organic Search,Startup (1-10),EdTech,Maria Santos,Demo Booked,1/2/2026,1/5/2026,3,,,,0,FALSE
L-1414,10/7/2025,LinkedIn,Mid-Market (51-200),E-commerce,Tom Wilson,MQL,10/8/2025,,,,,,0,FALSE
L-1415,5/8/2025,Paid Ads,Enterprise (200+),SaaS,Alex Thompson,Lead,,,,,,,0,FALSE
L-1416,10/13/2025,Organic Search,SMB (11-50),FinTech,Maria Santos,MQL,10/14/2025,,,,,,0,FALSE
L-1417,10/17/2025,Paid Ads,Startup (1-10),EdTech,James Chen,Lead,,,,,,,0,FALSE
L-1418,6/12/2025,Organic Search,Mid-Market (51-200),FinTech,James Chen,MQL,6/17/2025,,,,,,0,FALSE
L-1419,3/1/2026,Cold Outreach,SMB (11-50),Marketing,James Chen,Lead,,,,,,,0,FALSE
L-1420,10/11/2025,Paid Ads,Mid-Market (51-200),Logistics,Priya Patel,MQL,10/13/2025,,,,,,0,FALSE
L-1421,3/23/2026,Organic Search,SMB (11-50),Logistics,Maria Santos,Lead,,,,,,,0,FALSE
L-1422,5/30/2025,Paid Ads,Mid-Market (51-200),HealthTech,Maria Santos,Demo Completed,6/3/2025,6/10/2025,7,6/13/2025,,,0,FALSE
L-1423,6/1/2025,Paid Ads,Mid-Market (51-200),Marketing,Maria Santos,MQL,6/3/2025,,,,,,0,FALSE
L-1424,4/19/2025,Organic Search,SMB (11-50),E-commerce,Tom Wilson,Demo Booked,4/20/2025,4/21/2025,1,,,,0,FALSE
L-1425,6/13/2025,LinkedIn,Startup (1-10),EdTech,Priya Patel,MQL,6/14/2025,,,,,,0,FALSE
L-1426,4/23/2025,Organic Search,Enterprise (200+),SaaS,Alex Thompson,Closed Lost,4/25/2025,4/28/2025,3,4/28/2025,4/30/2025,,0,FALSE
L-1427,3/3/2026,Organic Search,Startup (1-10),SaaS,Alex Thompson,Lead,,,,,,,0,FALSE
L-1428,12/27/2025,Paid Ads,SMB (11-50),SaaS,Tom Wilson,Demo Completed,12/29/2025,1/1/2026,3,1/1/2026,,,0,FALSE
L-1429,6/13/2025,Paid Ads,Enterprise (200+),EdTech,Maria Santos,Lead,,,,,,,0,FALSE
L-1430,4/30/2025,Referral,Startup (1-10),FinTech,Tom Wilson,Lead,,,,,,,0,FALSE
L-1431,1/14/2026,LinkedIn,Startup (1-10),SaaS,Maria Santos,MQL,1/15/2026,,,,,,0,FALSE
L-1432,3/18/2026,Cold Outreach,Enterprise (200+),Logistics,Alex Thompson,Lead,,,,,,,0,FALSE
L-1433,8/7/2025,Organic Search,Mid-Market (51-200),HR Tech,Tom Wilson,Closed Won,8/11/2025,8/13/2025,2,8/14/2025,8/20/2025,9/8/2025,47974.21,FALSE
L-1434,4/22/2025,Organic Search,Startup (1-10),Marketing,James Chen,MQL,4/27/2025,,,,,,0,FALSE
L-1435,10/25/2025,Cold Outreach,Startup (1-10),EdTech,James Chen,Lead,,,,,,,0,FALSE
L-1436,11/24/2025,Organic Search,Mid-Market (51-200),HR Tech,Priya Patel,Demo Completed,11/27/2025,11/29/2025,2,11/30/2025,,,0,FALSE
L-1437,1/6/2026,Cold Outreach,Mid-Market (51-200),EdTech,Priya Patel,Lead,,,,,,,0,FALSE
L-1438,10/19/2025,LinkedIn,SMB (11-50),Marketing,James Chen,Demo Booked,10/20/2025,10/29/2025,9,,,,0,FALSE
L-1439,9/20/2025,LinkedIn,SMB (11-50),SaaS,James Chen,MQL,9/22/2025,,,,,,0,FALSE
L-1440,3/22/2026,Cold Outreach,SMB (11-50),HR Tech,Maria Santos,MQL,3/27/2026,,,,,,0,FALSE
L-1441,1/20/2026,Paid Ads,Mid-Market (51-200),E-commerce,Priya Patel,Lead,,,,,,,0,FALSE
L-1442,6/6/2025,Paid Ads,SMB (11-50),HR Tech,James Chen,Lead,,,,,,,0,FALSE
L-1443,5/4/2025,Organic Search,SMB (11-50),FinTech,Maria Santos,MQL,5/5/2025,,,,,,0,FALSE
L-1444,9/30/2025,LinkedIn,SMB (11-50),HealthTech,Alex Thompson,MQL,10/2/2025,,,,,,0,FALSE
L-1445,11/15/2025,Paid Ads,Startup (1-10),EdTech,Tom Wilson,Demo Booked,11/17/2025,11/18/2025,1,,,,0,FALSE
L-1446,1/13/2026,Paid Ads,Startup (1-10),Logistics,James Chen,Lead,,,,,,,0,FALSE
L-1447,3/6/2026,Organic Search,Enterprise (200+),SaaS,Maria Santos,Lead,,,,,,,0,FALSE
L-1448,10/13/2025,Cold Outreach,Startup (1-10),FinTech,James Chen,Lead,,,,,,,0,FALSE
L-1449,1/25/2026,Organic Search,Mid-Market (51-200),EdTech,Priya Patel,MQL,1/29/2026,,,,,,0,FALSE
L-1450,5/14/2025,Cold Outreach,Enterprise (200+),EdTech,Alex Thompson,Lead,,,,,,,0,FALSE
L-1451,6/16/2025,Paid Ads,Startup (1-10),Marketing,Priya Patel,MQL,6/18/2025,,,,,,0,FALSE
L-1452,2/3/2026,Paid Ads,Mid-Market (51-200),HealthTech,Alex Thompson,Lead,,,,,,,0,FALSE
L-1453,10/4/2025,Organic Search,Mid-Market (51-200),Logistics,James Chen,Lead,,,,,,,0,FALSE
L-1454,9/11/2025,Paid Ads,Startup (1-10),FinTech,Priya Patel,Lead,,,,,,,0,FALSE
L-1455,11/16/2025,Paid Ads,Startup (1-10),Marketing,Alex Thompson,Lead,,,,,,,0,FALSE
L-1456,9/18/2025,Paid Ads,Startup (1-10),HR Tech,Maria Santos,Lead,,,,,,,0,FALSE
L-1457,4/10/2025,Paid Ads,Enterprise (200+),FinTech,Tom Wilson,MQL,4/12/2025,,,,,,0,FALSE
L-1458,9/19/2025,Organic Search,Startup (1-10),Marketing,Priya Patel,MQL,9/24/2025,,,,,,0,FALSE
L-1459,9/25/2025,LinkedIn,SMB (11-50),EdTech,James Chen,Lead,,,,,,,0,FALSE
L-1460,11/17/2025,Organic Search,SMB (11-50),Marketing,Maria Santos,Lead,,,,,,,0,FALSE
L-1461,5/29/2025,Paid Ads,Mid-Market (51-200),EdTech,Tom Wilson,MQL,5/31/2025,,,,,,0,FALSE
L-1462,6/18/2025,Paid Ads,Startup (1-10),EdTech,Maria Santos,Lead,,,,,,,0,FALSE
L-1463,4/7/2025,Paid Ads,Startup (1-10),HealthTech,Maria Santos,Lead,,,,,,,0,FALSE
L-1464,1/24/2026,Paid Ads,Enterprise (200+),HealthTech,James Chen,Lead,,,,,,,0,FALSE
L-1465,2/8/2026,LinkedIn,SMB (11-50),EdTech,Maria Santos,Demo Booked,2/10/2026,2/11/2026,1,,,,0,FALSE
L-1466,4/26/2025,Paid Ads,Mid-Market (51-200),SaaS,James Chen,Lead,,,,,,,0,FALSE
L-1467,7/11/2025,Organic Search,Mid-Market (51-200),SaaS,Priya Patel,Lead,,,,,,,0,FALSE
L-1468,3/13/2026,Organic Search,Mid-Market (51-200),HR Tech,Alex Thompson,Demo Completed,3/14/2026,3/15/2026,1,3/16/2026,,,0,FALSE
L-1469,7/6/2025,Organic Search,Startup (1-10),HealthTech,Maria Santos,MQL,7/9/2025,,,,,,0,FALSE
L-1470,10/29/2025,Paid Ads,SMB (11-50),Marketing,Tom Wilson,Demo Completed,11/1/2025,11/11/2025,10,11/13/2025,,,0,FALSE
L-1471,5/1/2025,Paid Ads,Startup (1-10),HR Tech,Alex Thompson,Lead,,,,,,,0,FALSE
L-1472,3/12/2026,LinkedIn,Startup (1-10),HR Tech,Maria Santos,MQL,3/17/2026,,,,,,0,FALSE
L-1473,8/13/2025,Cold Outreach,Mid-Market (51-200),HealthTech,Tom Wilson,Lead,,,,,,,0,FALSE
L-1474,12/12/2025,Paid Ads,SMB (11-50),HR Tech,Alex Thompson,Demo Completed,12/16/2025,12/18/2025,2,12/20/2025,,,0,FALSE
L-1475,11/24/2025,LinkedIn,SMB (11-50),Logistics,Priya Patel,MQL,11/26/2025,,,,,,0,FALSE
L-1476,10/13/2025,Organic Search,Enterprise (200+),E-commerce,Alex Thompson,Lead,,,,,,,0,FALSE
L-1477,3/5/2026,Referral,SMB (11-50),FinTech,Priya Patel,Lead,,,,,,,0,FALSE
L-1478,4/9/2025,Paid Ads,Enterprise (200+),SaaS,Maria Santos,Closed Lost,4/11/2025,4/13/2025,2,4/15/2025,4/19/2025,,0,FALSE
L-1479,3/7/2026,Organic Search,SMB (11-50),E-commerce,Priya Patel,Demo Completed,3/8/2026,3/20/2026,12,3/23/2026,,,0,FALSE
L-1480,9/21/2025,Organic Search,Startup (1-10),Marketing,James Chen,Demo Completed,9/26/2025,9/27/2025,1,9/29/2025,,,0,FALSE
L-1481,4/10/2025,LinkedIn,SMB (11-50),HR Tech,Maria Santos,Demo Booked,4/14/2025,4/22/2025,8,,,,0,FALSE
L-1482,1/10/2026,Referral,Enterprise (200+),HR Tech,Alex Thompson,Demo Completed,1/13/2026,1/23/2026,10,1/24/2026,,,0,FALSE
L-1483,1/14/2026,Referral,Mid-Market (51-200),SaaS,Priya Patel,Demo Completed,1/15/2026,1/26/2026,11,1/26/2026,,,0,FALSE
L-1484,11/17/2025,Organic Search,Enterprise (200+),Marketing,Maria Santos,MQL,11/19/2025,,,,,,0,FALSE
L-1485,8/5/2025,Paid Ads,Startup (1-10),FinTech,Priya Patel,Demo Completed,8/6/2025,8/10/2025,4,8/12/2025,,,0,FALSE
L-1486,1/31/2026,Paid Ads,Enterprise (200+),SaaS,James Chen,Lead,,,,,,,0,FALSE
L-1487,12/15/2025,Paid Ads,Startup (1-10),SaaS,Tom Wilson,Closed Lost,12/19/2025,12/20/2025,1,12/20/2025,12/26/2025,,0,FALSE
L-1488,2/15/2026,Paid Ads,SMB (11-50),E-commerce,Priya Patel,MQL,2/17/2026,,,,,,0,FALSE
L-1489,8/20/2025,LinkedIn,Startup (1-10),Marketing,Priya Patel,Demo Booked,8/25/2025,8/27/2025,2,,,,0,FALSE
L-1490,6/12/2025,Paid Ads,Mid-Market (51-200),HR Tech,Alex Thompson,MQL,6/16/2025,,,,,,0,FALSE
L-1491,9/15/2025,Referral,Mid-Market (51-200),Logistics,James Chen,Demo Completed,9/16/2025,9/30/2025,14,9/30/2025,,,0,FALSE
L-1492,6/17/2025,LinkedIn,SMB (11-50),HealthTech,James Chen,MQL,6/19/2025,,,,,,0,FALSE
L-1493,5/12/2025,Paid Ads,Mid-Market (51-200),EdTech,Alex Thompson,MQL,5/13/2025,,,,,,0,FALSE
L-1494,1/6/2026,Organic Search,SMB (11-50),Logistics,James Chen,Lead,,,,,,,0,FALSE
L-1495,7/26/2025,LinkedIn,SMB (11-50),HealthTech,Alex Thompson,Demo Completed,7/31/2025,8/2/2025,2,8/3/2025,,,0,FALSE
L-1496,10/16/2025,Cold Outreach,Startup (1-10),EdTech,Alex Thompson,Lead,,,,,,,0,FALSE
L-1497,4/13/2025,Referral,Startup (1-10),Marketing,Priya Patel,Closed Won,4/17/2025,4/18/2025,1,4/21/2025,4/27/2025,5/15/2025,4232.94,FALSE
L-1498,8/23/2025,Organic Search,Startup (1-10),FinTech,Tom Wilson,Demo Completed,8/26/2025,9/3/2025,8,9/4/2025,,,0,FALSE
L-1499,4/15/2025,Paid Ads,Startup (1-10),Marketing,Priya Patel,MQL,4/20/2025,,,,,,0,FALSE
L-1500,7/15/2025,Paid Ads,Startup (1-10),Logistics,Maria Santos,MQL,7/20/2025,,,,,,0,FALSE
L-1501,9/3/2025,Paid Ads,Mid-Market (51-200),SaaS,Tom Wilson,MQL,9/4/2025,,,,,,0,FALSE
L-1502,12/18/2025,Paid Ads,Enterprise (200+),Marketing,James Chen,Demo Booked,12/19/2025,12/21/2025,2,,,,0,FALSE
L-1503,6/24/2025,Organic Search,SMB (11-50),Logistics,Tom Wilson,Lead,,,,,,,0,FALSE
L-1504,2/10/2026,Organic Search,SMB (11-50),SaaS,Maria Santos,MQL,2/11/2026,,,,,,0,FALSE
L-1505,9/3/2025,Referral,Mid-Market (51-200),Marketing,Maria Santos,MQL,9/8/2025,,,,,,0,FALSE
L-1506,10/8/2025,Paid Ads,SMB (11-50),SaaS,Priya Patel,MQL,10/12/2025,,,,,,0,FALSE
L-1507,6/12/2025,Paid Ads,Startup (1-10),HealthTech,Alex Thompson,Demo Completed,6/14/2025,6/15/2025,1,6/16/2025,,,0,FALSE
L-1508,4/12/2025,Cold Outreach,Mid-Market (51-200),Marketing,Alex Thompson,Lead,,,,,,,0,FALSE
L-1509,5/4/2025,Organic Search,Mid-Market (51-200),E-commerce,James Chen,Demo Completed,5/8/2025,5/19/2025,11,5/19/2025,,,0,FALSE
L-1510,12/2/2025,Paid Ads,Startup (1-10),Marketing,Alex Thompson,Demo Completed,12/5/2025,12/8/2025,3,12/8/2025,,,0,FALSE
L-1511,3/26/2026,Paid Ads,SMB (11-50),Logistics,Tom Wilson,MQL,3/28/2026,,,,,,0,FALSE
L-1512,10/6/2025,LinkedIn,Startup (1-10),HealthTech,Tom Wilson,Demo Completed,10/10/2025,10/20/2025,10,10/22/2025,,,0,FALSE
L-1513,11/26/2025,Paid Ads,Startup (1-10),Logistics,Alex Thompson,Lead,,,,,,,0,FALSE
L-1514,10/26/2025,LinkedIn,Startup (1-10),HR Tech,Tom Wilson,Demo Completed,10/30/2025,11/2/2025,3,11/5/2025,,,0,FALSE
L-1515,12/16/2025,Organic Search,Mid-Market (51-200),FinTech,Alex Thompson,Lead,,,,,,,0,FALSE
L-1516,2/18/2026,Cold Outreach,Startup (1-10),EdTech,Tom Wilson,Lead,,,,,,,0,FALSE
L-1517,3/21/2026,Paid Ads,Mid-Market (51-200),E-commerce,James Chen,MQL,3/25/2026,,,,,,0,FALSE
L-1518,4/3/2025,Cold Outreach,SMB (11-50),HealthTech,Tom Wilson,MQL,4/8/2025,,,,,,0,FALSE
L-1519,5/30/2025,Paid Ads,Startup (1-10),EdTech,Priya Patel,MQL,6/2/2025,,,,,,0,FALSE
L-1520,1/21/2026,Organic Search,Mid-Market (51-200),Logistics,James Chen,MQL,1/25/2026,,,,,,0,FALSE
L-1521,3/22/2026,Cold Outreach,Startup (1-10),HR Tech,James Chen,Lead,,,,,,,0,FALSE
L-1522,6/13/2025,Paid Ads,Startup (1-10),HealthTech,Priya Patel,Lead,,,,,,,0,FALSE
L-1523,7/17/2025,Referral,SMB (11-50),Logistics,Alex Thompson,MQL,7/18/2025,,,,,,0,FALSE
L-1524,7/16/2025,Paid Ads,Startup (1-10),Marketing,Maria Santos,Closed Lost,7/17/2025,7/21/2025,4,7/24/2025,7/29/2025,,0,FALSE
L-1525,1/27/2026,Organic Search,Startup (1-10),Logistics,Tom Wilson,Lead,,,,,,,0,FALSE
L-1526,12/12/2025,Referral,SMB (11-50),HR Tech,Maria Santos,Demo Completed,12/13/2025,12/24/2025,11,12/27/2025,,,0,FALSE
L-1527,10/12/2025,Referral,SMB (11-50),HR Tech,Maria Santos,Closed Won,10/16/2025,10/17/2025,1,10/18/2025,10/24/2025,11/3/2025,11456.23,FALSE
L-1528,9/6/2025,Paid Ads,Enterprise (200+),FinTech,Alex Thompson,Lead,,,,,,,0,FALSE
L-1529,4/6/2025,LinkedIn,SMB (11-50),Logistics,Maria Santos,Lead,,,,,,,0,FALSE
L-1530,11/14/2025,Organic Search,Mid-Market (51-200),FinTech,Tom Wilson,Demo Completed,11/16/2025,11/29/2025,13,11/29/2025,,,0,FALSE
L-1531,4/21/2025,Organic Search,Enterprise (200+),Marketing,James Chen,Closed Lost,4/24/2025,4/26/2025,2,4/26/2025,5/2/2025,,0,FALSE
L-1532,7/3/2025,Cold Outreach,Mid-Market (51-200),FinTech,Alex Thompson,MQL,7/8/2025,,,,,,0,FALSE
L-1533,6/24/2025,Paid Ads,SMB (11-50),HealthTech,Maria Santos,MQL,6/29/2025,,,,,,0,FALSE
L-1534,3/29/2026,Organic Search,SMB (11-50),Logistics,Maria Santos,MQL,4/1/2026,,,,,,0,FALSE
L-1535,1/11/2026,Paid Ads,SMB (11-50),Marketing,Priya Patel,Lead,,,,,,,0,FALSE
L-1536,10/23/2025,Paid Ads,Startup (1-10),EdTech,Priya Patel,MQL,10/25/2025,,,,,,0,FALSE
L-1537,1/18/2026,LinkedIn,Startup (1-10),E-commerce,Maria Santos,Closed Lost,1/20/2026,1/23/2026,3,1/24/2026,1/25/2026,,0,FALSE
L-1538,4/6/2025,Paid Ads,Startup (1-10),E-commerce,Priya Patel,MQL,4/11/2025,,,,,,0,FALSE
L-1539,6/10/2025,Paid Ads,Mid-Market (51-200),FinTech,Alex Thompson,MQL,6/12/2025,,,,,,0,FALSE
L-1540,12/2/2025,LinkedIn,Startup (1-10),HR Tech,Priya Patel,Demo Booked,12/4/2025,12/11/2025,7,,,,0,FALSE
L-1541,5/8/2025,Paid Ads,Mid-Market (51-200),HR Tech,Tom Wilson,Lead,,,,,,,0,FALSE
L-1542,8/13/2025,Paid Ads,Mid-Market (51-200),EdTech,James Chen,Demo Booked,8/17/2025,8/20/2025,3,,,,0,FALSE
L-1543,12/2/2025,Cold Outreach,SMB (11-50),SaaS,James Chen,Lead,,,,,,,0,FALSE
L-1544,2/1/2026,LinkedIn,Enterprise (200+),E-commerce,James Chen,MQL,2/5/2026,,,,,,0,FALSE
L-1545,5/14/2025,Organic Search,Startup (1-10),HealthTech,Tom Wilson,Lead,,,,,,,0,FALSE
L-1546,8/21/2025,LinkedIn,Mid-Market (51-200),FinTech,Alex Thompson,MQL,8/25/2025,,,,,,0,FALSE
L-1547,11/27/2025,Cold Outreach,SMB (11-50),EdTech,Alex Thompson,Lead,,,,,,,0,FALSE
L-1548,9/20/2025,Organic Search,Mid-Market (51-200),E-commerce,Priya Patel,MQL,9/24/2025,,,,,,0,FALSE
L-1549,2/17/2026,Organic Search,SMB (11-50),HealthTech,Alex Thompson,MQL,2/20/2026,,,,,,0,FALSE
L-1550,1/15/2026,Organic Search,Startup (1-10),EdTech,James Chen,Demo Completed,1/18/2026,1/31/2026,13,2/3/2026,,,0,FALSE
L-1551,7/7/2025,Paid Ads,SMB (11-50),E-commerce,Alex Thompson,Lead,,,,,,,0,FALSE
L-1552,11/23/2025,Organic Search,SMB (11-50),EdTech,James Chen,Demo Booked,11/25/2025,11/28/2025,3,,,,0,FALSE
L-1553,8/4/2025,LinkedIn,Startup (1-10),HR Tech,Alex Thompson,MQL,8/7/2025,,,,,,0,FALSE
L-1554,5/7/2025,Organic Search,SMB (11-50),Marketing,Tom Wilson,MQL,5/11/2025,,,,,,0,FALSE
L-1555,12/10/2025,Cold Outreach,Startup (1-10),SaaS,Alex Thompson,Lead,,,,,,,0,FALSE
L-1556,1/16/2026,Cold Outreach,SMB (11-50),Marketing,Tom Wilson,Lead,,,,,,,0,FALSE
L-1557,5/26/2025,Paid Ads,Enterprise (200+),HR Tech,Tom Wilson,Demo Booked,5/30/2025,6/1/2025,2,,,,0,FALSE
L-1558,5/26/2025,Cold Outreach,Startup (1-10),HealthTech,Alex Thompson,Lead,,,,,,,0,FALSE
L-1559,4/21/2025,Paid Ads,Mid-Market (51-200),Logistics,James Chen,Lead,,,,,,,0,FALSE
L-1560,8/20/2025,Organic Search,Startup (1-10),EdTech,Tom Wilson,Demo Completed,8/22/2025,8/25/2025,3,8/25/2025,,,0,FALSE
L-1561,1/3/2026,Paid Ads,Startup (1-10),Logistics,James Chen,Lead,,,,,,,0,FALSE
L-1562,6/3/2025,Cold Outreach,Startup (1-10),Marketing,Priya Patel,Closed Lost,6/7/2025,6/11/2025,4,6/12/2025,6/13/2025,,0,FALSE
L-1563,7/19/2025,Paid Ads,SMB (11-50),Logistics,Priya Patel,MQL,7/20/2025,,,,,,0,FALSE
L-1564,10/12/2025,Organic Search,Startup (1-10),Logistics,Tom Wilson,Closed Lost,10/15/2025,10/26/2025,11,10/28/2025,11/2/2025,,0,FALSE
L-1565,3/27/2026,LinkedIn,SMB (11-50),EdTech,James Chen,Closed Lost,3/31/2026,4/4/2026,4,4/6/2026,4/9/2026,,0,FALSE
L-1566,8/3/2025,Organic Search,Mid-Market (51-200),FinTech,Tom Wilson,Demo Completed,8/4/2025,8/5/2025,1,8/5/2025,,,0,FALSE
L-1567,8/9/2025,LinkedIn,Enterprise (200+),HealthTech,Priya Patel,Demo Completed,8/12/2025,8/15/2025,3,8/16/2025,,,0,FALSE
L-1568,3/29/2026,Cold Outreach,SMB (11-50),SaaS,Maria Santos,Lead,,,,,,,0,FALSE
L-1569,5/11/2025,Paid Ads,Mid-Market (51-200),FinTech,Alex Thompson,MQL,5/14/2025,,,,,,0,FALSE
L-1570,7/27/2025,Paid Ads,Mid-Market (51-200),Marketing,James Chen,MQL,7/29/2025,,,,,,0,FALSE
L-1571,3/2/2026,Paid Ads,Startup (1-10),FinTech,Tom Wilson,Lead,,,,,,,0,FALSE
L-1572,1/6/2026,LinkedIn,Mid-Market (51-200),E-commerce,Alex Thompson,MQL,1/10/2026,,,,,,0,FALSE
L-1573,3/31/2026,Paid Ads,Mid-Market (51-200),SaaS,Tom Wilson,Demo Completed,4/1/2026,4/3/2026,2,4/5/2026,,,0,FALSE
L-1574,9/14/2025,Paid Ads,Enterprise (200+),SaaS,Maria Santos,Lead,,,,,,,0,FALSE
L-1575,12/15/2025,LinkedIn,SMB (11-50),FinTech,Tom Wilson,Lead,,,,,,,0,FALSE
L-1576,6/7/2025,Organic Search,Startup (1-10),HR Tech,James Chen,MQL,6/12/2025,,,,,,0,FALSE
L-1577,6/29/2025,Organic Search,Startup (1-10),SaaS,Priya Patel,Lead,,,,,,,0,FALSE
L-1578,10/11/2025,LinkedIn,Startup (1-10),FinTech,Maria Santos,Demo Booked,10/14/2025,10/18/2025,4,,,,0,FALSE
L-1579,1/21/2026,Cold Outreach,SMB (11-50),EdTech,Tom Wilson,Lead,,,,,,,0,FALSE
L-1580,12/14/2025,LinkedIn,Mid-Market (51-200),Logistics,James Chen,Lead,,,,,,,0,FALSE
L-1581,10/6/2025,Paid Ads,Startup (1-10),HealthTech,Tom Wilson,Lead,,,,,,,0,FALSE
L-1582,9/1/2025,Paid Ads,Enterprise (200+),Logistics,Priya Patel,MQL,9/4/2025,,,,,,0,FALSE
L-1583,1/28/2026,LinkedIn,Startup (1-10),E-commerce,Priya Patel,Lead,,,,,,,0,FALSE
L-1584,8/4/2025,LinkedIn,Mid-Market (51-200),Marketing,Priya Patel,MQL,8/6/2025,,,,,,0,FALSE
L-1585,7/14/2025,Paid Ads,SMB (11-50),HR Tech,Alex Thompson,MQL,7/18/2025,,,,,,0,FALSE
L-1586,10/9/2025,Paid Ads,Startup (1-10),HealthTech,Alex Thompson,MQL,10/13/2025,,,,,,0,FALSE
L-1587,8/29/2025,Cold Outreach,Mid-Market (51-200),HealthTech,Tom Wilson,Lead,,,,,,,0,FALSE
L-1588,9/28/2025,Organic Search,SMB (11-50),HR Tech,Maria Santos,MQL,10/1/2025,,,,,,0,FALSE
L-1589,8/17/2025,Paid Ads,Enterprise (200+),E-commerce,Tom Wilson,Demo Completed,8/22/2025,8/25/2025,3,8/28/2025,,,0,FALSE
L-1590,12/6/2025,Paid Ads,SMB (11-50),HealthTech,Priya Patel,Demo Completed,12/11/2025,12/18/2025,7,12/21/2025,,,0,FALSE
L-1591,2/10/2026,Referral,Startup (1-10),SaaS,Maria Santos,Closed Lost,2/14/2026,2/15/2026,1,2/18/2026,2/22/2026,,0,FALSE
L-1592,4/1/2025,Cold Outreach,SMB (11-50),Marketing,James Chen,Lead,,,,,,,0,FALSE
L-1593,7/22/2025,Paid Ads,Startup (1-10),HR Tech,Maria Santos,MQL,7/24/2025,,,,,,0,FALSE
L-1594,2/10/2026,Organic Search,Startup (1-10),HR Tech,Alex Thompson,Lead,,,,,,,0,FALSE
L-1595,1/11/2026,Organic Search,SMB (11-50),Marketing,Tom Wilson,MQL,1/14/2026,,,,,,0,FALSE
L-1596,8/4/2025,Paid Ads,Startup (1-10),Marketing,Tom Wilson,MQL,8/5/2025,,,,,,0,FALSE
L-1597,10/25/2025,Paid Ads,Enterprise (200+),Marketing,Priya Patel,Demo Completed,10/30/2025,11/5/2025,6,11/6/2025,,,0,FALSE
L-1598,12/15/2025,Paid Ads,Enterprise (200+),HealthTech,Tom Wilson,Demo Completed,12/19/2025,12/22/2025,3,12/25/2025,,,0,FALSE
L-1599,10/25/2025,Referral,Mid-Market (51-200),FinTech,Priya Patel,Demo Completed,10/27/2025,11/6/2025,10,11/7/2025,,,0,FALSE
L-1600,7/19/2025,Cold Outreach,Enterprise (200+),Logistics,Tom Wilson,Lead,,,,,,,0,FALSE
L-1601,6/21/2025,LinkedIn,Startup (1-10),E-commerce,Alex Thompson,Demo Booked,6/26/2025,6/27/2025,1,,,,0,FALSE
L-1602,3/24/2026,Paid Ads,SMB (11-50),HR Tech,Maria Santos,Lead,,,,,,,0,FALSE
L-1603,6/8/2025,Cold Outreach,Startup (1-10),E-commerce,Maria Santos,MQL,6/11/2025,,,,,,0,FALSE
L-1604,6/24/2025,Cold Outreach,Mid-Market (51-200),HealthTech,Maria Santos,Lead,,,,,,,0,FALSE
L-1605,2/9/2026,Paid Ads,Startup (1-10),HealthTech,Maria Santos,MQL,2/11/2026,,,,,,0,FALSE
L-1606,8/15/2025,Cold Outreach,Mid-Market (51-200),HR Tech,Maria Santos,Lead,,,,,,,0,FALSE
L-1607,5/4/2025,Referral,SMB (11-50),Marketing,James Chen,Demo Completed,5/7/2025,5/19/2025,12,5/19/2025,,,0,FALSE
L-1608,10/1/2025,Paid Ads,Startup (1-10),HR Tech,Priya Patel,Lead,,,,,,,0,FALSE
L-1609,7/30/2025,Paid Ads,Mid-Market (51-200),Logistics,Priya Patel,Lead,,,,,,,0,FALSE
L-1610,11/23/2025,LinkedIn,Mid-Market (51-200),SaaS,James Chen,Closed Won,11/25/2025,12/9/2025,14,12/12/2025,12/18/2025,1/4/2026,38631.77,FALSE
L-1611,1/26/2026,LinkedIn,SMB (11-50),HealthTech,Tom Wilson,MQL,1/28/2026,,,,,,0,FALSE
L-1612,9/24/2025,Referral,SMB (11-50),Logistics,James Chen,MQL,9/25/2025,,,,,,0,FALSE
L-1613,3/4/2026,LinkedIn,SMB (11-50),HR Tech,Priya Patel,Lead,,,,,,,0,FALSE
L-1614,9/15/2025,LinkedIn,Mid-Market (51-200),HR Tech,James Chen,Lead,,,,,,,0,FALSE
L-1615,6/24/2025,LinkedIn,Mid-Market (51-200),E-commerce,Maria Santos,Lead,,,,,,,0,FALSE
L-1616,4/22/2025,Organic Search,SMB (11-50),EdTech,James Chen,Lead,,,,,,,0,FALSE
L-1617,7/2/2025,Paid Ads,SMB (11-50),Marketing,James Chen,MQL,7/3/2025,,,,,,0,FALSE
L-1618,4/2/2025,LinkedIn,Mid-Market (51-200),EdTech,Alex Thompson,Demo Booked,4/7/2025,4/17/2025,10,,,,0,FALSE
L-1619,1/28/2026,LinkedIn,Startup (1-10),Logistics,Tom Wilson,Lead,,,,,,,0,FALSE
L-1620,1/28/2026,Referral,SMB (11-50),FinTech,Priya Patel,MQL,2/2/2026,,,,,,0,FALSE
L-1621,1/27/2026,Organic Search,Startup (1-10),FinTech,Priya Patel,Demo Completed,1/28/2026,2/9/2026,12,2/10/2026,,,0,FALSE
L-1622,2/28/2026,LinkedIn,Startup (1-10),Marketing,Alex Thompson,Lead,,,,,,,0,FALSE
L-1623,8/14/2025,LinkedIn,Mid-Market (51-200),Marketing,Priya Patel,Demo Completed,8/16/2025,8/20/2025,4,8/20/2025,,,0,FALSE
L-1624,12/13/2025,Paid Ads,Mid-Market (51-200),Logistics,Maria Santos,Lead,,,,,,,0,FALSE
L-1625,3/6/2026,LinkedIn,Mid-Market (51-200),Marketing,Tom Wilson,Demo Booked,3/11/2026,3/17/2026,6,,,,0,FALSE
L-1626,3/2/2026,Organic Search,Mid-Market (51-200),E-commerce,Tom Wilson,Closed Lost,3/6/2026,3/8/2026,2,3/10/2026,3/13/2026,,0,FALSE
L-1627,10/3/2025,Organic Search,Enterprise (200+),SaaS,James Chen,Demo Booked,10/6/2025,10/12/2025,6,,,,0,FALSE
L-1628,8/17/2025,LinkedIn,Startup (1-10),SaaS,Maria Santos,Lead,,,,,,,0,FALSE
L-1629,12/30/2025,Paid Ads,SMB (11-50),HealthTech,Tom Wilson,Demo Completed,12/31/2025,1/3/2026,3,1/4/2026,,,0,FALSE
L-1630,5/15/2025,Paid Ads,Enterprise (200+),FinTech,Tom Wilson,Lead,,,,,,,0,FALSE
L-1631,2/18/2026,Paid Ads,SMB (11-50),SaaS,Priya Patel,MQL,2/21/2026,,,,,,0,FALSE
L-1632,6/25/2025,LinkedIn,SMB (11-50),Logistics,James Chen,MQL,6/29/2025,,,,,,0,FALSE
L-1633,1/11/2026,LinkedIn,Startup (1-10),SaaS,Priya Patel,Lead,,,,,,,0,FALSE
L-1634,4/19/2025,Organic Search,Mid-Market (51-200),SaaS,Maria Santos,MQL,4/20/2025,,,,,,0,FALSE
L-1635,10/30/2025,Paid Ads,Mid-Market (51-200),EdTech,Alex Thompson,Lead,,,,,,,0,FALSE
L-1636,6/8/2025,Paid Ads,SMB (11-50),HR Tech,Maria Santos,Lead,,,,,,,0,FALSE
L-1637,6/9/2025,Organic Search,SMB (11-50),HealthTech,Tom Wilson,MQL,6/14/2025,,,,,,0,FALSE
L-1638,8/4/2025,LinkedIn,SMB (11-50),FinTech,Alex Thompson,Demo Completed,8/8/2025,8/13/2025,5,8/14/2025,,,0,FALSE
L-1639,10/28/2025,LinkedIn,Enterprise (200+),Marketing,Alex Thompson,Lead,,,,,,,0,FALSE
L-1640,9/1/2025,Cold Outreach,SMB (11-50),HR Tech,Alex Thompson,Lead,,,,,,,0,FALSE
L-1641,6/10/2025,Paid Ads,Startup (1-10),E-commerce,Maria Santos,Lead,,,,,,,0,FALSE
L-1642,5/19/2025,Referral,Mid-Market (51-200),EdTech,Maria Santos,Lead,,,,,,,0,FALSE
L-1643,1/21/2026,LinkedIn,SMB (11-50),HealthTech,James Chen,Demo Completed,1/22/2026,1/31/2026,9,1/31/2026,,,0,FALSE
L-1644,3/3/2026,Organic Search,SMB (11-50),Marketing,Tom Wilson,MQL,3/7/2026,,,,,,0,FALSE
L-1645,3/3/2026,Paid Ads,Enterprise (200+),Logistics,Maria Santos,Demo Booked,3/4/2026,3/5/2026,1,,,,0,FALSE
L-1646,5/25/2025,Paid Ads,Mid-Market (51-200),Logistics,Tom Wilson,MQL,5/30/2025,,,,,,0,FALSE
L-1647,7/4/2025,Cold Outreach,Startup (1-10),EdTech,James Chen,Lead,,,,,,,0,FALSE
L-1648,7/21/2025,Organic Search,Mid-Market (51-200),FinTech,Priya Patel,Lead,,,,,,,0,FALSE
L-1649,4/3/2025,Paid Ads,Mid-Market (51-200),SaaS,Priya Patel,Lead,,,,,,,0,FALSE
L-1650,1/6/2026,LinkedIn,SMB (11-50),SaaS,Priya Patel,Demo Completed,1/10/2026,1/18/2026,8,1/19/2026,,,0,FALSE
L-1651,8/6/2025,Organic Search,Enterprise (200+),Marketing,Alex Thompson,MQL,8/7/2025,,,,,,0,FALSE
L-1652,10/25/2025,Paid Ads,SMB (11-50),FinTech,Maria Santos,MQL,10/28/2025,,,,,,0,FALSE
L-1653,6/7/2025,Organic Search,Mid-Market (51-200),HealthTech,James Chen,Lead,,,,,,,0,FALSE
L-1654,3/17/2026,Paid Ads,Startup (1-10),FinTech,Maria Santos,Demo Completed,3/19/2026,3/20/2026,1,3/20/2026,,,0,FALSE
L-1655,6/13/2025,Paid Ads,Startup (1-10),SaaS,Priya Patel,MQL,6/14/2025,,,,,,0,FALSE
L-1656,3/6/2026,Paid Ads,SMB (11-50),Marketing,Priya Patel,Demo Booked,3/8/2026,3/16/2026,8,,,,0,FALSE
L-1657,4/26/2025,Referral,SMB (11-50),Marketing,Priya Patel,Closed Won,4/30/2025,5/5/2025,5,5/6/2025,5/9/2025,5/24/2025,8124.72,FALSE
L-1658,11/19/2025,Organic Search,Mid-Market (51-200),HealthTech,Tom Wilson,Demo Completed,11/21/2025,12/3/2025,12,12/6/2025,,,0,FALSE
L-1659,10/14/2025,Cold Outreach,Startup (1-10),SaaS,Priya Patel,MQL,10/19/2025,,,,,,0,FALSE
L-1660,8/9/2025,Cold Outreach,Startup (1-10),EdTech,Tom Wilson,Lead,,,,,,,0,FALSE
L-1661,4/11/2025,Paid Ads,Mid-Market (51-200),Marketing,Priya Patel,Demo Booked,4/12/2025,4/21/2025,9,,,,0,FALSE
L-1662,12/27/2025,Referral,SMB (11-50),E-commerce,Priya Patel,Closed Lost,12/28/2025,1/1/2026,4,1/2/2026,1/5/2026,,0,FALSE
L-1663,7/12/2025,Organic Search,Mid-Market (51-200),Marketing,Tom Wilson,MQL,7/17/2025,,,,,,0,FALSE
L-1664,9/14/2025,Organic Search,SMB (11-50),SaaS,James Chen,Demo Completed,9/17/2025,9/19/2025,2,9/19/2025,,,0,FALSE
L-1665,4/23/2025,Paid Ads,Enterprise (200+),SaaS,Priya Patel,MQL,4/27/2025,,,,,,0,FALSE
L-1666,7/23/2025,LinkedIn,Startup (1-10),HR Tech,James Chen,Lead,,,,,,,0,FALSE
L-1667,1/26/2026,Paid Ads,Startup (1-10),Marketing,Maria Santos,MQL,1/29/2026,,,,,,0,FALSE
L-1668,7/31/2025,Cold Outreach,Enterprise (200+),HealthTech,Alex Thompson,Lead,,,,,,,0,FALSE
L-1669,11/30/2025,Paid Ads,Startup (1-10),SaaS,Maria Santos,Lead,,,,,,,0,FALSE
L-1670,7/20/2025,Organic Search,Mid-Market (51-200),FinTech,Priya Patel,Lead,,,,,,,0,FALSE
L-1671,8/21/2025,Cold Outreach,Startup (1-10),SaaS,Tom Wilson,MQL,8/24/2025,,,,,,0,FALSE
L-1672,5/20/2025,LinkedIn,SMB (11-50),E-commerce,Maria Santos,Lead,,,,,,,0,FALSE
L-1673,6/20/2025,Organic Search,Mid-Market (51-200),SaaS,James Chen,MQL,6/21/2025,,,,,,0,FALSE
L-1674,11/22/2025,Paid Ads,Startup (1-10),E-commerce,Alex Thompson,Demo Booked,11/26/2025,11/28/2025,2,,,,0,FALSE
L-1675,6/18/2025,Paid Ads,Mid-Market (51-200),Marketing,Priya Patel,Lead,,,,,,,0,FALSE
L-1676,6/27/2025,LinkedIn,Startup (1-10),Logistics,Maria Santos,Closed Lost,7/2/2025,7/6/2025,4,7/6/2025,7/7/2025,,0,FALSE
L-1677,6/20/2025,Referral,Startup (1-10),EdTech,Priya Patel,Lead,,,,,,,0,FALSE
L-1678,11/4/2025,Organic Search,Mid-Market (51-200),SaaS,Priya Patel,Closed Lost,11/8/2025,11/11/2025,3,11/11/2025,11/14/2025,,0,FALSE
L-1679,4/28/2025,Organic Search,Enterprise (200+),HealthTech,James Chen,MQL,5/3/2025,,,,,,0,FALSE
L-1680,12/22/2025,Paid Ads,SMB (11-50),E-commerce,Maria Santos,MQL,12/24/2025,,,,,,0,FALSE
L-1681,1/1/2026,Paid Ads,Startup (1-10),HealthTech,James Chen,Lead,,,,,,,0,FALSE
L-1682,9/18/2025,Paid Ads,SMB (11-50),Marketing,Alex Thompson,Demo Booked,9/20/2025,9/24/2025,4,,,,0,FALSE
L-1683,11/13/2025,Referral,Startup (1-10),E-commerce,Tom Wilson,Closed Won,11/18/2025,11/21/2025,3,11/23/2025,11/30/2025,12/7/2025,5191.1,FALSE
L-1684,6/24/2025,LinkedIn,Mid-Market (51-200),HealthTech,Alex Thompson,Lead,,,,,,,0,FALSE
L-1685,12/3/2025,LinkedIn,SMB (11-50),HealthTech,James Chen,Lead,,,,,,,0,FALSE
L-1686,2/17/2026,Paid Ads,Mid-Market (51-200),EdTech,Maria Santos,Lead,,,,,,,0,FALSE
L-1687,10/12/2025,Referral,Mid-Market (51-200),EdTech,Alex Thompson,Closed Won,10/17/2025,10/20/2025,3,10/21/2025,10/26/2025,11/11/2025,32734.18,FALSE
L-1688,2/13/2026,Paid Ads,Startup (1-10),Marketing,Tom Wilson,Lead,,,,,,,0,FALSE
L-1689,4/14/2025,Paid Ads,SMB (11-50),Logistics,Priya Patel,Demo Booked,4/15/2025,4/18/2025,3,,,,0,FALSE
L-1690,6/16/2025,Paid Ads,Mid-Market (51-200),Marketing,Tom Wilson,Demo Completed,6/21/2025,6/28/2025,7,6/30/2025,,,0,FALSE
L-1691,10/10/2025,Paid Ads,SMB (11-50),E-commerce,Tom Wilson,Lead,,,,,,,0,FALSE
L-1692,10/26/2025,Organic Search,Startup (1-10),HR Tech,Maria Santos,Demo Booked,10/30/2025,11/3/2025,4,,,,0,FALSE
L-1693,5/4/2025,LinkedIn,Mid-Market (51-200),E-commerce,James Chen,MQL,5/5/2025,,,,,,0,FALSE
L-1694,12/27/2025,LinkedIn,Startup (1-10),HealthTech,Tom Wilson,MQL,12/30/2025,,,,,,0,FALSE
L-1695,11/29/2025,Paid Ads,Mid-Market (51-200),E-commerce,Tom Wilson,MQL,12/1/2025,,,,,,0,FALSE
L-1696,8/16/2025,Organic Search,Mid-Market (51-200),HealthTech,Priya Patel,Demo Completed,8/17/2025,8/31/2025,14,9/2/2025,,,0,FALSE
L-1697,10/6/2025,Paid Ads,Startup (1-10),Logistics,James Chen,Lead,,,,,,,0,FALSE
L-1698,8/7/2025,LinkedIn,SMB (11-50),HealthTech,Alex Thompson,MQL,8/8/2025,,,,,,0,FALSE
L-1699,9/29/2025,Paid Ads,Enterprise (200+),Logistics,James Chen,Lead,,,,,,,0,FALSE
L-1700,10/24/2025,Organic Search,Startup (1-10),FinTech,James Chen,Demo Booked,10/27/2025,10/29/2025,2,,,,0,FALSE
L-1701,9/5/2025,LinkedIn,Mid-Market (51-200),HR Tech,Priya Patel,MQL,9/8/2025,,,,,,0,FALSE
L-1702,5/26/2025,Organic Search,Enterprise (200+),FinTech,James Chen,MQL,5/31/2025,,,,,,0,FALSE
L-1703,6/8/2025,Organic Search,Mid-Market (51-200),Marketing,Alex Thompson,MQL,6/9/2025,,,,,,0,FALSE
L-1704,8/1/2025,Paid Ads,Startup (1-10),FinTech,Alex Thompson,Demo Completed,8/3/2025,8/11/2025,8,8/13/2025,,,0,FALSE
L-1705,5/17/2025,Paid Ads,Mid-Market (51-200),E-commerce,Maria Santos,MQL,5/22/2025,,,,,,0,FALSE
L-1706,4/25/2025,Organic Search,Mid-Market (51-200),HealthTech,Tom Wilson,Demo Completed,4/27/2025,4/28/2025,1,4/30/2025,,,0,FALSE
L-1707,5/13/2025,Paid Ads,SMB (11-50),FinTech,Maria Santos,Lead,,,,,,,0,FALSE
L-1708,5/19/2025,Referral,SMB (11-50),EdTech,Priya Patel,MQL,5/24/2025,,,,,,0,FALSE
L-1709,7/4/2025,LinkedIn,Mid-Market (51-200),FinTech,Maria Santos,MQL,7/5/2025,,,,,,0,FALSE
L-1710,1/7/2026,Paid Ads,Startup (1-10),Logistics,Maria Santos,MQL,1/12/2026,,,,,,0,FALSE
L-1711,2/21/2026,Paid Ads,Mid-Market (51-200),EdTech,Priya Patel,Lead,,,,,,,0,FALSE
L-1712,4/2/2025,Paid Ads,Startup (1-10),HealthTech,Priya Patel,Lead,,,,,,,0,FALSE
L-1713,4/30/2025,Referral,SMB (11-50),EdTech,James Chen,Demo Completed,5/5/2025,5/18/2025,13,5/18/2025,,,0,FALSE
L-1714,4/14/2025,Paid Ads,SMB (11-50),HR Tech,Alex Thompson,Lead,,,,,,,0,FALSE
L-1715,7/20/2025,LinkedIn,SMB (11-50),E-commerce,James Chen,Lead,,,,,,,0,FALSE
L-1716,9/19/2025,Organic Search,Startup (1-10),HR Tech,Alex Thompson,Demo Completed,9/20/2025,9/21/2025,1,9/21/2025,,,0,FALSE
L-1717,12/9/2025,Referral,Mid-Market (51-200),EdTech,James Chen,Demo Completed,12/13/2025,12/26/2025,13,12/27/2025,,,0,FALSE
L-1718,12/23/2025,LinkedIn,Enterprise (200+),SaaS,Maria Santos,Lead,,,,,,,0,FALSE
L-1719,10/15/2025,Organic Search,SMB (11-50),HealthTech,Maria Santos,Demo Booked,10/19/2025,10/25/2025,6,,,,0,FALSE
L-1720,12/17/2025,Paid Ads,SMB (11-50),FinTech,Priya Patel,MQL,12/21/2025,,,,,,0,FALSE
L-1721,2/24/2026,Organic Search,Mid-Market (51-200),Logistics,Tom Wilson,Lead,,,,,,,0,FALSE
L-1722,4/21/2025,Referral,Enterprise (200+),Marketing,Alex Thompson,MQL,4/24/2025,,,,,,0,FALSE
L-1723,9/23/2025,Paid Ads,SMB (11-50),HR Tech,James Chen,MQL,9/27/2025,,,,,,0,FALSE
L-1724,4/24/2025,Cold Outreach,Mid-Market (51-200),E-commerce,Priya Patel,MQL,4/27/2025,,,,,,0,FALSE
L-1725,3/20/2026,Paid Ads,Startup (1-10),EdTech,Priya Patel,Lead,,,,,,,0,FALSE
L-1726,1/23/2026,Referral,Startup (1-10),EdTech,Tom Wilson,Demo Completed,1/26/2026,1/31/2026,5,2/2/2026,,,0,FALSE
L-1727,1/19/2026,Paid Ads,Mid-Market (51-200),Logistics,Tom Wilson,Lead,,,,,,,0,FALSE
L-1728,12/24/2025,LinkedIn,Mid-Market (51-200),HR Tech,Maria Santos,MQL,12/29/2025,,,,,,0,FALSE
L-1729,9/17/2025,Organic Search,Mid-Market (51-200),SaaS,James Chen,Demo Booked,9/20/2025,10/4/2025,14,,,,0,FALSE
L-1730,7/4/2025,Paid Ads,Startup (1-10),SaaS,Maria Santos,Lead,,,,,,,0,FALSE
L-1731,10/24/2025,LinkedIn,Startup (1-10),E-commerce,Priya Patel,Demo Completed,10/25/2025,10/26/2025,1,10/26/2025,,,0,FALSE
L-1732,7/20/2025,Organic Search,Enterprise (200+),HR Tech,James Chen,Demo Completed,7/22/2025,8/1/2025,10,8/3/2025,,,0,FALSE
L-1733,4/2/2025,Cold Outreach,SMB (11-50),FinTech,Alex Thompson,Lead,,,,,,,0,FALSE
L-1734,3/22/2026,Cold Outreach,Enterprise (200+),HealthTech,James Chen,Lead,,,,,,,0,FALSE
L-1735,1/28/2026,Organic Search,Startup (1-10),E-commerce,Priya Patel,Lead,,,,,,,0,FALSE
L-1736,1/7/2026,Organic Search,Startup (1-10),Marketing,Maria Santos,Closed Lost,1/11/2026,1/12/2026,1,1/15/2026,1/22/2026,,0,FALSE
L-1737,9/20/2025,Paid Ads,Startup (1-10),EdTech,Tom Wilson,Lead,,,,,,,0,FALSE
L-1738,10/22/2025,LinkedIn,Startup (1-10),SaaS,Alex Thompson,Demo Booked,10/24/2025,10/27/2025,3,,,,0,FALSE
L-1739,7/24/2025,LinkedIn,Mid-Market (51-200),E-commerce,Priya Patel,Demo Completed,7/29/2025,8/2/2025,4,8/5/2025,,,0,FALSE
L-1740,4/25/2025,Paid Ads,Mid-Market (51-200),EdTech,Maria Santos,Lead,,,,,,,0,FALSE
L-1741,8/29/2025,Organic Search,Startup (1-10),Marketing,Maria Santos,MQL,8/30/2025,,,,,,0,FALSE
L-1742,7/10/2025,Paid Ads,SMB (11-50),E-commerce,Tom Wilson,Lead,,,,,,,0,FALSE
L-1743,10/6/2025,Cold Outreach,Mid-Market (51-200),E-commerce,Maria Santos,Closed Lost,10/9/2025,10/13/2025,4,10/14/2025,10/18/2025,,0,FALSE
L-1744,1/31/2026,LinkedIn,Mid-Market (51-200),Logistics,James Chen,MQL,2/1/2026,,,,,,0,FALSE
L-1745,4/25/2025,Paid Ads,Mid-Market (51-200),HR Tech,Priya Patel,Lead,,,,,,,0,FALSE
L-1746,4/12/2025,Organic Search,Enterprise (200+),HealthTech,Alex Thompson,MQL,4/17/2025,,,,,,0,FALSE
L-1747,11/19/2025,Paid Ads,Enterprise (200+),SaaS,James Chen,MQL,11/21/2025,,,,,,0,FALSE
L-1748,9/24/2025,Paid Ads,Mid-Market (51-200),E-commerce,James Chen,Lead,,,,,,,0,FALSE
L-1749,4/6/2025,Organic Search,SMB (11-50),HealthTech,Priya Patel,MQL,4/8/2025,,,,,,0,FALSE
L-1750,7/22/2025,Paid Ads,Startup (1-10),Logistics,Maria Santos,Lead,,,,,,,0,FALSE
L-1751,11/26/2025,Paid Ads,SMB (11-50),EdTech,James Chen,MQL,12/1/2025,,,,,,0,FALSE
L-1752,3/8/2026,Organic Search,Startup (1-10),HR Tech,Maria Santos,Demo Completed,3/11/2026,3/18/2026,7,3/19/2026,,,0,FALSE
L-1753,8/20/2025,Paid Ads,Startup (1-10),HealthTech,Priya Patel,Demo Completed,8/21/2025,8/30/2025,9,8/30/2025,,,0,FALSE
L-1754,6/27/2025,Cold Outreach,Mid-Market (51-200),HR Tech,Tom Wilson,Lead,,,,,,,0,FALSE
L-1755,1/27/2026,Paid Ads,Mid-Market (51-200),HealthTech,Priya Patel,Demo Booked,1/29/2026,1/31/2026,2,,,,0,FALSE
L-1756,11/11/2025,Paid Ads,SMB (11-50),HR Tech,Tom Wilson,MQL,11/15/2025,,,,,,0,FALSE
L-1757,12/20/2025,Paid Ads,Mid-Market (51-200),SaaS,Maria Santos,Closed Lost,12/23/2025,12/26/2025,3,12/26/2025,1/1/2026,,0,FALSE
L-1758,12/1/2025,LinkedIn,SMB (11-50),HealthTech,Priya Patel,MQL,12/5/2025,,,,,,0,FALSE
L-1759,10/4/2025,Organic Search,Enterprise (200+),E-commerce,Maria Santos,Closed Lost,10/8/2025,10/9/2025,1,10/11/2025,10/12/2025,,0,FALSE
L-1760,1/2/2026,Referral,Mid-Market (51-200),FinTech,Alex Thompson,Lead,,,,,,,0,FALSE
L-1761,6/16/2025,Cold Outreach,Mid-Market (51-200),Logistics,Tom Wilson,Lead,,,,,,,0,FALSE
L-1762,1/18/2026,Organic Search,Mid-Market (51-200),E-commerce,Maria Santos,Closed Lost,1/23/2026,2/6/2026,14,2/8/2026,2/13/2026,,0,FALSE
L-1763,6/4/2025,Paid Ads,SMB (11-50),FinTech,James Chen,Lead,,,,,,,0,FALSE
L-1764,3/21/2026,Paid Ads,SMB (11-50),FinTech,Tom Wilson,Lead,,,,,,,0,FALSE
L-1765,8/28/2025,Referral,SMB (11-50),Marketing,Tom Wilson,MQL,8/31/2025,,,,,,0,FALSE
L-1766,8/24/2025,Paid Ads,Mid-Market (51-200),HealthTech,Maria Santos,MQL,8/29/2025,,,,,,0,FALSE
L-1767,5/17/2025,Cold Outreach,Mid-Market (51-200),FinTech,Priya Patel,Lead,,,,,,,0,FALSE
L-1768,10/17/2025,Paid Ads,Enterprise (200+),Logistics,Priya Patel,MQL,10/22/2025,,,,,,0,FALSE
L-1769,10/12/2025,Referral,Startup (1-10),HR Tech,Alex Thompson,Demo Completed,10/17/2025,10/29/2025,12,10/30/2025,,,0,FALSE
L-1770,6/6/2025,Organic Search,SMB (11-50),HR Tech,James Chen,Demo Completed,6/11/2025,6/12/2025,1,6/15/2025,,,0,FALSE
L-1771,3/23/2026,Referral,Mid-Market (51-200),EdTech,Maria Santos,Closed Won,3/24/2026,3/27/2026,3,3/30/2026,3/31/2026,4/12/2026,26387.91,FALSE
L-1772,8/7/2025,LinkedIn,SMB (11-50),EdTech,Alex Thompson,Demo Booked,8/12/2025,8/16/2025,4,,,,0,FALSE
L-1773,3/16/2026,Referral,Startup (1-10),SaaS,James Chen,MQL,3/21/2026,,,,,,0,FALSE
L-1774,1/5/2026,LinkedIn,Mid-Market (51-200),SaaS,James Chen,Lead,,,,,,,0,FALSE
L-1775,6/24/2025,Cold Outreach,Enterprise (200+),EdTech,Priya Patel,Demo Booked,6/27/2025,6/30/2025,3,,,,0,FALSE
L-1776,1/27/2026,Organic Search,Enterprise (200+),E-commerce,Priya Patel,Demo Booked,1/29/2026,2/1/2026,3,,,,0,FALSE
L-1777,10/5/2025,Organic Search,SMB (11-50),Logistics,Alex Thompson,Demo Completed,10/9/2025,10/13/2025,4,10/16/2025,,,0,FALSE
L-1778,9/4/2025,Paid Ads,Startup (1-10),FinTech,James Chen,Lead,,,,,,,0,FALSE
L-1779,12/3/2025,Paid Ads,Mid-Market (51-200),HealthTech,Maria Santos,Demo Booked,12/5/2025,12/8/2025,3,,,,0,FALSE
L-1780,5/16/2025,Paid Ads,SMB (11-50),Logistics,Alex Thompson,Demo Booked,5/20/2025,5/23/2025,3,,,,0,FALSE
L-1781,12/25/2025,Organic Search,Enterprise (200+),Logistics,Priya Patel,Demo Completed,12/29/2025,1/1/2026,3,1/2/2026,,,0,FALSE
L-1782,9/29/2025,Referral,Startup (1-10),HealthTech,Maria Santos,Closed Won,10/3/2025,10/4/2025,1,10/5/2025,10/6/2025,10/17/2025,3246.04,FALSE
L-1783,6/10/2025,Organic Search,Mid-Market (51-200),Logistics,James Chen,Lead,,,,,,,0,FALSE
L-1784,4/30/2025,Organic Search,Enterprise (200+),Logistics,Priya Patel,Lead,,,,,,,0,FALSE
L-1785,1/1/2026,LinkedIn,SMB (11-50),Logistics,Priya Patel,MQL,1/4/2026,,,,,,0,FALSE
L-1786,1/3/2026,Paid Ads,Mid-Market (51-200),EdTech,Alex Thompson,Lead,,,,,,,0,FALSE
L-1787,3/31/2026,LinkedIn,SMB (11-50),EdTech,Alex Thompson,Lead,,,,,,,0,FALSE
L-1788,5/31/2025,Paid Ads,SMB (11-50),Marketing,Tom Wilson,Lead,,,,,,,0,FALSE
L-1789,6/9/2025,LinkedIn,SMB (11-50),EdTech,Maria Santos,Lead,,,,,,,0,FALSE
L-1790,10/8/2025,Paid Ads,Startup (1-10),E-commerce,Alex Thompson,MQL,10/13/2025,,,,,,0,FALSE
L-1791,9/14/2025,Paid Ads,Enterprise (200+),E-commerce,Maria Santos,Lead,,,,,,,0,FALSE
L-1792,4/18/2025,Paid Ads,Startup (1-10),EdTech,Priya Patel,MQL,4/22/2025,,,,,,0,FALSE
L-1793,12/23/2025,Paid Ads,Startup (1-10),Marketing,Alex Thompson,Demo Booked,12/27/2025,12/31/2025,4,,,,0,FALSE
L-1794,8/28/2025,Cold Outreach,Startup (1-10),HR Tech,Priya Patel,Lead,,,,,,,0,FALSE
L-1795,3/27/2026,Paid Ads,Startup (1-10),EdTech,Tom Wilson,Demo Booked,3/30/2026,3/31/2026,1,,,,0,FALSE
L-1796,7/7/2025,LinkedIn,Mid-Market (51-200),HealthTech,James Chen,Lead,,,,,,,0,FALSE
L-1797,2/14/2026,Paid Ads,SMB (11-50),FinTech,Alex Thompson,MQL,2/18/2026,,,,,,0,FALSE
L-1798,12/7/2025,Cold Outreach,SMB (11-50),Logistics,Alex Thompson,MQL,12/12/2025,,,,,,0,FALSE
L-1799,12/22/2025,Paid Ads,Startup (1-10),HR Tech,Priya Patel,Lead,,,,,,,0,FALSE
L-1800,12/2/2025,Referral,Startup (1-10),E-commerce,Alex Thompson,Closed Lost,12/5/2025,12/18/2025,13,12/21/2025,12/26/2025,,0,FALSE
L-1801,3/3/2026,Paid Ads,SMB (11-50),HR Tech,Priya Patel,Lead,,,,,,,0,FALSE
L-1802,6/1/2025,LinkedIn,SMB (11-50),E-commerce,Priya Patel,Lead,,,,,,,0,FALSE
L-1803,11/13/2025,Paid Ads,SMB (11-50),SaaS,James Chen,Lead,,,,,,,0,FALSE
L-1804,9/14/2025,LinkedIn,Enterprise (200+),E-commerce,Maria Santos,MQL,9/16/2025,,,,,,0,FALSE
L-1805,5/22/2025,Organic Search,SMB (11-50),Logistics,James Chen,Lead,,,,,,,0,FALSE
L-1806,7/30/2025,LinkedIn,Mid-Market (51-200),HealthTech,Alex Thompson,Demo Booked,8/1/2025,8/11/2025,10,,,,0,FALSE
L-1807,1/10/2026,Paid Ads,SMB (11-50),SaaS,Alex Thompson,Lead,,,,,,,0,FALSE
L-1808,7/22/2025,Paid Ads,Startup (1-10),HR Tech,Priya Patel,Demo Booked,7/26/2025,7/27/2025,1,,,,0,FALSE
L-1809,5/30/2025,Organic Search,Enterprise (200+),HR Tech,Tom Wilson,MQL,6/3/2025,,,,,,0,FALSE
L-1810,1/18/2026,LinkedIn,SMB (11-50),FinTech,James Chen,Demo Completed,1/19/2026,1/27/2026,8,1/30/2026,,,0,FALSE
L-1811,1/22/2026,Paid Ads,Mid-Market (51-200),EdTech,James Chen,Lead,,,,,,,0,FALSE
L-1812,4/15/2025,Cold Outreach,SMB (11-50),E-commerce,James Chen,Lead,,,,,,,0,FALSE
L-1813,4/28/2025,LinkedIn,Startup (1-10),EdTech,Priya Patel,Demo Completed,4/30/2025,5/9/2025,9,5/12/2025,,,0,FALSE
L-1814,3/21/2026,Organic Search,SMB (11-50),EdTech,James Chen,Lead,,,,,,,0,FALSE
L-1815,7/31/2025,LinkedIn,SMB (11-50),EdTech,James Chen,Lead,,,,,,,0,FALSE
L-1816,4/9/2025,Organic Search,Startup (1-10),FinTech,James Chen,Demo Booked,4/12/2025,4/18/2025,6,,,,0,FALSE
L-1817,6/23/2025,Organic Search,Startup (1-10),HealthTech,Alex Thompson,Lead,,,,,,,0,FALSE
L-1818,6/16/2025,LinkedIn,SMB (11-50),HealthTech,Maria Santos,Lead,,,,,,,0,FALSE
L-1819,5/18/2025,Paid Ads,Enterprise (200+),EdTech,Maria Santos,Closed Won,5/22/2025,5/27/2025,5,5/27/2025,5/31/2025,6/28/2025,90730.92,FALSE
L-1820,6/17/2025,Cold Outreach,Startup (1-10),FinTech,James Chen,Demo Booked,6/19/2025,6/23/2025,4,,,,0,FALSE
L-1821,5/28/2025,Paid Ads,SMB (11-50),HealthTech,Maria Santos,Demo Booked,5/29/2025,5/31/2025,2,,,,0,FALSE
L-1822,7/11/2025,Organic Search,Mid-Market (51-200),HR Tech,James Chen,Lead,,,,,,,0,FALSE
L-1823,7/8/2025,LinkedIn,Startup (1-10),Marketing,Tom Wilson,Demo Booked,7/11/2025,7/12/2025,1,,,,0,FALSE
L-1824,8/23/2025,LinkedIn,Mid-Market (51-200),HealthTech,James Chen,Demo Completed,8/24/2025,8/28/2025,4,8/28/2025,,,0,FALSE
L-1825,6/5/2025,Paid Ads,Startup (1-10),Marketing,Priya Patel,Demo Booked,6/10/2025,6/20/2025,10,,,,0,FALSE
L-1826,3/8/2026,Paid Ads,Mid-Market (51-200),FinTech,James Chen,Lead,,,,,,,0,FALSE
L-1827,5/20/2025,Paid Ads,Mid-Market (51-200),HR Tech,Maria Santos,Closed Lost,5/24/2025,5/27/2025,3,5/29/2025,6/2/2025,,0,FALSE
L-1828,5/9/2025,Cold Outreach,Startup (1-10),FinTech,Alex Thompson,Lead,,,,,,,0,FALSE
L-1829,11/3/2025,LinkedIn,Startup (1-10),HR Tech,Maria Santos,Closed Lost,11/8/2025,11/10/2025,2,11/10/2025,11/16/2025,,0,FALSE
L-1830,7/26/2025,Organic Search,Mid-Market (51-200),FinTech,Priya Patel,Demo Booked,7/29/2025,7/30/2025,1,,,,0,FALSE
L-1831,3/26/2026,Paid Ads,Mid-Market (51-200),FinTech,James Chen,Lead,,,,,,,0,FALSE
L-1832,2/10/2026,Paid Ads,Startup (1-10),HealthTech,Maria Santos,MQL,2/14/2026,,,,,,0,FALSE
L-1833,11/3/2025,Organic Search,Mid-Market (51-200),HR Tech,Alex Thompson,Lead,,,,,,,0,FALSE
L-1834,3/13/2026,Paid Ads,Startup (1-10),HR Tech,Tom Wilson,Lead,,,,,,,0,FALSE
L-1835,8/7/2025,Paid Ads,Startup (1-10),E-commerce,James Chen,Demo Completed,8/8/2025,8/11/2025,3,8/11/2025,,,0,FALSE
L-1836,4/14/2025,LinkedIn,SMB (11-50),FinTech,James Chen,Lead,,,,,,,0,FALSE
L-1837,11/17/2025,LinkedIn,SMB (11-50),SaaS,Maria Santos,Churned,11/18/2025,11/22/2025,4,11/22/2025,11/28/2025,12/8/2025,7777.59,TRUE
L-1838,5/14/2025,LinkedIn,Enterprise (200+),FinTech,Priya Patel,Demo Booked,5/15/2025,5/16/2025,1,,,,0,FALSE
L-1839,12/28/2025,Paid Ads,Enterprise (200+),Marketing,Alex Thompson,Lead,,,,,,,0,FALSE
L-1840,5/29/2025,Organic Search,Startup (1-10),Logistics,James Chen,Lead,,,,,,,0,FALSE
L-1841,12/29/2025,Paid Ads,SMB (11-50),E-commerce,Alex Thompson,Lead,,,,,,,0,FALSE
L-1842,8/8/2025,Referral,SMB (11-50),Logistics,Tom Wilson,Demo Completed,8/10/2025,8/11/2025,1,8/12/2025,,,0,FALSE
L-1843,11/10/2025,Paid Ads,Mid-Market (51-200),HR Tech,Alex Thompson,Lead,,,,,,,0,FALSE
L-1844,5/3/2025,Organic Search,Startup (1-10),EdTech,Tom Wilson,MQL,5/5/2025,,,,,,0,FALSE
L-1845,10/30/2025,Organic Search,Startup (1-10),Marketing,Priya Patel,MQL,11/2/2025,,,,,,0,FALSE
L-1846,4/26/2025,Referral,Startup (1-10),HealthTech,Maria Santos,Closed Lost,4/30/2025,5/1/2025,1,5/3/2025,5/8/2025,,0,FALSE
L-1847,4/2/2025,Organic Search,Mid-Market (51-200),Marketing,Tom Wilson,Demo Completed,4/3/2025,4/5/2025,2,4/5/2025,,,0,FALSE
L-1848,2/5/2026,Paid Ads,Mid-Market (51-200),HR Tech,Priya Patel,MQL,2/9/2026,,,,,,0,FALSE
L-1849,10/30/2025,Referral,Startup (1-10),HR Tech,Maria Santos,Demo Booked,11/4/2025,11/15/2025,11,,,,0,FALSE
L-1850,12/2/2025,Paid Ads,SMB (11-50),FinTech,Priya Patel,Demo Completed,12/4/2025,12/6/2025,2,12/8/2025,,,0,FALSE
L-1851,5/5/2025,Cold Outreach,Enterprise (200+),HR Tech,Maria Santos,Lead,,,,,,,0,FALSE
L-1852,4/14/2025,Cold Outreach,Startup (1-10),Logistics,James Chen,MQL,4/15/2025,,,,,,0,FALSE
L-1853,5/16/2025,LinkedIn,SMB (11-50),E-commerce,Maria Santos,MQL,5/18/2025,,,,,,0,FALSE
L-1854,1/5/2026,Referral,Mid-Market (51-200),Marketing,Maria Santos,Lead,,,,,,,0,FALSE
L-1855,5/28/2025,LinkedIn,Startup (1-10),HR Tech,James Chen,MQL,6/1/2025,,,,,,0,FALSE
L-1856,4/16/2025,LinkedIn,SMB (11-50),Marketing,Tom Wilson,Lead,,,,,,,0,FALSE
L-1857,9/3/2025,LinkedIn,Enterprise (200+),Logistics,Alex Thompson,MQL,9/5/2025,,,,,,0,FALSE
L-1858,12/19/2025,Organic Search,Enterprise (200+),EdTech,Tom Wilson,Demo Booked,12/21/2025,12/25/2025,4,,,,0,FALSE
L-1859,1/2/2026,Organic Search,Startup (1-10),FinTech,Alex Thompson,Demo Completed,1/6/2026,1/13/2026,7,1/13/2026,,,0,FALSE
L-1860,12/18/2025,Organic Search,Mid-Market (51-200),HealthTech,James Chen,Lead,,,,,,,0,FALSE
L-1861,3/10/2026,Referral,SMB (11-50),E-commerce,Tom Wilson,Demo Completed,3/15/2026,3/29/2026,14,4/1/2026,,,0,FALSE
L-1862,5/31/2025,Paid Ads,Startup (1-10),EdTech,James Chen,MQL,6/1/2025,,,,,,0,FALSE
L-1863,1/8/2026,Organic Search,SMB (11-50),FinTech,Priya Patel,Demo Completed,1/10/2026,1/20/2026,10,1/23/2026,,,0,FALSE
L-1864,8/28/2025,LinkedIn,Mid-Market (51-200),Logistics,James Chen,Lead,,,,,,,0,FALSE
L-1865,10/10/2025,Cold Outreach,Enterprise (200+),Marketing,Tom Wilson,Lead,,,,,,,0,FALSE
L-1866,8/15/2025,Paid Ads,Startup (1-10),Logistics,Maria Santos,Closed Lost,8/18/2025,8/22/2025,4,8/25/2025,8/28/2025,,0,FALSE
L-1867,1/5/2026,Paid Ads,Mid-Market (51-200),Marketing,Tom Wilson,MQL,1/10/2026,,,,,,0,FALSE
L-1868,10/22/2025,Cold Outreach,Mid-Market (51-200),Marketing,Tom Wilson,Lead,,,,,,,0,FALSE
L-1869,8/11/2025,Organic Search,SMB (11-50),Logistics,James Chen,MQL,8/13/2025,,,,,,0,FALSE
L-1870,4/12/2025,LinkedIn,SMB (11-50),HealthTech,Priya Patel,Lead,,,,,,,0,FALSE
L-1871,1/26/2026,Paid Ads,Startup (1-10),SaaS,Maria Santos,Lead,,,,,,,0,FALSE
L-1872,10/26/2025,Cold Outreach,Startup (1-10),E-commerce,James Chen,MQL,10/28/2025,,,,,,0,FALSE
L-1873,4/23/2025,Organic Search,Startup (1-10),E-commerce,James Chen,Lead,,,,,,,0,FALSE
L-1874,3/25/2026,Paid Ads,SMB (11-50),Logistics,Alex Thompson,Demo Completed,3/27/2026,3/30/2026,3,3/30/2026,,,0,FALSE
L-1875,4/15/2025,Referral,Mid-Market (51-200),Marketing,Alex Thompson,Demo Completed,4/19/2025,5/1/2025,12,5/1/2025,,,0,FALSE
L-1876,1/3/2026,Paid Ads,Startup (1-10),FinTech,Tom Wilson,Lead,,,,,,,0,FALSE
L-1877,6/14/2025,LinkedIn,Mid-Market (51-200),HR Tech,Tom Wilson,Demo Completed,6/15/2025,6/28/2025,13,6/29/2025,,,0,FALSE
L-1878,1/5/2026,Referral,Enterprise (200+),Logistics,Alex Thompson,Closed Won,1/10/2026,1/12/2026,2,1/15/2026,1/20/2026,2/5/2026,97585.62,FALSE
L-1879,5/27/2025,Paid Ads,SMB (11-50),EdTech,Maria Santos,MQL,5/29/2025,,,,,,0,FALSE
L-1880,8/5/2025,Referral,Startup (1-10),HR Tech,Alex Thompson,MQL,8/9/2025,,,,,,0,FALSE
L-1881,11/3/2025,Paid Ads,Startup (1-10),HR Tech,Maria Santos,Closed Lost,11/4/2025,11/8/2025,4,11/9/2025,11/14/2025,,0,FALSE
L-1882,4/26/2025,Organic Search,Startup (1-10),HR Tech,Maria Santos,Closed Lost,5/1/2025,5/3/2025,2,5/4/2025,5/8/2025,,0,FALSE
L-1883,12/11/2025,Referral,Startup (1-10),Logistics,Priya Patel,Closed Lost,12/14/2025,12/17/2025,3,12/19/2025,12/26/2025,,0,FALSE
L-1884,11/17/2025,LinkedIn,SMB (11-50),FinTech,Tom Wilson,Lead,,,,,,,0,FALSE
L-1885,12/16/2025,Paid Ads,SMB (11-50),SaaS,James Chen,Lead,,,,,,,0,FALSE
L-1886,10/25/2025,Paid Ads,Startup (1-10),EdTech,Alex Thompson,Lead,,,,,,,0,FALSE
L-1887,9/20/2025,LinkedIn,Mid-Market (51-200),E-commerce,Priya Patel,Lead,,,,,,,0,FALSE
L-1888,2/6/2026,Paid Ads,SMB (11-50),EdTech,Tom Wilson,Demo Completed,2/7/2026,2/14/2026,7,2/15/2026,,,0,FALSE
L-1889,3/22/2026,Cold Outreach,Mid-Market (51-200),Logistics,Priya Patel,Lead,,,,,,,0,FALSE
L-1890,5/5/2025,Paid Ads,Startup (1-10),EdTech,Tom Wilson,Demo Booked,5/6/2025,5/9/2025,3,,,,0,FALSE
L-1891,12/21/2025,LinkedIn,Mid-Market (51-200),Marketing,Tom Wilson,Demo Completed,12/22/2025,12/23/2025,1,12/26/2025,,,0,FALSE
L-1892,6/28/2025,Organic Search,SMB (11-50),SaaS,Maria Santos,Demo Booked,7/1/2025,7/2/2025,1,,,,0,FALSE
L-1893,5/9/2025,Organic Search,Startup (1-10),E-commerce,Priya Patel,MQL,5/10/2025,,,,,,0,FALSE
L-1894,9/23/2025,Paid Ads,SMB (11-50),SaaS,Priya Patel,MQL,9/26/2025,,,,,,0,FALSE
L-1895,1/9/2026,LinkedIn,Mid-Market (51-200),FinTech,Priya Patel,Demo Completed,1/11/2026,1/14/2026,3,1/15/2026,,,0,FALSE
L-1896,4/17/2025,LinkedIn,SMB (11-50),Marketing,Maria Santos,Lead,,,,,,,0,FALSE
L-1897,2/28/2026,Organic Search,SMB (11-50),EdTech,Alex Thompson,MQL,3/2/2026,,,,,,0,FALSE
L-1898,6/18/2025,LinkedIn,Startup (1-10),E-commerce,James Chen,Lead,,,,,,,0,FALSE
L-1899,5/14/2025,Cold Outreach,Startup (1-10),HR Tech,Tom Wilson,Lead,,,,,,,0,FALSE
L-1900,3/7/2026,Cold Outreach,SMB (11-50),SaaS,James Chen,MQL,3/9/2026,,,,,,0,FALSE
L-1901,5/8/2025,Paid Ads,Mid-Market (51-200),Logistics,James Chen,Lead,,,,,,,0,FALSE
L-1902,2/5/2026,Organic Search,Startup (1-10),FinTech,Maria Santos,Lead,,,,,,,0,FALSE
L-1903,2/20/2026,Cold Outreach,Mid-Market (51-200),Marketing,Alex Thompson,MQL,2/24/2026,,,,,,0,FALSE
L-1904,2/14/2026,LinkedIn,Startup (1-10),E-commerce,Alex Thompson,Lead,,,,,,,0,FALSE
L-1905,4/19/2025,Paid Ads,Startup (1-10),Marketing,Maria Santos,Lead,,,,,,,0,FALSE
L-1906,5/6/2025,LinkedIn,Mid-Market (51-200),HealthTech,Tom Wilson,Lead,,,,,,,0,FALSE
L-1907,5/5/2025,Organic Search,SMB (11-50),Marketing,Tom Wilson,Lead,,,,,,,0,FALSE
L-1908,3/10/2026,Paid Ads,Startup (1-10),Marketing,Alex Thompson,Lead,,,,,,,0,FALSE
L-1909,10/3/2025,Paid Ads,SMB (11-50),SaaS,Tom Wilson,Lead,,,,,,,0,FALSE
L-1910,5/25/2025,Organic Search,SMB (11-50),HR Tech,Tom Wilson,Demo Booked,5/28/2025,5/29/2025,1,,,,0,FALSE
L-1911,1/16/2026,Organic Search,Startup (1-10),Logistics,Tom Wilson,Demo Booked,1/21/2026,1/23/2026,2,,,,0,FALSE
L-1912,5/24/2025,Paid Ads,SMB (11-50),E-commerce,Priya Patel,MQL,5/28/2025,,,,,,0,FALSE
L-1913,1/2/2026,Paid Ads,Startup (1-10),HealthTech,Tom Wilson,Lead,,,,,,,0,FALSE
L-1914,7/14/2025,Organic Search,Startup (1-10),Marketing,James Chen,Lead,,,,,,,0,FALSE
L-1915,7/30/2025,Referral,SMB (11-50),E-commerce,Tom Wilson,Demo Completed,7/31/2025,8/1/2025,1,8/2/2025,,,0,FALSE
L-1916,1/11/2026,Organic Search,Enterprise (200+),FinTech,Tom Wilson,Lead,,,,,,,0,FALSE
L-1917,7/4/2025,Paid Ads,Startup (1-10),HealthTech,Maria Santos,Closed Lost,7/5/2025,7/9/2025,4,7/9/2025,7/15/2025,,0,FALSE
L-1918,6/2/2025,LinkedIn,Enterprise (200+),HR Tech,Priya Patel,MQL,6/3/2025,,,,,,0,FALSE
L-1919,5/2/2025,Paid Ads,SMB (11-50),HealthTech,Alex Thompson,Lead,,,,,,,0,FALSE
L-1920,2/23/2026,Paid Ads,SMB (11-50),EdTech,James Chen,Lead,,,,,,,0,FALSE
L-1921,11/2/2025,Organic Search,Mid-Market (51-200),HR Tech,Alex Thompson,Demo Booked,11/7/2025,11/9/2025,2,,,,0,FALSE
L-1922,4/2/2025,Organic Search,Mid-Market (51-200),HealthTech,Maria Santos,Demo Booked,4/3/2025,4/7/2025,4,,,,0,FALSE
L-1923,5/9/2025,Paid Ads,SMB (11-50),Logistics,Priya Patel,MQL,5/10/2025,,,,,,0,FALSE
L-1924,5/18/2025,Cold Outreach,Mid-Market (51-200),Logistics,Alex Thompson,MQL,5/22/2025,,,,,,0,FALSE
L-1925,8/23/2025,Paid Ads,Startup (1-10),HealthTech,James Chen,MQL,8/27/2025,,,,,,0,FALSE
L-1926,11/27/2025,Paid Ads,SMB (11-50),Marketing,Tom Wilson,Demo Completed,12/2/2025,12/4/2025,2,12/5/2025,,,0,FALSE
L-1927,10/16/2025,LinkedIn,SMB (11-50),Logistics,James Chen,Demo Booked,10/17/2025,10/21/2025,4,,,,0,FALSE
L-1928,5/8/2025,Organic Search,SMB (11-50),HR Tech,Tom Wilson,MQL,5/11/2025,,,,,,0,FALSE
L-1929,11/19/2025,Organic Search,SMB (11-50),HealthTech,Tom Wilson,Lead,,,,,,,0,FALSE
L-1930,5/15/2025,Paid Ads,SMB (11-50),E-commerce,Maria Santos,MQL,5/18/2025,,,,,,0,FALSE
L-1931,4/8/2025,Cold Outreach,SMB (11-50),E-commerce,Priya Patel,Lead,,,,,,,0,FALSE
L-1932,5/8/2025,Paid Ads,Mid-Market (51-200),EdTech,James Chen,Lead,,,,,,,0,FALSE
L-1933,12/6/2025,Organic Search,SMB (11-50),HealthTech,Priya Patel,Closed Lost,12/7/2025,12/9/2025,2,12/9/2025,12/15/2025,,0,FALSE
L-1934,3/31/2026,Referral,Startup (1-10),HealthTech,Tom Wilson,Demo Booked,4/2/2026,4/4/2026,2,,,,0,FALSE
L-1935,3/29/2026,Paid Ads,SMB (11-50),HR Tech,Maria Santos,Lead,,,,,,,0,FALSE
L-1936,6/7/2025,Cold Outreach,Startup (1-10),EdTech,Alex Thompson,Demo Booked,6/12/2025,6/15/2025,3,,,,0,FALSE
L-1937,1/21/2026,Paid Ads,Mid-Market (51-200),E-commerce,Maria Santos,MQL,1/24/2026,,,,,,0,FALSE
L-1938,2/18/2026,Paid Ads,SMB (11-50),FinTech,Maria Santos,MQL,2/21/2026,,,,,,0,FALSE
L-1939,8/21/2025,Cold Outreach,SMB (11-50),SaaS,James Chen,Lead,,,,,,,0,FALSE
L-1940,2/7/2026,Organic Search,Startup (1-10),E-commerce,Tom Wilson,Demo Booked,2/10/2026,2/11/2026,1,,,,0,FALSE
L-1941,8/2/2025,LinkedIn,Startup (1-10),Marketing,Priya Patel,Demo Completed,8/6/2025,8/9/2025,3,8/11/2025,,,0,FALSE
L-1942,5/30/2025,Referral,Mid-Market (51-200),FinTech,Maria Santos,Closed Lost,5/31/2025,6/6/2025,6,6/8/2025,6/9/2025,,0,FALSE
L-1943,1/17/2026,Paid Ads,SMB (11-50),HR Tech,Maria Santos,Demo Booked,1/18/2026,1/19/2026,1,,,,0,FALSE
L-1944,1/19/2026,Paid Ads,SMB (11-50),HealthTech,Tom Wilson,Lead,,,,,,,0,FALSE
L-1945,2/25/2026,Organic Search,SMB (11-50),Marketing,James Chen,Closed Lost,3/2/2026,3/6/2026,4,3/9/2026,3/14/2026,,0,FALSE
L-1946,2/14/2026,Cold Outreach,Mid-Market (51-200),Logistics,Maria Santos,Lead,,,,,,,0,FALSE
L-1947,9/7/2025,Organic Search,Startup (1-10),HR Tech,James Chen,Lead,,,,,,,0,FALSE
L-1948,8/11/2025,Paid Ads,Enterprise (200+),HealthTech,Maria Santos,Closed Lost,8/13/2025,8/21/2025,8,8/23/2025,8/30/2025,,0,FALSE
L-1949,6/17/2025,Organic Search,Startup (1-10),SaaS,Alex Thompson,Closed Lost,6/18/2025,6/21/2025,3,6/24/2025,6/29/2025,,0,FALSE
L-1950,12/14/2025,LinkedIn,Startup (1-10),Marketing,Tom Wilson,MQL,12/17/2025,,,,,,0,FALSE
L-1951,6/10/2025,Paid Ads,Startup (1-10),Marketing,Priya Patel,Demo Booked,6/13/2025,6/25/2025,12,,,,0,FALSE
L-1952,5/11/2025,Organic Search,SMB (11-50),EdTech,Alex Thompson,Demo Completed,5/15/2025,5/17/2025,2,5/19/2025,,,0,FALSE
L-1953,3/8/2026,Paid Ads,Startup (1-10),Marketing,Maria Santos,Lead,,,,,,,0,FALSE
L-1954,11/23/2025,Paid Ads,Startup (1-10),HealthTech,Maria Santos,Lead,,,,,,,0,FALSE
L-1955,9/16/2025,Cold Outreach,Startup (1-10),FinTech,James Chen,Lead,,,,,,,0,FALSE
L-1956,3/18/2026,LinkedIn,SMB (11-50),Logistics,Maria Santos,Lead,,,,,,,0,FALSE
L-1957,9/9/2025,Paid Ads,Startup (1-10),EdTech,James Chen,Lead,,,,,,,0,FALSE
L-1958,4/1/2025,Cold Outreach,Mid-Market (51-200),HealthTech,James Chen,Lead,,,,,,,0,FALSE
L-1959,9/30/2025,Referral,Startup (1-10),EdTech,Tom Wilson,Lead,,,,,,,0,FALSE
L-1960,5/11/2025,Paid Ads,Startup (1-10),Logistics,Maria Santos,Demo Booked,5/14/2025,5/24/2025,10,,,,0,FALSE
L-1961,11/11/2025,Referral,Startup (1-10),EdTech,Maria Santos,Demo Completed,11/15/2025,11/23/2025,8,11/23/2025,,,0,FALSE
L-1962,7/28/2025,LinkedIn,SMB (11-50),EdTech,Maria Santos,Lead,,,,,,,0,FALSE
L-1963,3/13/2026,LinkedIn,Startup (1-10),Logistics,Alex Thompson,Lead,,,,,,,0,FALSE
L-1964,3/20/2026,Cold Outreach,Mid-Market (51-200),FinTech,James Chen,Lead,,,,,,,0,FALSE
L-1965,7/19/2025,Paid Ads,Startup (1-10),E-commerce,Maria Santos,MQL,7/24/2025,,,,,,0,FALSE
L-1966,9/1/2025,Cold Outreach,Startup (1-10),HealthTech,Tom Wilson,Lead,,,,,,,0,FALSE
L-1967,2/10/2026,Cold Outreach,Enterprise (200+),EdTech,Tom Wilson,Lead,,,,,,,0,FALSE
L-1968,3/18/2026,Cold Outreach,SMB (11-50),SaaS,Alex Thompson,Lead,,,,,,,0,FALSE
L-1969,5/1/2025,Paid Ads,SMB (11-50),HealthTech,Maria Santos,MQL,5/5/2025,,,,,,0,FALSE
L-1970,11/6/2025,Organic Search,Mid-Market (51-200),Logistics,Tom Wilson,Lead,,,,,,,0,FALSE
L-1971,10/16/2025,Cold Outreach,SMB (11-50),HealthTech,Tom Wilson,Lead,,,,,,,0,FALSE
L-1972,12/13/2025,Organic Search,Startup (1-10),SaaS,Priya Patel,MQL,12/15/2025,,,,,,0,FALSE
L-1973,1/23/2026,Cold Outreach,Mid-Market (51-200),Marketing,Alex Thompson,Lead,,,,,,,0,FALSE
L-1974,10/19/2025,Cold Outreach,Mid-Market (51-200),FinTech,Maria Santos,Lead,,,,,,,0,FALSE
L-1975,9/15/2025,Organic Search,Mid-Market (51-200),E-commerce,Alex Thompson,MQL,9/17/2025,,,,,,0,FALSE
L-1976,9/8/2025,LinkedIn,Startup (1-10),SaaS,Priya Patel,Demo Completed,9/12/2025,9/13/2025,1,9/13/2025,,,0,FALSE
L-1977,7/23/2025,Referral,SMB (11-50),E-commerce,James Chen,Demo Booked,7/24/2025,7/25/2025,1,,,,0,FALSE
L-1978,4/3/2025,Organic Search,Mid-Market (51-200),EdTech,James Chen,MQL,4/8/2025,,,,,,0,FALSE
L-1979,5/30/2025,Organic Search,Startup (1-10),FinTech,James Chen,Demo Completed,6/3/2025,6/17/2025,14,6/19/2025,,,0,FALSE
L-1980,1/15/2026,Cold Outreach,SMB (11-50),HR Tech,Alex Thompson,Lead,,,,,,,0,FALSE
L-1981,6/25/2025,Paid Ads,SMB (11-50),Logistics,Alex Thompson,MQL,6/27/2025,,,,,,0,FALSE
L-1982,3/22/2026,Paid Ads,Mid-Market (51-200),E-commerce,Maria Santos,Demo Booked,3/25/2026,3/27/2026,2,,,,0,FALSE
L-1983,11/14/2025,Cold Outreach,Mid-Market (51-200),E-commerce,Maria Santos,MQL,11/17/2025,,,,,,0,FALSE
L-1984,7/6/2025,Paid Ads,Mid-Market (51-200),FinTech,James Chen,Demo Booked,7/8/2025,7/10/2025,2,,,,0,FALSE
L-1985,3/18/2026,LinkedIn,SMB (11-50),HR Tech,Maria Santos,Closed Lost,3/19/2026,3/20/2026,1,3/22/2026,3/23/2026,,0,FALSE
L-1986,6/25/2025,Cold Outreach,SMB (11-50),HR Tech,Priya Patel,Lead,,,,,,,0,FALSE
L-1987,9/21/2025,Paid Ads,SMB (11-50),FinTech,Maria Santos,Lead,,,,,,,0,FALSE
L-1988,1/6/2026,Organic Search,Mid-Market (51-200),SaaS,Maria Santos,Lead,,,,,,,0,FALSE
L-1989,12/17/2025,Referral,Startup (1-10),HR Tech,James Chen,Closed Won,12/20/2025,12/21/2025,1,12/24/2025,12/25/2025,1/7/2026,4614.15,FALSE
L-1990,3/6/2026,Referral,Mid-Market (51-200),SaaS,James Chen,Lead,,,,,,,0,FALSE
L-1991,8/21/2025,Paid Ads,Startup (1-10),Marketing,Priya Patel,Lead,,,,,,,0,FALSE
L-1992,11/2/2025,LinkedIn,Enterprise (200+),HealthTech,Maria Santos,Lead,,,,,,,0,FALSE
L-1993,3/11/2026,Cold Outreach,SMB (11-50),SaaS,Maria Santos,Demo Booked,3/12/2026,3/14/2026,2,,,,0,FALSE
L-1994,12/11/2025,Paid Ads,Mid-Market (51-200),E-commerce,Priya Patel,MQL,12/13/2025,,,,,,0,FALSE
L-1995,6/6/2025,Paid Ads,SMB (11-50),SaaS,Maria Santos,Closed Lost,6/10/2025,6/11/2025,1,6/11/2025,6/18/2025,,0,FALSE
L-1996,10/21/2025,Cold Outreach,SMB (11-50),HR Tech,Alex Thompson,Lead,,,,,,,0,FALSE
L-1997,3/17/2026,Paid Ads,SMB (11-50),E-commerce,Maria Santos,MQL,3/19/2026,,,,,,0,FALSE
L-1998,8/31/2025,Paid Ads,Mid-Market (51-200),HealthTech,Priya Patel,Demo Completed,9/5/2025,9/19/2025,14,9/19/2025,,,0,FALSE
L-1999,2/12/2026,Paid Ads,Startup (1-10),Marketing,Maria Santos,Demo Completed,2/14/2026,2/22/2026,8,2/22/2026,,,0,FALSE
L-2000,10/19/2025,Organic Search,SMB (11-50),EdTech,Priya Patel,Closed Lost,10/20/2025,10/24/2025,4,10/27/2025,10/28/2025,,0,FALSE
L-2001,3/2/2026,Paid Ads,Mid-Market (51-200),Marketing,Alex Thompson,Demo Completed,3/6/2026,3/15/2026,9,3/16/2026,,,0,FALSE
L-2002,11/19/2025,Paid Ads,SMB (11-50),Logistics,James Chen,Demo Booked,11/21/2025,11/25/2025,4,,,,0,FALSE
L-2003,3/2/2026,Paid Ads,Mid-Market (51-200),E-commerce,Alex Thompson,Lead,,,,,,,0,FALSE
L-2004,12/19/2025,Paid Ads,Mid-Market (51-200),HealthTech,Tom Wilson,MQL,12/20/2025,,,,,,0,FALSE
L-2005,10/26/2025,Organic Search,Enterprise (200+),HealthTech,Tom Wilson,MQL,10/28/2025,,,,,,0,FALSE
L-2006,7/22/2025,Cold Outreach,Mid-Market (51-200),Logistics,Alex Thompson,MQL,7/25/2025,,,,,,0,FALSE
L-2007,7/5/2025,Cold Outreach,Mid-Market (51-200),Marketing,Priya Patel,Lead,,,,,,,0,FALSE
L-2008,8/4/2025,Referral,SMB (11-50),SaaS,James Chen,MQL,8/6/2025,,,,,,0,FALSE
L-2009,3/28/2026,Paid Ads,Mid-Market (51-200),HealthTech,Maria Santos,Lead,,,,,,,0,FALSE
L-2010,10/9/2025,LinkedIn,SMB (11-50),Logistics,Maria Santos,Lead,,,,,,,0,FALSE
L-2011,3/12/2026,Paid Ads,Mid-Market (51-200),Logistics,Tom Wilson,MQL,3/15/2026,,,,,,0,FALSE
L-2012,7/12/2025,Organic Search,Mid-Market (51-200),Marketing,Alex Thompson,Demo Booked,7/14/2025,7/18/2025,4,,,,0,FALSE
L-2013,7/16/2025,Organic Search,SMB (11-50),HealthTech,Priya Patel,Lead,,,,,,,0,FALSE
L-2014,4/12/2025,Paid Ads,Startup (1-10),Marketing,Alex Thompson,MQL,4/13/2025,,,,,,0,FALSE
L-2015,5/15/2025,Cold Outreach,Enterprise (200+),Marketing,Tom Wilson,Lead,,,,,,,0,FALSE
L-2016,10/8/2025,Paid Ads,SMB (11-50),E-commerce,Alex Thompson,Demo Booked,10/12/2025,10/16/2025,4,,,,0,FALSE
L-2017,8/1/2025,Paid Ads,Mid-Market (51-200),Marketing,James Chen,MQL,8/6/2025,,,,,,0,FALSE
L-2018,3/8/2026,Paid Ads,SMB (11-50),Marketing,Maria Santos,Lead,,,,,,,0,FALSE
L-2019,10/30/2025,Referral,SMB (11-50),SaaS,James Chen,Closed Lost,11/2/2025,11/10/2025,8,11/13/2025,11/20/2025,,0,FALSE
L-2020,12/30/2025,Paid Ads,Enterprise (200+),FinTech,Maria Santos,Demo Completed,12/31/2025,1/3/2026,3,1/5/2026,,,0,FALSE
L-2021,6/20/2025,Organic Search,Enterprise (200+),Marketing,Alex Thompson,MQL,6/23/2025,,,,,,0,FALSE
L-2022,8/15/2025,Paid Ads,Enterprise (200+),HR Tech,Alex Thompson,Lead,,,,,,,0,FALSE
L-2023,12/11/2025,Referral,Mid-Market (51-200),FinTech,Maria Santos,Closed Won,12/13/2025,12/14/2025,1,12/15/2025,12/19/2025,12/30/2025,35319.14,FALSE
L-2024,5/28/2025,Paid Ads,Startup (1-10),HR Tech,Maria Santos,MQL,5/29/2025,,,,,,0,FALSE
L-2025,11/11/2025,Paid Ads,Mid-Market (51-200),EdTech,James Chen,Lead,,,,,,,0,FALSE
L-2026,2/27/2026,Paid Ads,Enterprise (200+),EdTech,Alex Thompson,Closed Lost,2/28/2026,3/12/2026,12,3/13/2026,3/15/2026,,0,FALSE
L-2027,4/14/2025,Referral,Enterprise (200+),HealthTech,Priya Patel,MQL,4/16/2025,,,,,,0,FALSE
L-2028,12/27/2025,Referral,Startup (1-10),SaaS,Priya Patel,Closed Lost,12/28/2025,12/30/2025,2,1/1/2026,1/3/2026,,0,FALSE
L-2029,2/25/2026,Organic Search,Enterprise (200+),FinTech,Tom Wilson,MQL,3/1/2026,,,,,,0,FALSE
L-2030,7/30/2025,Paid Ads,Mid-Market (51-200),EdTech,James Chen,MQL,8/1/2025,,,,,,0,FALSE
L-2031,2/3/2026,LinkedIn,SMB (11-50),SaaS,Tom Wilson,Lead,,,,,,,0,FALSE
L-2032,9/29/2025,Paid Ads,SMB (11-50),HR Tech,James Chen,MQL,10/1/2025,,,,,,0,FALSE
L-2033,10/21/2025,Paid Ads,SMB (11-50),FinTech,Priya Patel,MQL,10/22/2025,,,,,,0,FALSE
L-2034,12/11/2025,Organic Search,SMB (11-50),Logistics,Tom Wilson,MQL,12/12/2025,,,,,,0,FALSE
L-2035,4/20/2025,LinkedIn,Mid-Market (51-200),SaaS,Priya Patel,Demo Booked,4/24/2025,4/28/2025,4,,,,0,FALSE
L-2036,12/9/2025,LinkedIn,SMB (11-50),E-commerce,Maria Santos,MQL,12/13/2025,,,,,,0,FALSE
L-2037,12/1/2025,LinkedIn,SMB (11-50),Marketing,Priya Patel,MQL,12/5/2025,,,,,,0,FALSE
L-2038,6/12/2025,Paid Ads,Startup (1-10),SaaS,James Chen,Lead,,,,,,,0,FALSE
L-2039,8/28/2025,Cold Outreach,SMB (11-50),HealthTech,Tom Wilson,Demo Booked,8/30/2025,9/1/2025,2,,,,0,FALSE
L-2040,10/8/2025,Organic Search,SMB (11-50),EdTech,James Chen,Closed Lost,10/12/2025,10/16/2025,4,10/16/2025,10/22/2025,,0,FALSE
L-2041,3/9/2026,Paid Ads,Mid-Market (51-200),FinTech,Priya Patel,MQL,3/14/2026,,,,,,0,FALSE
L-2042,4/7/2025,LinkedIn,Mid-Market (51-200),EdTech,James Chen,Lead,,,,,,,0,FALSE
L-2043,3/5/2026,Paid Ads,Mid-Market (51-200),E-commerce,Priya Patel,MQL,3/8/2026,,,,,,0,FALSE
L-2044,10/15/2025,Paid Ads,Mid-Market (51-200),HR Tech,Alex Thompson,MQL,10/18/2025,,,,,,0,FALSE
L-2045,2/15/2026,Paid Ads,SMB (11-50),HealthTech,James Chen,Lead,,,,,,,0,FALSE
L-2046,5/10/2025,Organic Search,SMB (11-50),Marketing,Maria Santos,Closed Lost,5/13/2025,5/16/2025,3,5/19/2025,5/21/2025,,0,FALSE
L-2047,12/1/2025,Organic Search,SMB (11-50),E-commerce,Maria Santos,Demo Completed,12/3/2025,12/14/2025,11,12/14/2025,,,0,FALSE
L-2048,9/5/2025,Referral,Startup (1-10),HealthTech,James Chen,Closed Lost,9/7/2025,9/11/2025,4,9/14/2025,9/19/2025,,0,FALSE
L-2049,12/4/2025,Organic Search,Startup (1-10),Logistics,Priya Patel,MQL,12/9/2025,,,,,,0,FALSE
L-2050,11/22/2025,Paid Ads,SMB (11-50),Logistics,Maria Santos,Lead,,,,,,,0,FALSE
L-2051,11/2/2025,Referral,Enterprise (200+),HR Tech,Tom Wilson,MQL,11/4/2025,,,,,,0,FALSE
L-2052,5/30/2025,Referral,Enterprise (200+),Marketing,James Chen,Churned,6/3/2025,6/8/2025,5,6/10/2025,6/11/2025,6/23/2025,56715.7,TRUE
L-2053,8/18/2025,LinkedIn,Mid-Market (51-200),HR Tech,Priya Patel,Lead,,,,,,,0,FALSE
L-2054,4/4/2025,Organic Search,SMB (11-50),Marketing,Priya Patel,Lead,,,,,,,0,FALSE
L-2055,9/4/2025,Paid Ads,SMB (11-50),HR Tech,Priya Patel,MQL,9/8/2025,,,,,,0,FALSE
L-2056,5/16/2025,Paid Ads,SMB (11-50),HR Tech,Alex Thompson,Closed Lost,5/18/2025,5/29/2025,11,5/31/2025,6/4/2025,,0,FALSE
L-2057,1/27/2026,Paid Ads,Startup (1-10),SaaS,Maria Santos,Lead,,,,,,,0,FALSE
L-2058,11/12/2025,Cold Outreach,SMB (11-50),E-commerce,Priya Patel,MQL,11/17/2025,,,,,,0,FALSE
L-2059,7/15/2025,Paid Ads,Mid-Market (51-200),SaaS,Alex Thompson,MQL,7/18/2025,,,,,,0,FALSE
L-2060,6/22/2025,LinkedIn,Startup (1-10),EdTech,Maria Santos,Demo Booked,6/26/2025,6/28/2025,2,,,,0,FALSE
L-2061,10/19/2025,LinkedIn,SMB (11-50),EdTech,Tom Wilson,Demo Completed,10/22/2025,10/26/2025,4,10/28/2025,,,0,FALSE
L-2062,3/30/2026,Cold Outreach,Startup (1-10),SaaS,Alex Thompson,MQL,3/31/2026,,,,,,0,FALSE
L-2063,8/3/2025,Paid Ads,Startup (1-10),SaaS,Tom Wilson,Lead,,,,,,,0,FALSE
L-2064,7/25/2025,Cold Outreach,Startup (1-10),HR Tech,Alex Thompson,Lead,,,,,,,0,FALSE
L-2065,3/13/2026,Paid Ads,SMB (11-50),FinTech,Tom Wilson,Lead,,,,,,,0,FALSE
L-2066,1/29/2026,Referral,Startup (1-10),SaaS,Maria Santos,Closed Won,2/2/2026,2/10/2026,8,2/12/2026,2/14/2026,2/21/2026,5991.74,FALSE
L-2067,12/2/2025,Organic Search,Startup (1-10),E-commerce,Maria Santos,Closed Lost,12/6/2025,12/9/2025,3,12/12/2025,12/16/2025,,0,FALSE
L-2068,4/6/2025,Paid Ads,Mid-Market (51-200),FinTech,James Chen,MQL,4/9/2025,,,,,,0,FALSE
L-2069,2/7/2026,LinkedIn,SMB (11-50),HealthTech,James Chen,MQL,2/8/2026,,,,,,0,FALSE
L-2070,6/9/2025,Paid Ads,Mid-Market (51-200),EdTech,Maria Santos,Lead,,,,,,,0,FALSE
L-2071,9/30/2025,Paid Ads,Mid-Market (51-200),EdTech,Priya Patel,Demo Booked,10/5/2025,10/8/2025,3,,,,0,FALSE
L-2072,1/19/2026,Organic Search,Startup (1-10),Logistics,Maria Santos,Closed Won,1/20/2026,1/23/2026,3,1/25/2026,1/27/2026,2/10/2026,5764.38,FALSE
L-2073,10/26/2025,Paid Ads,Startup (1-10),E-commerce,James Chen,Demo Completed,10/28/2025,10/30/2025,2,11/1/2025,,,0,FALSE
L-2074,1/22/2026,Referral,Startup (1-10),SaaS,Priya Patel,MQL,1/26/2026,,,,,,0,FALSE
L-2075,1/17/2026,Organic Search,Startup (1-10),EdTech,James Chen,Lead,,,,,,,0,FALSE
L-2076,3/1/2026,Organic Search,SMB (11-50),FinTech,James Chen,Closed Lost,3/5/2026,3/8/2026,3,3/8/2026,3/15/2026,,0,FALSE
L-2077,6/23/2025,Paid Ads,SMB (11-50),EdTech,Maria Santos,MQL,6/28/2025,,,,,,0,FALSE
L-2078,9/20/2025,Paid Ads,SMB (11-50),E-commerce,Priya Patel,Lead,,,,,,,0,FALSE
L-2079,6/8/2025,LinkedIn,Mid-Market (51-200),SaaS,James Chen,MQL,6/10/2025,,,,,,0,FALSE
L-2080,10/23/2025,Paid Ads,Startup (1-10),E-commerce,Alex Thompson,Demo Completed,10/24/2025,10/25/2025,1,10/28/2025,,,0,FALSE
L-2081,10/4/2025,Paid Ads,Mid-Market (51-200),Logistics,Priya Patel,Lead,,,,,,,0,FALSE
L-2082,2/7/2026,Paid Ads,Mid-Market (51-200),E-commerce,Priya Patel,Lead,,,,,,,0,FALSE
L-2083,8/21/2025,LinkedIn,SMB (11-50),FinTech,James Chen,Lead,,,,,,,0,FALSE
L-2084,1/23/2026,Paid Ads,Startup (1-10),E-commerce,James Chen,Lead,,,,,,,0,FALSE
L-2085,7/20/2025,Paid Ads,SMB (11-50),SaaS,Maria Santos,Demo Booked,7/22/2025,7/25/2025,3,,,,0,FALSE
L-2086,11/19/2025,Organic Search,Mid-Market (51-200),FinTech,Maria Santos,Closed Won,11/21/2025,11/23/2025,2,11/26/2025,12/2/2025,12/17/2025,37816.62,FALSE
L-2087,9/12/2025,LinkedIn,Enterprise (200+),HR Tech,Priya Patel,Lead,,,,,,,0,FALSE
L-2088,4/26/2025,Organic Search,Mid-Market (51-200),E-commerce,Alex Thompson,Demo Completed,5/1/2025,5/8/2025,7,5/9/2025,,,0,FALSE
L-2089,2/1/2026,LinkedIn,Startup (1-10),E-commerce,Alex Thompson,MQL,2/6/2026,,,,,,0,FALSE
L-2090,12/16/2025,Paid Ads,SMB (11-50),Marketing,Alex Thompson,Lead,,,,,,,0,FALSE
L-2091,11/18/2025,Paid Ads,Startup (1-10),SaaS,James Chen,MQL,11/19/2025,,,,,,0,FALSE
L-2092,12/28/2025,Paid Ads,Startup (1-10),FinTech,Maria Santos,Demo Booked,1/2/2026,1/5/2026,3,,,,0,FALSE
L-2093,4/26/2025,Referral,Mid-Market (51-200),HealthTech,Priya Patel,Lead,,,,,,,0,FALSE
L-2094,6/17/2025,Organic Search,Mid-Market (51-200),SaaS,Tom Wilson,MQL,6/22/2025,,,,,,0,FALSE
L-2095,9/10/2025,Referral,Mid-Market (51-200),E-commerce,Tom Wilson,Demo Completed,9/11/2025,9/13/2025,2,9/16/2025,,,0,FALSE
L-2096,4/11/2025,Paid Ads,SMB (11-50),E-commerce,James Chen,Demo Booked,4/14/2025,4/15/2025,1,,,,0,FALSE
L-2097,7/9/2025,Referral,Startup (1-10),Logistics,James Chen,Demo Completed,7/10/2025,7/18/2025,8,7/21/2025,,,0,FALSE
L-2098,2/1/2026,LinkedIn,SMB (11-50),HR Tech,Tom Wilson,Demo Completed,2/4/2026,2/9/2026,5,2/11/2026,,,0,FALSE
L-2099,2/8/2026,Organic Search,SMB (11-50),EdTech,Maria Santos,Lead,,,,,,,0,FALSE
L-2100,8/10/2025,Paid Ads,Mid-Market (51-200),HR Tech,Priya Patel,Lead,,,,,,,0,FALSE
L-2101,2/1/2026,Cold Outreach,SMB (11-50),SaaS,James Chen,Lead,,,,,,,0,FALSE
L-2102,11/29/2025,Organic Search,Startup (1-10),HR Tech,Priya Patel,Closed Won,12/1/2025,12/4/2025,3,12/7/2025,12/8/2025,1/3/2026,2881.76,FALSE
L-2103,8/25/2025,Organic Search,Enterprise (200+),E-commerce,Tom Wilson,MQL,8/28/2025,,,,,,0,FALSE
L-2104,6/17/2025,Cold Outreach,Mid-Market (51-200),SaaS,Maria Santos,Lead,,,,,,,0,FALSE
L-2105,11/10/2025,Paid Ads,Mid-Market (51-200),Logistics,James Chen,MQL,11/12/2025,,,,,,0,FALSE
L-2106,4/22/2025,Paid Ads,Mid-Market (51-200),Marketing,James Chen,Demo Booked,4/23/2025,4/26/2025,3,,,,0,FALSE
L-2107,7/24/2025,Organic Search,Startup (1-10),SaaS,Maria Santos,Lead,,,,,,,0,FALSE
L-2108,12/30/2025,LinkedIn,Startup (1-10),Marketing,Tom Wilson,Lead,,,,,,,0,FALSE
L-2109,6/30/2025,Paid Ads,Mid-Market (51-200),HealthTech,Maria Santos,Lead,,,,,,,0,FALSE
L-2110,8/30/2025,Paid Ads,Mid-Market (51-200),HealthTech,Alex Thompson,MQL,8/31/2025,,,,,,0,FALSE
L-2111,12/12/2025,Organic Search,Mid-Market (51-200),Logistics,Tom Wilson,Lead,,,,,,,0,FALSE
L-2112,9/15/2025,Paid Ads,Startup (1-10),HealthTech,Tom Wilson,Demo Booked,9/20/2025,9/29/2025,9,,,,0,FALSE
L-2113,1/17/2026,Referral,Startup (1-10),Logistics,James Chen,Lead,,,,,,,0,FALSE
L-2114,9/8/2025,Cold Outreach,SMB (11-50),HR Tech,James Chen,Lead,,,,,,,0,FALSE
L-2115,10/22/2025,LinkedIn,Enterprise (200+),Logistics,Alex Thompson,Demo Completed,10/23/2025,10/25/2025,2,10/26/2025,,,0,FALSE
L-2116,7/3/2025,Organic Search,Startup (1-10),HealthTech,James Chen,Closed Lost,7/4/2025,7/6/2025,2,7/6/2025,7/10/2025,,0,FALSE
L-2117,11/28/2025,Cold Outreach,SMB (11-50),HealthTech,Maria Santos,Lead,,,,,,,0,FALSE
L-2118,2/7/2026,Organic Search,Mid-Market (51-200),Logistics,Tom Wilson,Closed Lost,2/12/2026,2/13/2026,1,2/13/2026,2/17/2026,,0,FALSE
L-2119,5/2/2025,Paid Ads,Mid-Market (51-200),E-commerce,Maria Santos,MQL,5/4/2025,,,,,,0,FALSE
L-2120,5/20/2025,Organic Search,Startup (1-10),Logistics,James Chen,Closed Lost,5/21/2025,5/23/2025,2,5/24/2025,5/25/2025,,0,FALSE
L-2121,6/27/2025,Organic Search,Startup (1-10),Logistics,Tom Wilson,Lead,,,,,,,0,FALSE
L-2122,10/21/2025,Organic Search,SMB (11-50),FinTech,Priya Patel,Demo Booked,10/25/2025,11/5/2025,11,,,,0,FALSE
L-2123,2/7/2026,Paid Ads,SMB (11-50),SaaS,Tom Wilson,Lead,,,,,,,0,FALSE
L-2124,12/4/2025,Referral,Enterprise (200+),SaaS,James Chen,Closed Won,12/5/2025,12/18/2025,13,12/21/2025,12/25/2025,1/14/2026,87754.8,FALSE
L-2125,3/6/2026,Paid Ads,Enterprise (200+),SaaS,James Chen,Demo Booked,3/8/2026,3/10/2026,2,,,,0,FALSE
L-2126,7/5/2025,LinkedIn,Mid-Market (51-200),SaaS,Alex Thompson,MQL,7/10/2025,,,,,,0,FALSE
L-2127,12/3/2025,Paid Ads,SMB (11-50),FinTech,Priya Patel,MQL,12/4/2025,,,,,,0,FALSE
L-2128,6/25/2025,Organic Search,Mid-Market (51-200),EdTech,Tom Wilson,Demo Completed,6/30/2025,7/8/2025,8,7/11/2025,,,0,FALSE
L-2129,1/29/2026,Cold Outreach,Startup (1-10),HealthTech,Alex Thompson,Lead,,,,,,,0,FALSE
L-2130,3/5/2026,LinkedIn,Mid-Market (51-200),Marketing,Alex Thompson,MQL,3/6/2026,,,,,,0,FALSE
L-2131,10/6/2025,LinkedIn,Startup (1-10),Logistics,Priya Patel,Closed Lost,10/10/2025,10/24/2025,14,10/24/2025,10/28/2025,,0,FALSE
L-2132,9/14/2025,Referral,SMB (11-50),E-commerce,Alex Thompson,Demo Booked,9/17/2025,9/29/2025,12,,,,0,FALSE
L-2133,2/16/2026,Organic Search,SMB (11-50),HR Tech,Alex Thompson,Demo Completed,2/21/2026,2/27/2026,6,3/2/2026,,,0,FALSE
L-2134,3/18/2026,Organic Search,SMB (11-50),HR Tech,Alex Thompson,Lead,,,,,,,0,FALSE
L-2135,8/20/2025,Paid Ads,SMB (11-50),Marketing,Priya Patel,Demo Completed,8/25/2025,8/28/2025,3,8/31/2025,,,0,FALSE
L-2136,8/28/2025,Referral,Startup (1-10),HealthTech,Priya Patel,Demo Completed,9/2/2025,9/5/2025,3,9/8/2025,,,0,FALSE
L-2137,10/22/2025,Paid Ads,Startup (1-10),FinTech,James Chen,Demo Booked,10/26/2025,10/30/2025,4,,,,0,FALSE
L-2138,8/8/2025,Paid Ads,SMB (11-50),Marketing,Tom Wilson,MQL,8/9/2025,,,,,,0,FALSE
L-2139,9/16/2025,Paid Ads,Mid-Market (51-200),SaaS,Maria Santos,MQL,9/21/2025,,,,,,0,FALSE
L-2140,1/9/2026,Referral,Mid-Market (51-200),Marketing,Maria Santos,Closed Lost,1/11/2026,1/21/2026,10,1/22/2026,1/25/2026,,0,FALSE
L-2141,4/9/2025,LinkedIn,SMB (11-50),EdTech,James Chen,Lead,,,,,,,0,FALSE
L-2142,8/12/2025,Cold Outreach,SMB (11-50),HealthTech,Tom Wilson,Lead,,,,,,,0,FALSE
L-2143,11/16/2025,Paid Ads,SMB (11-50),Marketing,Priya Patel,MQL,11/21/2025,,,,,,0,FALSE
L-2144,11/28/2025,Cold Outreach,Enterprise (200+),HealthTech,Tom Wilson,Demo Booked,11/29/2025,12/1/2025,2,,,,0,FALSE
L-2145,8/8/2025,Paid Ads,Startup (1-10),Marketing,Alex Thompson,MQL,8/13/2025,,,,,,0,FALSE
L-2146,1/12/2026,Organic Search,Startup (1-10),EdTech,Priya Patel,Lead,,,,,,,0,FALSE
L-2147,4/20/2025,Organic Search,Enterprise (200+),E-commerce,Alex Thompson,Demo Booked,4/22/2025,4/25/2025,3,,,,0,FALSE
L-2148,7/2/2025,Paid Ads,Enterprise (200+),E-commerce,James Chen,Closed Lost,7/3/2025,7/5/2025,2,7/8/2025,7/12/2025,,0,FALSE
L-2149,7/24/2025,Paid Ads,Mid-Market (51-200),EdTech,Tom Wilson,Lead,,,,,,,0,FALSE
L-2150,7/25/2025,Paid Ads,Startup (1-10),SaaS,Tom Wilson,MQL,7/29/2025,,,,,,0,FALSE
L-2151,5/23/2025,Cold Outreach,Startup (1-10),EdTech,James Chen,Demo Completed,5/28/2025,5/30/2025,2,5/30/2025,,,0,FALSE
L-2152,2/22/2026,Paid Ads,Mid-Market (51-200),HR Tech,James Chen,MQL,2/26/2026,,,,,,0,FALSE
L-2153,9/25/2025,Organic Search,Startup (1-10),SaaS,Tom Wilson,MQL,9/28/2025,,,,,,0,FALSE
L-2154,3/15/2026,Paid Ads,SMB (11-50),Marketing,James Chen,Lead,,,,,,,0,FALSE
L-2155,5/30/2025,Paid Ads,Mid-Market (51-200),HealthTech,Priya Patel,Lead,,,,,,,0,FALSE
L-2156,5/5/2025,Paid Ads,SMB (11-50),HealthTech,Priya Patel,MQL,5/6/2025,,,,,,0,FALSE
L-2157,11/16/2025,Referral,SMB (11-50),HealthTech,Alex Thompson,Demo Completed,11/19/2025,11/22/2025,3,11/25/2025,,,0,FALSE
L-2158,11/23/2025,LinkedIn,Mid-Market (51-200),Marketing,Maria Santos,Demo Booked,11/28/2025,12/2/2025,4,,,,0,FALSE
L-2159,12/18/2025,Referral,Startup (1-10),SaaS,Priya Patel,Closed Lost,12/20/2025,12/22/2025,2,12/23/2025,12/29/2025,,0,FALSE
L-2160,11/29/2025,Referral,Startup (1-10),FinTech,Tom Wilson,Closed Lost,12/1/2025,12/11/2025,10,12/14/2025,12/17/2025,,0,FALSE
L-2161,7/2/2025,Organic Search,SMB (11-50),HealthTech,Alex Thompson,Closed Lost,7/5/2025,7/15/2025,10,7/15/2025,7/20/2025,,0,FALSE
L-2162,8/21/2025,Organic Search,Mid-Market (51-200),SaaS,Alex Thompson,Lead,,,,,,,0,FALSE
L-2163,6/23/2025,Organic Search,Mid-Market (51-200),HR Tech,Priya Patel,MQL,6/27/2025,,,,,,0,FALSE
L-2164,6/9/2025,Paid Ads,SMB (11-50),SaaS,Priya Patel,Lead,,,,,,,0,FALSE
L-2165,9/22/2025,Organic Search,Enterprise (200+),Logistics,Alex Thompson,MQL,9/27/2025,,,,,,0,FALSE
L-2166,12/29/2025,LinkedIn,Mid-Market (51-200),HealthTech,Maria Santos,Demo Booked,1/1/2026,1/14/2026,13,,,,0,FALSE
L-2167,1/2/2026,Referral,SMB (11-50),HealthTech,Maria Santos,Demo Completed,1/7/2026,1/14/2026,7,1/16/2026,,,0,FALSE
L-2168,10/7/2025,Cold Outreach,Mid-Market (51-200),HR Tech,Tom Wilson,Lead,,,,,,,0,FALSE
L-2169,2/20/2026,Organic Search,Mid-Market (51-200),HR Tech,Alex Thompson,Lead,,,,,,,0,FALSE
L-2170,4/27/2025,Paid Ads,SMB (11-50),HealthTech,Tom Wilson,MQL,4/28/2025,,,,,,0,FALSE
L-2171,9/1/2025,Organic Search,Mid-Market (51-200),HealthTech,James Chen,MQL,9/3/2025,,,,,,0,FALSE
L-2172,4/8/2025,Cold Outreach,SMB (11-50),HealthTech,Priya Patel,Lead,,,,,,,0,FALSE
L-2173,5/21/2025,LinkedIn,SMB (11-50),Marketing,Alex Thompson,Lead,,,,,,,0,FALSE
L-2174,12/24/2025,LinkedIn,Startup (1-10),HR Tech,James Chen,Lead,,,,,,,0,FALSE
L-2175,2/21/2026,Cold Outreach,Startup (1-10),E-commerce,James Chen,MQL,2/26/2026,,,,,,0,FALSE
L-2176,1/21/2026,LinkedIn,Mid-Market (51-200),HealthTech,Maria Santos,MQL,1/25/2026,,,,,,0,FALSE
L-2177,4/6/2025,Paid Ads,Enterprise (200+),EdTech,Tom Wilson,Lead,,,,,,,0,FALSE
L-2178,11/14/2025,Paid Ads,Mid-Market (51-200),E-commerce,Maria Santos,Demo Booked,11/15/2025,11/28/2025,13,,,,0,FALSE
L-2179,2/16/2026,Organic Search,Startup (1-10),EdTech,Maria Santos,Lead,,,,,,,0,FALSE
L-2180,4/7/2025,Paid Ads,SMB (11-50),FinTech,Priya Patel,Lead,,,,,,,0,FALSE
L-2181,6/2/2025,Referral,Startup (1-10),Logistics,Maria Santos,MQL,6/4/2025,,,,,,0,FALSE
L-2182,11/29/2025,Paid Ads,Startup (1-10),E-commerce,Tom Wilson,Demo Completed,12/2/2025,12/4/2025,2,12/6/2025,,,0,FALSE
L-2183,8/24/2025,LinkedIn,Mid-Market (51-200),HealthTech,Maria Santos,Demo Booked,8/26/2025,8/30/2025,4,,,,0,FALSE
L-2184,10/12/2025,Cold Outreach,Mid-Market (51-200),HR Tech,James Chen,Lead,,,,,,,0,FALSE
L-2185,12/17/2025,Paid Ads,SMB (11-50),SaaS,Alex Thompson,Lead,,,,,,,0,FALSE
L-2186,2/11/2026,Organic Search,Startup (1-10),EdTech,James Chen,MQL,2/12/2026,,,,,,0,FALSE
L-2187,10/5/2025,Organic Search,Enterprise (200+),Logistics,Maria Santos,Demo Booked,10/8/2025,10/14/2025,6,,,,0,FALSE
L-2188,7/5/2025,LinkedIn,Startup (1-10),HR Tech,Tom Wilson,Demo Completed,7/6/2025,7/9/2025,3,7/9/2025,,,0,FALSE
L-2189,7/3/2025,LinkedIn,Enterprise (200+),HR Tech,Priya Patel,MQL,7/5/2025,,,,,,0,FALSE
L-2190,4/3/2025,Organic Search,Mid-Market (51-200),Logistics,Priya Patel,Closed Lost,4/5/2025,4/16/2025,11,4/19/2025,4/20/2025,,0,FALSE
L-2191,9/19/2025,Referral,Enterprise (200+),EdTech,James Chen,Demo Booked,9/22/2025,9/27/2025,5,,,,0,FALSE
L-2192,12/8/2025,Paid Ads,Mid-Market (51-200),FinTech,James Chen,Lead,,,,,,,0,FALSE
L-2193,11/3/2025,Paid Ads,Startup (1-10),Logistics,James Chen,MQL,11/8/2025,,,,,,0,FALSE
L-2194,5/30/2025,Paid Ads,Startup (1-10),Marketing,Priya Patel,Demo Completed,6/4/2025,6/12/2025,8,6/12/2025,,,0,FALSE
L-2195,6/28/2025,Organic Search,Mid-Market (51-200),FinTech,Tom Wilson,MQL,7/3/2025,,,,,,0,FALSE
L-2196,9/11/2025,Paid Ads,SMB (11-50),HR Tech,Alex Thompson,Lead,,,,,,,0,FALSE
L-2197,1/1/2026,Organic Search,Mid-Market (51-200),SaaS,Alex Thompson,Lead,,,,,,,0,FALSE
L-2198,8/15/2025,Organic Search,Mid-Market (51-200),HealthTech,Priya Patel,Lead,,,,,,,0,FALSE
L-2199,10/14/2025,Paid Ads,Enterprise (200+),HealthTech,Maria Santos,Lead,,,,,,,0,FALSE
L-2200,9/4/2025,LinkedIn,Mid-Market (51-200),FinTech,James Chen,Lead,,,,,,,0,FALSE
L-2201,12/9/2025,Organic Search,Mid-Market (51-200),HealthTech,Tom Wilson,Closed Lost,12/13/2025,12/16/2025,3,12/19/2025,12/23/2025,,0,FALSE
L-2202,4/7/2025,LinkedIn,Startup (1-10),FinTech,Tom Wilson,Lead,,,,,,,0,FALSE
L-2203,2/21/2026,Paid Ads,Enterprise (200+),SaaS,Tom Wilson,Lead,,,,,,,0,FALSE
L-2204,6/8/2025,Cold Outreach,Startup (1-10),E-commerce,Priya Patel,Lead,,,,,,,0,FALSE
L-2205,3/2/2026,LinkedIn,Enterprise (200+),Marketing,Maria Santos,Lead,,,,,,,0,FALSE
L-2206,4/18/2025,LinkedIn,Startup (1-10),HealthTech,Tom Wilson,Lead,,,,,,,0,FALSE
L-2207,8/22/2025,Organic Search,SMB (11-50),FinTech,Alex Thompson,MQL,8/23/2025,,,,,,0,FALSE
L-2208,1/15/2026,Organic Search,SMB (11-50),Marketing,Maria Santos,Demo Completed,1/18/2026,1/31/2026,13,2/3/2026,,,0,FALSE
L-2209,8/20/2025,Paid Ads,Enterprise (200+),E-commerce,James Chen,Demo Booked,8/24/2025,8/31/2025,7,,,,0,FALSE
L-2210,6/30/2025,LinkedIn,SMB (11-50),SaaS,James Chen,MQL,7/4/2025,,,,,,0,FALSE
L-2211,3/22/2026,LinkedIn,Startup (1-10),FinTech,Alex Thompson,Lead,,,,,,,0,FALSE
L-2212,2/13/2026,Paid Ads,SMB (11-50),HealthTech,Tom Wilson,Closed Lost,2/15/2026,2/21/2026,6,2/24/2026,3/1/2026,,0,FALSE
L-2213,4/17/2025,Referral,Startup (1-10),E-commerce,Maria Santos,Closed Won,4/19/2025,4/23/2025,4,4/26/2025,5/1/2025,5/18/2025,4073.45,FALSE
L-2214,9/18/2025,Paid Ads,Startup (1-10),SaaS,James Chen,Lead,,,,,,,0,FALSE
L-2215,2/10/2026,Organic Search,Startup (1-10),HR Tech,James Chen,MQL,2/12/2026,,,,,,0,FALSE
L-2216,5/26/2025,Paid Ads,SMB (11-50),E-commerce,Maria Santos,MQL,5/30/2025,,,,,,0,FALSE
L-2217,12/10/2025,LinkedIn,SMB (11-50),HealthTech,Priya Patel,Demo Booked,12/11/2025,12/21/2025,10,,,,0,FALSE
L-2218,5/27/2025,Paid Ads,SMB (11-50),HealthTech,Priya Patel,Lead,,,,,,,0,FALSE
L-2219,4/4/2025,Organic Search,Enterprise (200+),HealthTech,Priya Patel,Demo Booked,4/7/2025,4/14/2025,7,,,,0,FALSE
L-2220,10/2/2025,Paid Ads,Mid-Market (51-200),E-commerce,James Chen,Closed Lost,10/6/2025,10/9/2025,3,10/9/2025,10/15/2025,,0,FALSE
L-2221,11/15/2025,Referral,Startup (1-10),Marketing,Alex Thompson,MQL,11/19/2025,,,,,,0,FALSE
L-2222,2/23/2026,Organic Search,Startup (1-10),E-commerce,Priya Patel,Demo Completed,2/26/2026,2/28/2026,2,3/2/2026,,,0,FALSE
L-2223,9/24/2025,Paid Ads,Enterprise (200+),E-commerce,Alex Thompson,Lead,,,,,,,0,FALSE
L-2224,4/19/2025,Organic Search,SMB (11-50),HealthTech,Priya Patel,MQL,4/20/2025,,,,,,0,FALSE
L-2225,11/7/2025,Paid Ads,Enterprise (200+),HealthTech,James Chen,MQL,11/11/2025,,,,,,0,FALSE
L-2226,12/2/2025,LinkedIn,Mid-Market (51-200),Logistics,Alex Thompson,MQL,12/7/2025,,,,,,0,FALSE
L-2227,12/13/2025,Paid Ads,SMB (11-50),FinTech,Maria Santos,Demo Completed,12/16/2025,12/29/2025,13,12/29/2025,,,0,FALSE
L-2228,1/16/2026,Paid Ads,Startup (1-10),Marketing,Tom Wilson,Demo Booked,1/20/2026,1/21/2026,1,,,,0,FALSE
L-2229,2/6/2026,Organic Search,Mid-Market (51-200),SaaS,Priya Patel,Lead,,,,,,,0,FALSE
L-2230,8/21/2025,Referral,Mid-Market (51-200),EdTech,James Chen,Closed Won,8/26/2025,8/30/2025,4,9/2/2025,9/6/2025,10/5/2025,43670.49,FALSE
L-2231,4/8/2025,Cold Outreach,Startup (1-10),HR Tech,James Chen,Lead,,,,,,,0,FALSE
L-2232,5/2/2025,Paid Ads,Mid-Market (51-200),SaaS,Maria Santos,MQL,5/7/2025,,,,,,0,FALSE
L-2233,8/1/2025,Paid Ads,Startup (1-10),Logistics,Priya Patel,Lead,,,,,,,0,FALSE
L-2234,8/8/2025,Referral,Startup (1-10),HealthTech,Maria Santos,Closed Lost,8/9/2025,8/10/2025,1,8/11/2025,8/13/2025,,0,FALSE
L-2235,4/23/2025,Paid Ads,SMB (11-50),HR Tech,Tom Wilson,MQL,4/28/2025,,,,,,0,FALSE
L-2236,11/4/2025,Paid Ads,SMB (11-50),HealthTech,Tom Wilson,Demo Completed,11/7/2025,11/8/2025,1,11/10/2025,,,0,FALSE
L-2237,11/15/2025,Paid Ads,Startup (1-10),HealthTech,James Chen,MQL,11/16/2025,,,,,,0,FALSE
L-2238,9/16/2025,Paid Ads,Startup (1-10),EdTech,Alex Thompson,MQL,9/21/2025,,,,,,0,FALSE
L-2239,3/7/2026,Paid Ads,Enterprise (200+),SaaS,Alex Thompson,Demo Completed,3/10/2026,3/12/2026,2,3/14/2026,,,0,FALSE
L-2240,3/27/2026,Organic Search,SMB (11-50),Marketing,Tom Wilson,Demo Completed,3/31/2026,4/2/2026,2,4/4/2026,,,0,FALSE
L-2241,6/17/2025,LinkedIn,Mid-Market (51-200),HealthTech,Tom Wilson,Lead,,,,,,,0,FALSE
L-2242,6/16/2025,Referral,SMB (11-50),Marketing,Maria Santos,Lead,,,,,,,0,FALSE
L-2243,5/6/2025,Organic Search,Startup (1-10),EdTech,Tom Wilson,MQL,5/9/2025,,,,,,0,FALSE
L-2244,10/28/2025,Organic Search,Mid-Market (51-200),EdTech,James Chen,Demo Completed,10/30/2025,11/3/2025,4,11/3/2025,,,0,FALSE
L-2245,1/7/2026,Organic Search,Startup (1-10),EdTech,Maria Santos,MQL,1/11/2026,,,,,,0,FALSE
L-2246,1/15/2026,Referral,Mid-Market (51-200),EdTech,Alex Thompson,Closed Won,1/19/2026,1/20/2026,1,1/20/2026,1/24/2026,2/2/2026,21833.6,FALSE
L-2247,7/12/2025,Paid Ads,Startup (1-10),HealthTech,James Chen,Lead,,,,,,,0,FALSE
L-2248,9/27/2025,Paid Ads,Mid-Market (51-200),Logistics,Maria Santos,MQL,9/28/2025,,,,,,0,FALSE
L-2249,12/11/2025,Paid Ads,SMB (11-50),EdTech,Maria Santos,Lead,,,,,,,0,FALSE
L-2250,10/13/2025,Organic Search,SMB (11-50),Marketing,Alex Thompson,Churned,10/16/2025,10/18/2025,2,10/20/2025,10/21/2025,10/30/2025,9994.76,TRUE
L-2251,12/8/2025,Organic Search,Mid-Market (51-200),SaaS,Alex Thompson,Lead,,,,,,,0,FALSE
L-2252,12/8/2025,Paid Ads,SMB (11-50),Logistics,Maria Santos,Lead,,,,,,,0,FALSE
L-2253,3/14/2026,Organic Search,Startup (1-10),EdTech,Maria Santos,MQL,3/18/2026,,,,,,0,FALSE
L-2254,10/18/2025,Paid Ads,SMB (11-50),FinTech,Tom Wilson,Lead,,,,,,,0,FALSE
L-2255,6/18/2025,LinkedIn,SMB (11-50),EdTech,Priya Patel,Lead,,,,,,,0,FALSE
L-2256,1/5/2026,Paid Ads,Startup (1-10),HR Tech,Priya Patel,MQL,1/8/2026,,,,,,0,FALSE
L-2257,1/22/2026,Paid Ads,SMB (11-50),HealthTech,James Chen,Demo Completed,1/24/2026,2/4/2026,11,2/6/2026,,,0,FALSE
L-2258,7/30/2025,Organic Search,SMB (11-50),E-commerce,James Chen,MQL,8/2/2025,,,,,,0,FALSE
L-2259,1/6/2026,Paid Ads,SMB (11-50),Logistics,Priya Patel,Demo Booked,1/7/2026,1/18/2026,11,,,,0,FALSE
L-2260,6/28/2025,LinkedIn,Startup (1-10),Marketing,Tom Wilson,MQL,7/2/2025,,,,,,0,FALSE
L-2261,5/22/2025,Paid Ads,Startup (1-10),HealthTech,Maria Santos,Lead,,,,,,,0,FALSE
L-2262,6/15/2025,Referral,Mid-Market (51-200),HealthTech,Tom Wilson,MQL,6/16/2025,,,,,,0,FALSE
L-2263,8/26/2025,Organic Search,SMB (11-50),EdTech,Tom Wilson,MQL,8/31/2025,,,,,,0,FALSE
L-2264,11/1/2025,LinkedIn,SMB (11-50),Marketing,Tom Wilson,Demo Booked,11/5/2025,11/15/2025,10,,,,0,FALSE
L-2265,9/7/2025,Cold Outreach,Startup (1-10),E-commerce,Alex Thompson,Closed Lost,9/10/2025,9/18/2025,8,9/21/2025,9/26/2025,,0,FALSE
L-2266,6/12/2025,Organic Search,Startup (1-10),SaaS,Priya Patel,Demo Booked,6/17/2025,6/18/2025,1,,,,0,FALSE
L-2267,5/16/2025,Paid Ads,SMB (11-50),FinTech,Maria Santos,Lead,,,,,,,0,FALSE
L-2268,5/30/2025,Paid Ads,Startup (1-10),Marketing,Priya Patel,MQL,6/3/2025,,,,,,0,FALSE
L-2269,5/24/2025,Organic Search,SMB (11-50),Logistics,Maria Santos,Lead,,,,,,,0,FALSE
L-2270,3/17/2026,LinkedIn,Enterprise (200+),E-commerce,Alex Thompson,Lead,,,,,,,0,FALSE
L-2271,1/23/2026,Cold Outreach,Enterprise (200+),Marketing,Maria Santos,Lead,,,,,,,0,FALSE
L-2272,4/5/2025,LinkedIn,Mid-Market (51-200),EdTech,Alex Thompson,Lead,,,,,,,0,FALSE
L-2273,9/20/2025,Paid Ads,Enterprise (200+),EdTech,James Chen,Demo Booked,9/21/2025,9/23/2025,2,,,,0,FALSE
L-2274,11/26/2025,Organic Search,Mid-Market (51-200),HR Tech,James Chen,MQL,11/27/2025,,,,,,0,FALSE
L-2275,4/15/2025,Organic Search,Enterprise (200+),HealthTech,Priya Patel,Closed Lost,4/20/2025,4/24/2025,4,4/27/2025,5/1/2025,,0,FALSE
L-2276,11/16/2025,Organic Search,SMB (11-50),SaaS,Maria Santos,Lead,,,,,,,0,FALSE
L-2277,8/25/2025,Organic Search,Startup (1-10),FinTech,James Chen,Closed Lost,8/30/2025,9/11/2025,12,9/11/2025,9/14/2025,,0,FALSE
L-2278,10/20/2025,Paid Ads,Mid-Market (51-200),E-commerce,James Chen,Lead,,,,,,,0,FALSE
L-2279,4/20/2025,Paid Ads,Mid-Market (51-200),Logistics,Tom Wilson,Lead,,,,,,,0,FALSE
L-2280,9/28/2025,Organic Search,Mid-Market (51-200),Logistics,Tom Wilson,Lead,,,,,,,0,FALSE
L-2281,11/13/2025,Paid Ads,Mid-Market (51-200),FinTech,Priya Patel,Demo Booked,11/16/2025,11/17/2025,1,,,,0,FALSE
L-2282,9/12/2025,Cold Outreach,Mid-Market (51-200),E-commerce,Maria Santos,MQL,9/13/2025,,,,,,0,FALSE
L-2283,4/3/2025,Cold Outreach,Mid-Market (51-200),Logistics,Maria Santos,Lead,,,,,,,0,FALSE
L-2284,8/11/2025,Paid Ads,Startup (1-10),FinTech,Tom Wilson,Lead,,,,,,,0,FALSE
L-2285,1/1/2026,Paid Ads,Mid-Market (51-200),HealthTech,Tom Wilson,Lead,,,,,,,0,FALSE
L-2286,5/4/2025,Organic Search,Startup (1-10),Marketing,Tom Wilson,Demo Booked,5/5/2025,5/16/2025,11,,,,0,FALSE
L-2287,6/15/2025,LinkedIn,SMB (11-50),SaaS,Maria Santos,Demo Completed,6/16/2025,6/29/2025,13,7/2/2025,,,0,FALSE
L-2288,9/6/2025,Paid Ads,Mid-Market (51-200),EdTech,James Chen,Demo Completed,9/7/2025,9/13/2025,6,9/16/2025,,,0,FALSE
L-2289,9/11/2025,LinkedIn,Startup (1-10),Logistics,Maria Santos,Demo Completed,9/16/2025,9/17/2025,1,9/20/2025,,,0,FALSE
L-2290,10/8/2025,Paid Ads,Startup (1-10),SaaS,Tom Wilson,Lead,,,,,,,0,FALSE
L-2291,6/19/2025,Organic Search,Startup (1-10),EdTech,Alex Thompson,MQL,6/20/2025,,,,,,0,FALSE
L-2292,4/10/2025,LinkedIn,SMB (11-50),SaaS,Priya Patel,Closed Lost,4/13/2025,4/16/2025,3,4/17/2025,4/18/2025,,0,FALSE
L-2293,10/3/2025,Paid Ads,Startup (1-10),HR Tech,Maria Santos,MQL,10/6/2025,,,,,,0,FALSE
L-2294,3/7/2026,Organic Search,Enterprise (200+),SaaS,Priya Patel,Lead,,,,,,,0,FALSE
L-2295,12/28/2025,Paid Ads,SMB (11-50),Marketing,James Chen,MQL,12/30/2025,,,,,,0,FALSE
L-2296,9/14/2025,Paid Ads,Startup (1-10),Marketing,Tom Wilson,Lead,,,,,,,0,FALSE
L-2297,6/28/2025,Referral,SMB (11-50),E-commerce,Tom Wilson,Demo Completed,7/2/2025,7/9/2025,7,7/11/2025,,,0,FALSE
L-2298,11/15/2025,Organic Search,SMB (11-50),E-commerce,Maria Santos,Demo Booked,11/19/2025,12/1/2025,12,,,,0,FALSE
L-2299,10/23/2025,LinkedIn,Enterprise (200+),SaaS,Tom Wilson,Demo Completed,10/25/2025,11/2/2025,8,11/5/2025,,,0,FALSE
L-2300,12/21/2025,Organic Search,Mid-Market (51-200),FinTech,Alex Thompson,Lead,,,,,,,0,FALSE
L-2301,4/30/2025,Organic Search,SMB (11-50),SaaS,James Chen,Lead,,,,,,,0,FALSE
L-2302,9/25/2025,LinkedIn,Mid-Market (51-200),Marketing,Maria Santos,Lead,,,,,,,0,FALSE
L-2303,7/12/2025,Referral,Enterprise (200+),E-commerce,Priya Patel,MQL,7/13/2025,,,,,,0,FALSE
L-2304,4/5/2025,Paid Ads,Mid-Market (51-200),Logistics,Alex Thompson,MQL,4/8/2025,,,,,,0,FALSE
L-2305,3/30/2026,Paid Ads,SMB (11-50),HR Tech,Priya Patel,Demo Completed,4/2/2026,4/16/2026,14,4/18/2026,,,0,FALSE
L-2306,11/20/2025,Paid Ads,Startup (1-10),Logistics,James Chen,Lead,,,,,,,0,FALSE
L-2307,12/3/2025,Paid Ads,Mid-Market (51-200),E-commerce,James Chen,MQL,12/4/2025,,,,,,0,FALSE
L-2308,2/5/2026,LinkedIn,Mid-Market (51-200),HR Tech,Priya Patel,Closed Lost,2/9/2026,2/14/2026,5,2/16/2026,2/19/2026,,0,FALSE
L-2309,6/29/2025,Organic Search,SMB (11-50),FinTech,Alex Thompson,Lead,,,,,,,0,FALSE
L-2310,1/25/2026,LinkedIn,Enterprise (200+),FinTech,James Chen,Lead,,,,,,,0,FALSE
L-2311,1/17/2026,Paid Ads,Startup (1-10),E-commerce,Priya Patel,Lead,,,,,,,0,FALSE
L-2312,3/14/2026,Paid Ads,Enterprise (200+),Marketing,James Chen,MQL,3/18/2026,,,,,,0,FALSE
L-2313,11/24/2025,Paid Ads,SMB (11-50),HealthTech,Priya Patel,Lead,,,,,,,0,FALSE
L-2314,7/9/2025,LinkedIn,Enterprise (200+),HealthTech,Priya Patel,MQL,7/10/2025,,,,,,0,FALSE
L-2315,7/11/2025,Referral,Enterprise (200+),Marketing,Tom Wilson,MQL,7/15/2025,,,,,,0,FALSE
L-2316,7/24/2025,Paid Ads,Enterprise (200+),Logistics,Tom Wilson,Lead,,,,,,,0,FALSE
L-2317,11/8/2025,LinkedIn,SMB (11-50),Marketing,Priya Patel,Lead,,,,,,,0,FALSE
L-2318,4/17/2025,Cold Outreach,Startup (1-10),SaaS,Tom Wilson,Lead,,,,,,,0,FALSE
L-2319,9/27/2025,LinkedIn,SMB (11-50),FinTech,James Chen,Lead,,,,,,,0,FALSE
L-2320,3/24/2026,Referral,Enterprise (200+),EdTech,Maria Santos,Closed Won,3/29/2026,4/5/2026,7,4/5/2026,4/10/2026,4/29/2026,63999.02,FALSE
L-2321,6/4/2025,Paid Ads,Mid-Market (51-200),Logistics,Maria Santos,Lead,,,,,,,0,FALSE
L-2322,11/19/2025,LinkedIn,SMB (11-50),EdTech,James Chen,Lead,,,,,,,0,FALSE
L-2323,12/7/2025,Organic Search,SMB (11-50),SaaS,Tom Wilson,Demo Completed,12/12/2025,12/16/2025,4,12/18/2025,,,0,FALSE
L-2324,4/12/2025,Organic Search,SMB (11-50),EdTech,Priya Patel,Demo Booked,4/17/2025,5/1/2025,14,,,,0,FALSE
L-2325,9/1/2025,Organic Search,Startup (1-10),HealthTech,Alex Thompson,Lead,,,,,,,0,FALSE
L-2326,1/19/2026,Paid Ads,Startup (1-10),Marketing,Tom Wilson,Lead,,,,,,,0,FALSE
L-2327,7/8/2025,Organic Search,Startup (1-10),E-commerce,Alex Thompson,Demo Completed,7/10/2025,7/12/2025,2,7/14/2025,,,0,FALSE
L-2328,2/11/2026,LinkedIn,SMB (11-50),FinTech,Maria Santos,Lead,,,,,,,0,FALSE
L-2329,7/25/2025,Paid Ads,SMB (11-50),EdTech,Maria Santos,Lead,,,,,,,0,FALSE
L-2330,2/14/2026,Organic Search,Mid-Market (51-200),Marketing,James Chen,Demo Completed,2/16/2026,2/25/2026,9,2/26/2026,,,0,FALSE
L-2331,1/14/2026,Paid Ads,Mid-Market (51-200),FinTech,Alex Thompson,Lead,,,,,,,0,FALSE
L-2332,8/16/2025,Organic Search,Mid-Market (51-200),HealthTech,James Chen,Lead,,,,,,,0,FALSE
L-2333,9/18/2025,Paid Ads,Mid-Market (51-200),FinTech,Priya Patel,Lead,,,,,,,0,FALSE
L-2334,5/31/2025,Organic Search,Enterprise (200+),E-commerce,Maria Santos,Closed Won,6/4/2025,6/5/2025,1,6/7/2025,6/8/2025,7/4/2025,103790.93,FALSE
L-2335,2/13/2026,Paid Ads,Startup (1-10),HR Tech,Alex Thompson,Lead,,,,,,,0,FALSE
L-2336,5/9/2025,Paid Ads,Startup (1-10),Logistics,Priya Patel,Lead,,,,,,,0,FALSE
L-2337,11/3/2025,Paid Ads,SMB (11-50),Logistics,James Chen,Lead,,,,,,,0,FALSE
L-2338,10/14/2025,Paid Ads,SMB (11-50),Logistics,Alex Thompson,MQL,10/16/2025,,,,,,0,FALSE
L-2339,4/14/2025,Cold Outreach,SMB (11-50),HR Tech,James Chen,Closed Won,4/19/2025,4/29/2025,10,4/30/2025,5/1/2025,5/30/2025,8763.26,FALSE
L-2340,5/22/2025,Paid Ads,Startup (1-10),SaaS,James Chen,Lead,,,,,,,0,FALSE
L-2341,11/13/2025,Paid Ads,Startup (1-10),FinTech,Tom Wilson,Demo Booked,11/18/2025,11/20/2025,2,,,,0,FALSE
L-2342,5/18/2025,Organic Search,Mid-Market (51-200),E-commerce,James Chen,MQL,5/20/2025,,,,,,0,FALSE
L-2343,5/27/2025,Paid Ads,Mid-Market (51-200),EdTech,Tom Wilson,Lead,,,,,,,0,FALSE
L-2344,12/4/2025,LinkedIn,Enterprise (200+),Marketing,Tom Wilson,Demo Completed,12/8/2025,12/12/2025,4,12/13/2025,,,0,FALSE
L-2345,5/19/2025,Organic Search,Enterprise (200+),Logistics,Alex Thompson,MQL,5/24/2025,,,,,,0,FALSE
L-2346,8/19/2025,Paid Ads,SMB (11-50),Marketing,Priya Patel,Demo Booked,8/24/2025,8/27/2025,3,,,,0,FALSE
L-2347,3/30/2026,Organic Search,Enterprise (200+),EdTech,Priya Patel,Lead,,,,,,,0,FALSE
L-2348,8/15/2025,Paid Ads,Mid-Market (51-200),FinTech,Tom Wilson,MQL,8/17/2025,,,,,,0,FALSE
L-2349,10/9/2025,LinkedIn,SMB (11-50),SaaS,Alex Thompson,Demo Completed,10/14/2025,10/16/2025,2,10/16/2025,,,0,FALSE
L-2350,9/1/2025,Organic Search,Mid-Market (51-200),Logistics,James Chen,Demo Completed,9/6/2025,9/13/2025,7,9/14/2025,,,0,FALSE
L-2351,1/19/2026,Paid Ads,Startup (1-10),Marketing,Tom Wilson,MQL,1/20/2026,,,,,,0,FALSE
L-2352,3/22/2026,Referral,Mid-Market (51-200),Logistics,James Chen,Demo Booked,3/24/2026,4/2/2026,9,,,,0,FALSE
L-2353,7/9/2025,LinkedIn,Startup (1-10),EdTech,Priya Patel,MQL,7/13/2025,,,,,,0,FALSE
L-2354,5/9/2025,Referral,Startup (1-10),SaaS,Tom Wilson,Closed Lost,5/10/2025,5/20/2025,10,5/21/2025,5/24/2025,,0,FALSE
L-2355,4/3/2025,Paid Ads,Enterprise (200+),SaaS,Priya Patel,Lead,,,,,,,0,FALSE
L-2356,12/5/2025,Organic Search,Startup (1-10),E-commerce,Priya Patel,Demo Completed,12/8/2025,12/14/2025,6,12/14/2025,,,0,FALSE
L-2357,3/29/2026,Organic Search,Startup (1-10),Marketing,James Chen,Closed Lost,4/1/2026,4/4/2026,3,4/7/2026,4/14/2026,,0,FALSE
L-2358,7/11/2025,Paid Ads,Startup (1-10),HealthTech,James Chen,Lead,,,,,,,0,FALSE
L-2359,3/31/2026,Paid Ads,Mid-Market (51-200),Marketing,Alex Thompson,Closed Lost,4/4/2026,4/6/2026,2,4/8/2026,4/14/2026,,0,FALSE
L-2360,10/3/2025,Paid Ads,SMB (11-50),Logistics,Tom Wilson,MQL,10/7/2025,,,,,,0,FALSE
L-2361,2/4/2026,LinkedIn,SMB (11-50),SaaS,Alex Thompson,MQL,2/9/2026,,,,,,0,FALSE
L-2362,9/15/2025,LinkedIn,Mid-Market (51-200),HealthTech,Priya Patel,Lead,,,,,,,0,FALSE
L-2363,12/10/2025,Paid Ads,SMB (11-50),FinTech,Maria Santos,Closed Lost,12/15/2025,12/18/2025,3,12/19/2025,12/22/2025,,0,FALSE
L-2364,9/24/2025,Paid Ads,SMB (11-50),SaaS,Alex Thompson,MQL,9/27/2025,,,,,,0,FALSE
L-2365,1/17/2026,Organic Search,SMB (11-50),Marketing,Priya Patel,Lead,,,,,,,0,FALSE
L-2366,10/7/2025,Paid Ads,SMB (11-50),Marketing,Tom Wilson,Lead,,,,,,,0,FALSE
L-2367,1/16/2026,Organic Search,Mid-Market (51-200),Logistics,Tom Wilson,Demo Completed,1/20/2026,1/24/2026,4,1/24/2026,,,0,FALSE
L-2368,8/16/2025,Paid Ads,Mid-Market (51-200),EdTech,Priya Patel,MQL,8/20/2025,,,,,,0,FALSE
L-2369,1/23/2026,Paid Ads,Mid-Market (51-200),FinTech,Maria Santos,Lead,,,,,,,0,FALSE
L-2370,9/4/2025,Organic Search,Startup (1-10),Logistics,Maria Santos,MQL,9/8/2025,,,,,,0,FALSE
L-2371,7/18/2025,Paid Ads,SMB (11-50),Marketing,Alex Thompson,MQL,7/22/2025,,,,,,0,FALSE
L-2372,8/10/2025,Paid Ads,Mid-Market (51-200),EdTech,Priya Patel,Lead,,,,,,,0,FALSE
L-2373,10/24/2025,LinkedIn,Startup (1-10),Logistics,James Chen,Demo Booked,10/25/2025,10/28/2025,3,,,,0,FALSE
L-2374,11/18/2025,LinkedIn,SMB (11-50),FinTech,James Chen,Demo Completed,11/20/2025,11/25/2025,5,11/25/2025,,,0,FALSE
L-2375,8/27/2025,Referral,Mid-Market (51-200),Logistics,Maria Santos,Lead,,,,,,,0,FALSE
L-2376,9/20/2025,Organic Search,Mid-Market (51-200),Logistics,Maria Santos,Lead,,,,,,,0,FALSE
L-2377,1/29/2026,Paid Ads,Startup (1-10),Marketing,Priya Patel,Demo Completed,1/31/2026,2/12/2026,12,2/15/2026,,,0,FALSE
L-2378,7/3/2025,LinkedIn,Enterprise (200+),E-commerce,James Chen,MQL,7/7/2025,,,,,,0,FALSE
L-2379,11/18/2025,Referral,Mid-Market (51-200),FinTech,Tom Wilson,Demo Completed,11/23/2025,12/6/2025,13,12/6/2025,,,0,FALSE
L-2380,3/15/2026,LinkedIn,SMB (11-50),SaaS,Alex Thompson,Lead,,,,,,,0,FALSE
L-2381,4/13/2025,Referral,Mid-Market (51-200),HR Tech,Priya Patel,MQL,4/16/2025,,,,,,0,FALSE
L-2382,6/10/2025,Referral,Mid-Market (51-200),Marketing,Tom Wilson,Demo Completed,6/11/2025,6/20/2025,9,6/20/2025,,,0,FALSE
L-2383,10/18/2025,Organic Search,Mid-Market (51-200),FinTech,Priya Patel,MQL,10/19/2025,,,,,,0,FALSE
L-2384,7/8/2025,Organic Search,Startup (1-10),FinTech,Priya Patel,Lead,,,,,,,0,FALSE
L-2385,12/31/2025,Organic Search,Startup (1-10),HealthTech,Tom Wilson,Lead,,,,,,,0,FALSE
L-2386,7/14/2025,Organic Search,SMB (11-50),Logistics,Alex Thompson,Lead,,,,,,,0,FALSE
L-2387,11/3/2025,Paid Ads,Startup (1-10),FinTech,Tom Wilson,Lead,,,,,,,0,FALSE
L-2388,8/28/2025,Paid Ads,Startup (1-10),Logistics,Tom Wilson,MQL,8/30/2025,,,,,,0,FALSE
L-2389,3/12/2026,Organic Search,Mid-Market (51-200),SaaS,Maria Santos,Lead,,,,,,,0,FALSE
L-2390,8/23/2025,Cold Outreach,SMB (11-50),FinTech,Maria Santos,Lead,,,,,,,0,FALSE
L-2391,10/12/2025,Organic Search,Enterprise (200+),HR Tech,Maria Santos,Demo Completed,10/13/2025,10/17/2025,4,10/18/2025,,,0,FALSE
L-2392,4/28/2025,Paid Ads,SMB (11-50),Marketing,James Chen,Lead,,,,,,,0,FALSE
L-2393,1/1/2026,LinkedIn,Mid-Market (51-200),HealthTech,Priya Patel,MQL,1/5/2026,,,,,,0,FALSE
L-2394,3/6/2026,Cold Outreach,SMB (11-50),Logistics,Alex Thompson,Demo Booked,3/7/2026,3/8/2026,1,,,,0,FALSE
L-2395,5/18/2025,Cold Outreach,SMB (11-50),E-commerce,Tom Wilson,Lead,,,,,,,0,FALSE
L-2396,11/30/2025,Paid Ads,SMB (11-50),FinTech,Maria Santos,MQL,12/5/2025,,,,,,0,FALSE
L-2397,7/14/2025,Organic Search,Startup (1-10),HR Tech,Maria Santos,Closed Lost,7/19/2025,7/20/2025,1,7/21/2025,7/25/2025,,0,FALSE
L-2398,9/15/2025,Referral,Mid-Market (51-200),Marketing,Tom Wilson,Demo Completed,9/16/2025,9/17/2025,1,9/19/2025,,,0,FALSE
L-2399,5/9/2025,Paid Ads,Mid-Market (51-200),Marketing,Maria Santos,MQL,5/10/2025,,,,,,0,FALSE
L-2400,6/27/2025,Organic Search,Startup (1-10),Logistics,Maria Santos,Lead,,,,,,,0,FALSE
L-2401,6/8/2025,Organic Search,Startup (1-10),FinTech,Tom Wilson,Lead,,,,,,,0,FALSE
L-2402,11/2/2025,Paid Ads,Startup (1-10),FinTech,James Chen,Demo Completed,11/5/2025,11/15/2025,10,11/16/2025,,,0,FALSE
L-2403,5/12/2025,Paid Ads,SMB (11-50),HR Tech,Maria Santos,MQL,5/15/2025,,,,,,0,FALSE
L-2404,7/20/2025,Cold Outreach,Startup (1-10),E-commerce,Alex Thompson,Lead,,,,,,,0,FALSE
L-2405,11/21/2025,Paid Ads,Startup (1-10),E-commerce,James Chen,Demo Booked,11/22/2025,11/25/2025,3,,,,0,FALSE
L-2406,4/1/2025,Cold Outreach,Startup (1-10),Logistics,Priya Patel,Demo Booked,4/4/2025,4/11/2025,7,,,,0,FALSE
L-2407,8/9/2025,Paid Ads,SMB (11-50),SaaS,Priya Patel,MQL,8/10/2025,,,,,,0,FALSE
L-2408,8/3/2025,LinkedIn,Mid-Market (51-200),Marketing,Maria Santos,Lead,,,,,,,0,FALSE
L-2409,9/28/2025,LinkedIn,Startup (1-10),E-commerce,Maria Santos,Lead,,,,,,,0,FALSE
L-2410,10/7/2025,Organic Search,Enterprise (200+),SaaS,Tom Wilson,Demo Completed,10/11/2025,10/13/2025,2,10/16/2025,,,0,FALSE
L-2411,1/25/2026,Referral,Mid-Market (51-200),Logistics,Alex Thompson,Closed Won,1/28/2026,2/1/2026,4,2/3/2026,2/8/2026,2/20/2026,46837.38,FALSE
L-2412,11/19/2025,Paid Ads,SMB (11-50),Logistics,Maria Santos,Lead,,,,,,,0,FALSE
L-2413,10/11/2025,Organic Search,SMB (11-50),SaaS,Alex Thompson,MQL,10/16/2025,,,,,,0,FALSE
L-2414,2/3/2026,Cold Outreach,Mid-Market (51-200),E-commerce,Tom Wilson,Lead,,,,,,,0,FALSE
L-2415,12/1/2025,LinkedIn,Startup (1-10),EdTech,Tom Wilson,Lead,,,,,,,0,FALSE
L-2416,2/7/2026,Organic Search,SMB (11-50),HR Tech,Priya Patel,Demo Completed,2/11/2026,2/12/2026,1,2/14/2026,,,0,FALSE
L-2417,12/27/2025,LinkedIn,Startup (1-10),SaaS,Tom Wilson,Closed Lost,1/1/2026,1/3/2026,2,1/3/2026,1/4/2026,,0,FALSE
L-2418,2/10/2026,Referral,SMB (11-50),Logistics,James Chen,MQL,2/11/2026,,,,,,0,FALSE
L-2419,8/24/2025,Paid Ads,Mid-Market (51-200),SaaS,Maria Santos,Lead,,,,,,,0,FALSE
L-2420,7/14/2025,Organic Search,Startup (1-10),HealthTech,Maria Santos,Closed Lost,7/19/2025,7/21/2025,2,7/24/2025,7/31/2025,,0,FALSE
L-2421,4/6/2025,Paid Ads,Mid-Market (51-200),E-commerce,Alex Thompson,Demo Completed,4/8/2025,4/10/2025,2,4/13/2025,,,0,FALSE
L-2422,8/12/2025,Organic Search,Enterprise (200+),HealthTech,Tom Wilson,Closed Lost,8/17/2025,8/18/2025,1,8/18/2025,8/24/2025,,0,FALSE
L-2423,5/22/2025,Referral,Startup (1-10),Logistics,Priya Patel,Lead,,,,,,,0,FALSE
L-2424,2/28/2026,Organic Search,SMB (11-50),HR Tech,James Chen,Lead,,,,,,,0,FALSE
L-2425,8/5/2025,Referral,Mid-Market (51-200),FinTech,Alex Thompson,Demo Booked,8/8/2025,8/9/2025,1,,,,0,FALSE
L-2426,5/20/2025,Referral,SMB (11-50),EdTech,Priya Patel,Demo Booked,5/24/2025,5/26/2025,2,,,,0,FALSE
L-2427,3/6/2026,Paid Ads,Startup (1-10),HealthTech,Tom Wilson,Demo Completed,3/7/2026,3/21/2026,14,3/21/2026,,,0,FALSE
L-2428,7/7/2025,Organic Search,Startup (1-10),HR Tech,Maria Santos,MQL,7/9/2025,,,,,,0,FALSE
L-2429,1/7/2026,LinkedIn,SMB (11-50),HR Tech,Alex Thompson,Lead,,,,,,,0,FALSE
L-2430,12/30/2025,LinkedIn,SMB (11-50),FinTech,Priya Patel,MQL,1/1/2026,,,,,,0,FALSE
L-2431,10/29/2025,Paid Ads,Startup (1-10),FinTech,Priya Patel,Demo Booked,11/3/2025,11/8/2025,5,,,,0,FALSE
L-2432,3/22/2026,LinkedIn,Enterprise (200+),HealthTech,Priya Patel,MQL,3/24/2026,,,,,,0,FALSE
L-2433,7/8/2025,Organic Search,Startup (1-10),EdTech,Priya Patel,Lead,,,,,,,0,FALSE
L-2434,4/1/2025,Paid Ads,Mid-Market (51-200),EdTech,Tom Wilson,MQL,4/6/2025,,,,,,0,FALSE
L-2435,8/12/2025,LinkedIn,Mid-Market (51-200),EdTech,Priya Patel,Closed Lost,8/17/2025,8/25/2025,8,8/28/2025,9/1/2025,,0,FALSE
L-2436,9/7/2025,Paid Ads,Startup (1-10),SaaS,Maria Santos,Closed Lost,9/10/2025,9/15/2025,5,9/16/2025,9/23/2025,,0,FALSE
L-2437,4/21/2025,Referral,SMB (11-50),Logistics,James Chen,MQL,4/24/2025,,,,,,0,FALSE
L-2438,3/4/2026,Organic Search,SMB (11-50),Marketing,Maria Santos,Demo Completed,3/9/2026,3/13/2026,4,3/13/2026,,,0,FALSE
L-2439,7/31/2025,Organic Search,Mid-Market (51-200),SaaS,James Chen,Demo Completed,8/4/2025,8/12/2025,8,8/14/2025,,,0,FALSE
L-2440,12/6/2025,Organic Search,SMB (11-50),FinTech,Priya Patel,Demo Booked,12/11/2025,12/12/2025,1,,,,0,FALSE
L-2441,3/21/2026,LinkedIn,SMB (11-50),HealthTech,Tom Wilson,Lead,,,,,,,0,FALSE
L-2442,7/12/2025,Cold Outreach,Mid-Market (51-200),HealthTech,Maria Santos,Lead,,,,,,,0,FALSE
L-2443,5/20/2025,Cold Outreach,Mid-Market (51-200),Logistics,Maria Santos,Lead,,,,,,,0,FALSE
L-2444,6/23/2025,Paid Ads,SMB (11-50),FinTech,Alex Thompson,Lead,,,,,,,0,FALSE
L-2445,3/2/2026,Paid Ads,Mid-Market (51-200),HealthTech,Tom Wilson,MQL,3/5/2026,,,,,,0,FALSE
L-2446,4/10/2025,LinkedIn,Mid-Market (51-200),E-commerce,James Chen,MQL,4/15/2025,,,,,,0,FALSE
L-2447,3/31/2026,Referral,SMB (11-50),Marketing,Alex Thompson,MQL,4/4/2026,,,,,,0,FALSE
L-2448,5/11/2025,Cold Outreach,Startup (1-10),E-commerce,James Chen,Lead,,,,,,,0,FALSE
L-2449,1/19/2026,Paid Ads,SMB (11-50),HealthTech,Tom Wilson,MQL,1/21/2026,,,,,,0,FALSE
L-2450,6/7/2025,Organic Search,Mid-Market (51-200),Logistics,Priya Patel,Lead,,,,,,,0,FALSE
L-2451,10/4/2025,Paid Ads,SMB (11-50),Logistics,Maria Santos,Demo Completed,10/5/2025,10/11/2025,6,10/12/2025,,,0,FALSE
L-2452,10/16/2025,LinkedIn,Enterprise (200+),FinTech,James Chen,Closed Won,10/17/2025,10/18/2025,1,10/19/2025,10/20/2025,10/31/2025,100627.25,FALSE
L-2453,2/14/2026,Paid Ads,Mid-Market (51-200),Marketing,Maria Santos,Churned,2/15/2026,2/17/2026,2,2/18/2026,2/24/2026,3/3/2026,22294.87,TRUE
L-2454,10/7/2025,Referral,SMB (11-50),SaaS,Priya Patel,Closed Lost,10/12/2025,10/26/2025,14,10/29/2025,11/3/2025,,0,FALSE
L-2455,12/9/2025,Organic Search,Startup (1-10),HR Tech,Alex Thompson,Lead,,,,,,,0,FALSE
L-2456,6/10/2025,Referral,Startup (1-10),Marketing,Tom Wilson,MQL,6/13/2025,,,,,,0,FALSE
L-2457,7/25/2025,Cold Outreach,Startup (1-10),Marketing,Alex Thompson,Lead,,,,,,,0,FALSE
L-2458,1/30/2026,Paid Ads,Startup (1-10),HealthTech,Tom Wilson,MQL,2/2/2026,,,,,,0,FALSE
L-2459,10/21/2025,Paid Ads,Mid-Market (51-200),Marketing,Alex Thompson,Lead,,,,,,,0,FALSE
L-2460,6/3/2025,Paid Ads,Startup (1-10),EdTech,James Chen,Demo Booked,6/7/2025,6/11/2025,4,,,,0,FALSE
L-2461,1/3/2026,Organic Search,Mid-Market (51-200),E-commerce,Alex Thompson,Demo Booked,1/7/2026,1/14/2026,7,,,,0,FALSE
L-2462,10/5/2025,Organic Search,Startup (1-10),EdTech,Maria Santos,Closed Won,10/6/2025,10/8/2025,2,10/8/2025,10/15/2025,11/4/2025,2594.29,FALSE
L-2463,9/2/2025,Organic Search,SMB (11-50),E-commerce,Alex Thompson,MQL,9/4/2025,,,,,,0,FALSE
L-2464,8/14/2025,Paid Ads,SMB (11-50),FinTech,Priya Patel,Lead,,,,,,,0,FALSE
L-2465,1/24/2026,Organic Search,Startup (1-10),EdTech,Priya Patel,Demo Completed,1/28/2026,2/10/2026,13,2/13/2026,,,0,FALSE
L-2466,7/19/2025,Cold Outreach,Mid-Market (51-200),Logistics,Tom Wilson,Lead,,,,,,,0,FALSE
L-2467,9/13/2025,Organic Search,Startup (1-10),SaaS,James Chen,Lead,,,,,,,0,FALSE
L-2468,1/6/2026,Organic Search,Mid-Market (51-200),HR Tech,Priya Patel,Lead,,,,,,,0,FALSE
L-2469,3/22/2026,Organic Search,SMB (11-50),E-commerce,James Chen,MQL,3/26/2026,,,,,,0,FALSE
L-2470,1/14/2026,Paid Ads,Startup (1-10),FinTech,Maria Santos,MQL,1/15/2026,,,,,,0,FALSE
L-2471,3/20/2026,Organic Search,Startup (1-10),SaaS,James Chen,Lead,,,,,,,0,FALSE
L-2472,1/15/2026,Referral,Startup (1-10),E-commerce,James Chen,Lead,,,,,,,0,FALSE
L-2473,6/8/2025,Organic Search,Startup (1-10),E-commerce,Tom Wilson,MQL,6/10/2025,,,,,,0,FALSE
L-2474,2/11/2026,Cold Outreach,Enterprise (200+),HR Tech,Priya Patel,Lead,,,,,,,0,FALSE
L-2475,7/31/2025,Referral,Startup (1-10),HR Tech,Priya Patel,Closed Lost,8/2/2025,8/5/2025,3,8/6/2025,8/7/2025,,0,FALSE
L-2476,6/29/2025,Cold Outreach,Startup (1-10),SaaS,James Chen,Lead,,,,,,,0,FALSE
L-2477,3/4/2026,Paid Ads,Startup (1-10),Marketing,Priya Patel,MQL,3/9/2026,,,,,,0,FALSE
L-2478,9/12/2025,Cold Outreach,Startup (1-10),HR Tech,Alex Thompson,Lead,,,,,,,0,FALSE
L-2479,10/17/2025,Paid Ads,Startup (1-10),EdTech,James Chen,Closed Lost,10/21/2025,10/22/2025,1,10/22/2025,10/29/2025,,0,FALSE
L-2480,11/8/2025,Paid Ads,Startup (1-10),E-commerce,James Chen,Lead,,,,,,,0,FALSE
L-2481,11/17/2025,LinkedIn,Startup (1-10),E-commerce,Priya Patel,Demo Completed,11/19/2025,11/30/2025,11,11/30/2025,,,0,FALSE
L-2482,11/13/2025,Organic Search,Startup (1-10),HR Tech,Maria Santos,Closed Lost,11/18/2025,11/29/2025,11,12/1/2025,12/6/2025,,0,FALSE
L-2483,3/29/2026,Paid Ads,Startup (1-10),FinTech,Priya Patel,Demo Booked,3/30/2026,4/3/2026,4,,,,0,FALSE
L-2484,6/25/2025,Organic Search,Mid-Market (51-200),EdTech,Tom Wilson,Demo Completed,6/29/2025,7/10/2025,11,7/10/2025,,,0,FALSE
L-2485,8/13/2025,Organic Search,Mid-Market (51-200),EdTech,Priya Patel,Lead,,,,,,,0,FALSE
L-2486,9/9/2025,LinkedIn,Startup (1-10),HR Tech,Alex Thompson,Demo Completed,9/14/2025,9/28/2025,14,10/1/2025,,,0,FALSE
L-2487,2/1/2026,LinkedIn,Mid-Market (51-200),HealthTech,Alex Thompson,Lead,,,,,,,0,FALSE
L-2488,4/8/2025,Organic Search,Startup (1-10),EdTech,Alex Thompson,Lead,,,,,,,0,FALSE
L-2489,10/31/2025,Organic Search,Mid-Market (51-200),SaaS,James Chen,Demo Booked,11/4/2025,11/11/2025,7,,,,0,FALSE
L-2490,6/20/2025,Paid Ads,SMB (11-50),E-commerce,Maria Santos,Lead,,,,,,,0,FALSE
L-2491,9/16/2025,Organic Search,Enterprise (200+),HealthTech,Maria Santos,MQL,9/21/2025,,,,,,0,FALSE
L-2492,3/17/2026,Paid Ads,Startup (1-10),HealthTech,James Chen,Demo Booked,3/19/2026,4/2/2026,14,,,,0,FALSE
L-2493,9/22/2025,Paid Ads,SMB (11-50),E-commerce,James Chen,MQL,9/26/2025,,,,,,0,FALSE
L-2494,7/14/2025,Referral,Startup (1-10),E-commerce,James Chen,Demo Booked,7/19/2025,7/29/2025,10,,,,0,FALSE
L-2495,3/24/2026,Paid Ads,SMB (11-50),FinTech,Priya Patel,MQL,3/26/2026,,,,,,0,FALSE
L-2496,11/26/2025,Paid Ads,Mid-Market (51-200),Logistics,Alex Thompson,Lead,,,,,,,0,FALSE
L-2497,4/13/2025,Organic Search,SMB (11-50),Marketing,Priya Patel,Lead,,,,,,,0,FALSE
L-2498,8/16/2025,Paid Ads,SMB (11-50),HR Tech,Tom Wilson,Lead,,,,,,,0,FALSE
L-2499,2/12/2026,LinkedIn,Startup (1-10),SaaS,Maria Santos,Lead,,,,,,,0,FALSE
L-2500,1/4/2026,Organic Search,Startup (1-10),HealthTech,Maria Santos,Closed Lost,1/6/2026,1/10/2026,4,1/12/2026,1/15/2026,,0,FALSE
L-2501,12/12/2025,Referral,SMB (11-50),Marketing,Alex Thompson,MQL,12/17/2025,,,,,,0,FALSE
L-2502,9/28/2025,Paid Ads,Mid-Market (51-200),EdTech,Priya Patel,Demo Completed,9/30/2025,10/4/2025,4,10/7/2025,,,0,FALSE
L-2503,3/16/2026,LinkedIn,SMB (11-50),E-commerce,Alex Thompson,Demo Completed,3/17/2026,3/20/2026,3,3/22/2026,,,0,FALSE
L-2504,4/3/2025,Paid Ads,Mid-Market (51-200),HR Tech,Alex Thompson,Demo Completed,4/5/2025,4/18/2025,13,4/19/2025,,,0,FALSE
L-2505,4/11/2025,LinkedIn,Mid-Market (51-200),HealthTech,Priya Patel,Lead,,,,,,,0,FALSE
L-2506,6/18/2025,Organic Search,Startup (1-10),Marketing,Alex Thompson,Lead,,,,,,,0,FALSE
L-2507,3/22/2026,Organic Search,SMB (11-50),E-commerce,Maria Santos,Demo Booked,3/23/2026,3/28/2026,5,,,,0,FALSE
L-2508,4/7/2025,Paid Ads,Startup (1-10),Marketing,Tom Wilson,Lead,,,,,,,0,FALSE
L-2509,12/5/2025,Organic Search,Startup (1-10),HR Tech,Tom Wilson,Lead,,,,,,,0,FALSE
L-2510,8/18/2025,Cold Outreach,Enterprise (200+),HR Tech,James Chen,Lead,,,,,,,0,FALSE
L-2511,10/17/2025,Paid Ads,Startup (1-10),SaaS,Alex Thompson,Demo Completed,10/22/2025,10/25/2025,3,10/28/2025,,,0,FALSE
L-2512,9/12/2025,Organic Search,Enterprise (200+),FinTech,Tom Wilson,MQL,9/14/2025,,,,,,0,FALSE
L-2513,3/3/2026,Referral,Enterprise (200+),FinTech,James Chen,Lead,,,,,,,0,FALSE
L-2514,6/15/2025,Paid Ads,Mid-Market (51-200),Marketing,Alex Thompson,Lead,,,,,,,0,FALSE
L-2515,9/29/2025,LinkedIn,Startup (1-10),SaaS,Maria Santos,Lead,,,,,,,0,FALSE
L-2516,8/22/2025,Referral,Mid-Market (51-200),EdTech,Tom Wilson,Demo Completed,8/23/2025,8/26/2025,3,8/29/2025,,,0,FALSE
L-2517,2/7/2026,Organic Search,SMB (11-50),HR Tech,Alex Thompson,MQL,2/8/2026,,,,,,0,FALSE
L-2518,6/21/2025,Paid Ads,Enterprise (200+),Marketing,Tom Wilson,MQL,6/26/2025,,,,,,0,FALSE
L-2519,10/20/2025,LinkedIn,Mid-Market (51-200),EdTech,Tom Wilson,Demo Booked,10/23/2025,10/27/2025,4,,,,0,FALSE
L-2520,1/6/2026,Paid Ads,Enterprise (200+),FinTech,Alex Thompson,MQL,1/11/2026,,,,,,0,FALSE
L-2521,12/21/2025,Paid Ads,SMB (11-50),HR Tech,Alex Thompson,Demo Booked,12/25/2025,12/26/2025,1,,,,0,FALSE
L-2522,5/18/2025,Paid Ads,Enterprise (200+),HealthTech,Alex Thompson,Lead,,,,,,,0,FALSE
L-2523,1/2/2026,Organic Search,Enterprise (200+),HealthTech,Priya Patel,MQL,1/5/2026,,,,,,0,FALSE
L-2524,9/7/2025,Cold Outreach,Mid-Market (51-200),EdTech,Tom Wilson,Lead,,,,,,,0,FALSE
L-2525,7/30/2025,Organic Search,Mid-Market (51-200),Logistics,James Chen,Demo Completed,8/1/2025,8/5/2025,4,8/5/2025,,,0,FALSE
L-2526,3/29/2026,Cold Outreach,Startup (1-10),FinTech,Maria Santos,Lead,,,,,,,0,FALSE
L-2527,2/16/2026,LinkedIn,SMB (11-50),Marketing,Tom Wilson,Lead,,,,,,,0,FALSE
L-2528,11/15/2025,Paid Ads,Enterprise (200+),Marketing,Priya Patel,Demo Completed,11/18/2025,11/22/2025,4,11/22/2025,,,0,FALSE
L-2529,7/17/2025,LinkedIn,SMB (11-50),FinTech,Priya Patel,Closed Lost,7/18/2025,7/19/2025,1,7/21/2025,7/26/2025,,0,FALSE
L-2530,8/13/2025,Referral,Startup (1-10),SaaS,Tom Wilson,Closed Lost,8/17/2025,8/24/2025,7,8/27/2025,8/29/2025,,0,FALSE
L-2531,5/16/2025,Referral,Startup (1-10),FinTech,Alex Thompson,Closed Won,5/21/2025,5/25/2025,4,5/25/2025,5/29/2025,6/17/2025,3796.89,FALSE
L-2532,11/19/2025,Cold Outreach,Startup (1-10),HealthTech,Maria Santos,Lead,,,,,,,0,FALSE
L-2533,1/9/2026,Paid Ads,Mid-Market (51-200),E-commerce,Priya Patel,Lead,,,,,,,0,FALSE
L-2534,2/6/2026,Paid Ads,Startup (1-10),Logistics,Alex Thompson,Lead,,,,,,,0,FALSE
L-2535,11/2/2025,Cold Outreach,Startup (1-10),EdTech,Maria Santos,Lead,,,,,,,0,FALSE
L-2536,9/21/2025,Organic Search,SMB (11-50),SaaS,James Chen,Demo Completed,9/25/2025,9/29/2025,4,9/30/2025,,,0,FALSE
L-2537,9/16/2025,Referral,Mid-Market (51-200),HealthTech,Alex Thompson,Demo Completed,9/17/2025,9/29/2025,12,9/30/2025,,,0,FALSE
L-2538,8/19/2025,Organic Search,SMB (11-50),SaaS,Tom Wilson,Lead,,,,,,,0,FALSE
L-2539,1/1/2026,Paid Ads,Startup (1-10),EdTech,Tom Wilson,Demo Booked,1/2/2026,1/14/2026,12,,,,0,FALSE
L-2540,4/26/2025,LinkedIn,Mid-Market (51-200),SaaS,Alex Thompson,MQL,5/1/2025,,,,,,0,FALSE
L-2541,2/3/2026,Paid Ads,Mid-Market (51-200),Logistics,Tom Wilson,MQL,2/4/2026,,,,,,0,FALSE
L-2542,4/28/2025,Organic Search,Mid-Market (51-200),HR Tech,Tom Wilson,Lead,,,,,,,0,FALSE
L-2543,9/30/2025,Paid Ads,Mid-Market (51-200),Marketing,Alex Thompson,Demo Completed,10/3/2025,10/17/2025,14,10/18/2025,,,0,FALSE
L-2544,5/4/2025,Organic Search,Mid-Market (51-200),Marketing,Maria Santos,MQL,5/6/2025,,,,,,0,FALSE
L-2545,9/29/2025,Organic Search,Mid-Market (51-200),SaaS,Maria Santos,Closed Lost,10/3/2025,10/17/2025,14,10/20/2025,10/25/2025,,0,FALSE
L-2546,1/15/2026,Organic Search,Mid-Market (51-200),FinTech,James Chen,Lead,,,,,,,0,FALSE
L-2547,7/26/2025,Paid Ads,SMB (11-50),Marketing,James Chen,Demo Booked,7/29/2025,8/1/2025,3,,,,0,FALSE
L-2548,4/13/2025,Paid Ads,Startup (1-10),Logistics,Priya Patel,Lead,,,,,,,0,FALSE
L-2549,3/30/2026,Cold Outreach,Startup (1-10),Logistics,Priya Patel,MQL,4/1/2026,,,,,,0,FALSE
L-2550,8/24/2025,Paid Ads,Mid-Market (51-200),EdTech,Tom Wilson,Lead,,,,,,,0,FALSE
L-2551,5/3/2025,Cold Outreach,SMB (11-50),HealthTech,Priya Patel,Lead,,,,,,,0,FALSE
L-2552,12/19/2025,Paid Ads,Enterprise (200+),E-commerce,Maria Santos,MQL,12/23/2025,,,,,,0,FALSE
L-2553,7/26/2025,Paid Ads,Mid-Market (51-200),Marketing,Maria Santos,Lead,,,,,,,0,FALSE
L-2554,3/24/2026,Paid Ads,Startup (1-10),HR Tech,Priya Patel,Lead,,,,,,,0,FALSE
L-2555,11/17/2025,LinkedIn,Startup (1-10),SaaS,Priya Patel,Demo Completed,11/19/2025,11/21/2025,2,11/22/2025,,,0,FALSE
L-2556,2/19/2026,LinkedIn,Startup (1-10),E-commerce,Priya Patel,MQL,2/20/2026,,,,,,0,FALSE
L-2557,1/11/2026,Referral,SMB (11-50),E-commerce,Maria Santos,Lead,,,,,,,0,FALSE
L-2558,10/11/2025,Organic Search,SMB (11-50),HealthTech,Tom Wilson,Lead,,,,,,,0,FALSE
L-2559,9/8/2025,Organic Search,Enterprise (200+),FinTech,James Chen,Lead,,,,,,,0,FALSE
L-2560,6/5/2025,Cold Outreach,Startup (1-10),FinTech,James Chen,Demo Completed,6/7/2025,6/13/2025,6,6/16/2025,,,0,FALSE
L-2561,2/11/2026,Organic Search,Enterprise (200+),HR Tech,Alex Thompson,Lead,,,,,,,0,FALSE
L-2562,6/16/2025,Paid Ads,Mid-Market (51-200),HealthTech,Alex Thompson,Lead,,,,,,,0,FALSE
L-2563,4/14/2025,Paid Ads,SMB (11-50),Marketing,Alex Thompson,Lead,,,,,,,0,FALSE
L-2564,11/21/2025,Paid Ads,Mid-Market (51-200),EdTech,Maria Santos,MQL,11/25/2025,,,,,,0,FALSE
L-2565,5/27/2025,Organic Search,SMB (11-50),Logistics,Maria Santos,Closed Lost,5/29/2025,5/31/2025,2,6/2/2025,6/8/2025,,0,FALSE
L-2566,12/5/2025,Referral,SMB (11-50),E-commerce,James Chen,Demo Completed,12/9/2025,12/12/2025,3,12/13/2025,,,0,FALSE
L-2567,7/1/2025,Cold Outreach,Enterprise (200+),EdTech,Maria Santos,Lead,,,,,,,0,FALSE
L-2568,8/26/2025,Paid Ads,Startup (1-10),SaaS,Alex Thompson,Lead,,,,,,,0,FALSE
L-2569,7/2/2025,Paid Ads,SMB (11-50),HR Tech,James Chen,Closed Lost,7/7/2025,7/8/2025,1,7/9/2025,7/12/2025,,0,FALSE
L-2570,8/28/2025,LinkedIn,Mid-Market (51-200),EdTech,Priya Patel,Demo Booked,8/30/2025,8/31/2025,1,,,,0,FALSE
L-2571,5/3/2025,Organic Search,SMB (11-50),EdTech,James Chen,Closed Won,5/4/2025,5/7/2025,3,5/10/2025,5/15/2025,6/13/2025,12340.04,FALSE
L-2572,5/14/2025,Paid Ads,Startup (1-10),HR Tech,James Chen,Closed Lost,5/19/2025,5/20/2025,1,5/23/2025,5/24/2025,,0,FALSE
L-2573,11/20/2025,Paid Ads,Mid-Market (51-200),HealthTech,Tom Wilson,MQL,11/25/2025,,,,,,0,FALSE
L-2574,9/17/2025,Referral,SMB (11-50),Marketing,James Chen,Closed Lost,9/18/2025,9/25/2025,7,9/26/2025,10/3/2025,,0,FALSE
L-2575,10/24/2025,Organic Search,Startup (1-10),SaaS,Maria Santos,Demo Completed,10/26/2025,10/28/2025,2,10/30/2025,,,0,FALSE
L-2576,8/26/2025,Paid Ads,SMB (11-50),E-commerce,James Chen,Lead,,,,,,,0,FALSE
L-2577,10/27/2025,Paid Ads,Mid-Market (51-200),FinTech,Priya Patel,Closed Lost,10/28/2025,11/7/2025,10,11/7/2025,11/14/2025,,0,FALSE
L-2578,6/9/2025,Cold Outreach,Startup (1-10),E-commerce,James Chen,Lead,,,,,,,0,FALSE
L-2579,1/26/2026,Paid Ads,Startup (1-10),EdTech,James Chen,Demo Completed,1/28/2026,2/4/2026,7,2/4/2026,,,0,FALSE
L-2580,7/24/2025,Paid Ads,Startup (1-10),Marketing,James Chen,Lead,,,,,,,0,FALSE
L-2581,12/21/2025,Paid Ads,Mid-Market (51-200),EdTech,James Chen,MQL,12/22/2025,,,,,,0,FALSE
L-2582,10/28/2025,Paid Ads,Mid-Market (51-200),Marketing,Alex Thompson,Demo Completed,10/31/2025,11/3/2025,3,11/5/2025,,,0,FALSE
L-2583,12/19/2025,Organic Search,Startup (1-10),Marketing,Tom Wilson,Demo Completed,12/21/2025,1/4/2026,14,1/7/2026,,,0,FALSE
L-2584,3/5/2026,Organic Search,Enterprise (200+),SaaS,Alex Thompson,Demo Booked,3/8/2026,3/12/2026,4,,,,0,FALSE
L-2585,10/7/2025,Paid Ads,Mid-Market (51-200),Logistics,Priya Patel,Lead,,,,,,,0,FALSE
L-2586,6/20/2025,Organic Search,Startup (1-10),HR Tech,Priya Patel,MQL,6/22/2025,,,,,,0,FALSE
L-2587,9/1/2025,Organic Search,SMB (11-50),Logistics,Priya Patel,MQL,9/5/2025,,,,,,0,FALSE
L-2588,8/26/2025,Organic Search,Startup (1-10),EdTech,James Chen,Lead,,,,,,,0,FALSE
L-2589,9/10/2025,LinkedIn,Enterprise (200+),Logistics,Priya Patel,Lead,,,,,,,0,FALSE
L-2590,2/19/2026,Paid Ads,SMB (11-50),Logistics,James Chen,Lead,,,,,,,0,FALSE
L-2591,8/27/2025,Organic Search,Enterprise (200+),SaaS,James Chen,Demo Completed,8/31/2025,9/2/2025,2,9/3/2025,,,0,FALSE
L-2592,2/15/2026,LinkedIn,Mid-Market (51-200),Logistics,James Chen,Closed Won,2/17/2026,2/19/2026,2,2/22/2026,2/27/2026,3/9/2026,29798.89,FALSE
L-2593,2/6/2026,Paid Ads,SMB (11-50),SaaS,Tom Wilson,Lead,,,,,,,0,FALSE
L-2594,5/20/2025,LinkedIn,Mid-Market (51-200),HealthTech,Priya Patel,MQL,5/22/2025,,,,,,0,FALSE
L-2595,5/16/2025,Organic Search,Startup (1-10),SaaS,Priya Patel,Demo Completed,5/17/2025,5/19/2025,2,5/20/2025,,,0,FALSE
L-2596,2/9/2026,LinkedIn,Enterprise (200+),Marketing,Tom Wilson,MQL,2/13/2026,,,,,,0,FALSE
L-2597,8/19/2025,Cold Outreach,Startup (1-10),E-commerce,Priya Patel,Lead,,,,,,,0,FALSE
L-2598,7/10/2025,Paid Ads,Enterprise (200+),Marketing,Priya Patel,Lead,,,,,,,0,FALSE
L-2599,9/13/2025,Paid Ads,Mid-Market (51-200),Logistics,James Chen,Lead,,,,,,,0,FALSE
L-2600,3/26/2026,LinkedIn,Mid-Market (51-200),E-commerce,Priya Patel,Closed Lost,3/30/2026,4/1/2026,2,4/3/2026,4/7/2026,,0,FALSE
L-2601,7/2/2025,Paid Ads,Mid-Market (51-200),HealthTech,Maria Santos,Lead,,,,,,,0,FALSE
L-2602,11/22/2025,LinkedIn,SMB (11-50),Marketing,Tom Wilson,Demo Completed,11/26/2025,12/7/2025,11,12/8/2025,,,0,FALSE
L-2603,6/26/2025,Referral,Startup (1-10),Logistics,Maria Santos,Churned,7/1/2025,7/5/2025,4,7/5/2025,7/6/2025,7/20/2025,3379.83,TRUE
L-2604,3/18/2026,Organic Search,Mid-Market (51-200),HR Tech,James Chen,Demo Booked,3/19/2026,3/25/2026,6,,,,0,FALSE
L-2605,5/8/2025,LinkedIn,SMB (11-50),SaaS,Maria Santos,Lead,,,,,,,0,FALSE
L-2606,8/23/2025,Cold Outreach,Startup (1-10),Logistics,Maria Santos,Lead,,,,,,,0,FALSE
L-2607,4/25/2025,LinkedIn,Mid-Market (51-200),HealthTech,Maria Santos,Lead,,,,,,,0,FALSE
L-2608,12/28/2025,Referral,Enterprise (200+),FinTech,James Chen,Demo Booked,1/1/2026,1/12/2026,11,,,,0,FALSE
L-2609,8/28/2025,LinkedIn,Startup (1-10),FinTech,James Chen,Demo Booked,8/30/2025,9/2/2025,3,,,,0,FALSE
L-2610,11/4/2025,Cold Outreach,Startup (1-10),SaaS,Maria Santos,MQL,11/8/2025,,,,,,0,FALSE
L-2611,1/4/2026,Referral,SMB (11-50),HealthTech,James Chen,Demo Booked,1/5/2026,1/11/2026,6,,,,0,FALSE
L-2612,1/24/2026,LinkedIn,Startup (1-10),E-commerce,Maria Santos,Lead,,,,,,,0,FALSE
L-2613,11/24/2025,Cold Outreach,Mid-Market (51-200),E-commerce,Alex Thompson,Lead,,,,,,,0,FALSE
L-2614,5/18/2025,Paid Ads,Enterprise (200+),HealthTech,Alex Thompson,MQL,5/23/2025,,,,,,0,FALSE
L-2615,2/6/2026,Referral,SMB (11-50),HR Tech,Maria Santos,Closed Won,2/10/2026,2/13/2026,3,2/14/2026,2/16/2026,2/25/2026,6450.11,FALSE
L-2616,1/21/2026,Paid Ads,Enterprise (200+),Logistics,Maria Santos,Lead,,,,,,,0,FALSE
L-2617,8/24/2025,Paid Ads,Mid-Market (51-200),HealthTech,Alex Thompson,Lead,,,,,,,0,FALSE
L-2618,9/17/2025,Paid Ads,Startup (1-10),EdTech,James Chen,MQL,9/22/2025,,,,,,0,FALSE
L-2619,1/6/2026,Cold Outreach,Startup (1-10),HealthTech,Priya Patel,Demo Completed,1/9/2026,1/16/2026,7,1/18/2026,,,0,FALSE
L-2620,5/4/2025,Paid Ads,Mid-Market (51-200),Marketing,Priya Patel,Lead,,,,,,,0,FALSE
L-2621,12/26/2025,Organic Search,SMB (11-50),Marketing,Tom Wilson,Lead,,,,,,,0,FALSE
L-2622,1/17/2026,Organic Search,SMB (11-50),Marketing,Tom Wilson,Lead,,,,,,,0,FALSE
L-2623,5/25/2025,Organic Search,Enterprise (200+),FinTech,Alex Thompson,Demo Completed,5/28/2025,5/31/2025,3,6/2/2025,,,0,FALSE
L-2624,6/19/2025,LinkedIn,Startup (1-10),HealthTech,Priya Patel,MQL,6/21/2025,,,,,,0,FALSE
L-2625,4/5/2025,Organic Search,SMB (11-50),Marketing,Priya Patel,Demo Completed,4/6/2025,4/12/2025,6,4/15/2025,,,0,FALSE
L-2626,4/21/2025,Cold Outreach,SMB (11-50),E-commerce,Alex Thompson,Lead,,,,,,,0,FALSE
L-2627,4/2/2025,Organic Search,Mid-Market (51-200),HealthTech,Maria Santos,Lead,,,,,,,0,FALSE
L-2628,5/22/2025,Cold Outreach,SMB (11-50),FinTech,Alex Thompson,Lead,,,,,,,0,FALSE
L-2629,7/8/2025,Organic Search,Startup (1-10),Logistics,James Chen,Closed Lost,7/9/2025,7/11/2025,2,7/12/2025,7/14/2025,,0,FALSE
L-2630,7/8/2025,Organic Search,SMB (11-50),E-commerce,Tom Wilson,MQL,7/13/2025,,,,,,0,FALSE
L-2631,1/9/2026,Paid Ads,Startup (1-10),HealthTech,Maria Santos,MQL,1/14/2026,,,,,,0,FALSE
L-2632,8/5/2025,Paid Ads,Enterprise (200+),HealthTech,Maria Santos,MQL,8/6/2025,,,,,,0,FALSE
L-2633,6/14/2025,Cold Outreach,SMB (11-50),EdTech,Priya Patel,MQL,6/19/2025,,,,,,0,FALSE
L-2634,5/31/2025,Cold Outreach,Startup (1-10),Logistics,Alex Thompson,Lead,,,,,,,0,FALSE
L-2635,4/21/2025,Cold Outreach,SMB (11-50),HR Tech,Tom Wilson,Lead,,,,,,,0,FALSE
L-2636,4/9/2025,Organic Search,Startup (1-10),E-commerce,Tom Wilson,Lead,,,,,,,0,FALSE
L-2637,8/3/2025,Paid Ads,SMB (11-50),Marketing,Alex Thompson,Demo Completed,8/8/2025,8/21/2025,13,8/23/2025,,,0,FALSE
L-2638,1/7/2026,Organic Search,Mid-Market (51-200),Marketing,James Chen,MQL,1/8/2026,,,,,,0,FALSE
L-2639,10/15/2025,Referral,Enterprise (200+),SaaS,Maria Santos,Closed Won,10/18/2025,10/19/2025,1,10/19/2025,10/20/2025,11/17/2025,92680.69,FALSE
L-2640,1/31/2026,Organic Search,Enterprise (200+),SaaS,Priya Patel,MQL,2/3/2026,,,,,,0,FALSE
L-2641,1/29/2026,Organic Search,Enterprise (200+),HR Tech,Alex Thompson,Demo Completed,1/30/2026,2/2/2026,3,2/5/2026,,,0,FALSE
L-2642,6/18/2025,Organic Search,Mid-Market (51-200),Marketing,Alex Thompson,Demo Completed,6/23/2025,6/29/2025,6,7/2/2025,,,0,FALSE
L-2643,4/23/2025,Paid Ads,Mid-Market (51-200),EdTech,Priya Patel,Demo Completed,4/26/2025,5/2/2025,6,5/2/2025,,,0,FALSE
L-2644,2/20/2026,Cold Outreach,Startup (1-10),EdTech,James Chen,Demo Booked,2/23/2026,3/9/2026,14,,,,0,FALSE
L-2645,12/12/2025,LinkedIn,Startup (1-10),Marketing,Priya Patel,Lead,,,,,,,0,FALSE
L-2646,8/23/2025,Paid Ads,Mid-Market (51-200),FinTech,Tom Wilson,Lead,,,,,,,0,FALSE
L-2647,7/18/2025,Paid Ads,Startup (1-10),Marketing,James Chen,MQL,7/19/2025,,,,,,0,FALSE
L-2648,5/27/2025,Paid Ads,SMB (11-50),E-commerce,Alex Thompson,Lead,,,,,,,0,FALSE
L-2649,5/26/2025,Paid Ads,Enterprise (200+),Logistics,Tom Wilson,Demo Completed,5/29/2025,6/12/2025,14,6/15/2025,,,0,FALSE
L-2650,11/18/2025,Organic Search,Startup (1-10),E-commerce,Alex Thompson,Demo Completed,11/20/2025,12/4/2025,14,12/6/2025,,,0,FALSE
L-2651,6/11/2025,Cold Outreach,Mid-Market (51-200),EdTech,Tom Wilson,Lead,,,,,,,0,FALSE
L-2652,11/9/2025,Paid Ads,Startup (1-10),E-commerce,Tom Wilson,MQL,11/14/2025,,,,,,0,FALSE
L-2653,2/2/2026,Organic Search,Startup (1-10),Marketing,James Chen,Demo Booked,2/4/2026,2/5/2026,1,,,,0,FALSE
L-2654,6/30/2025,Paid Ads,Startup (1-10),SaaS,Tom Wilson,Lead,,,,,,,0,FALSE
L-2655,7/23/2025,Organic Search,Startup (1-10),FinTech,Priya Patel,Lead,,,,,,,0,FALSE
L-2656,7/28/2025,LinkedIn,Mid-Market (51-200),SaaS,Maria Santos,Closed Won,8/2/2025,8/5/2025,3,8/5/2025,8/6/2025,8/20/2025,37289.61,FALSE
L-2657,2/4/2026,Referral,SMB (11-50),HR Tech,Maria Santos,Closed Lost,2/5/2026,2/19/2026,14,2/22/2026,3/1/2026,,0,FALSE
L-2658,12/20/2025,LinkedIn,Mid-Market (51-200),HR Tech,Maria Santos,MQL,12/23/2025,,,,,,0,FALSE
L-2659,4/1/2025,Paid Ads,Mid-Market (51-200),E-commerce,James Chen,MQL,4/4/2025,,,,,,0,FALSE
L-2660,10/15/2025,Cold Outreach,Startup (1-10),SaaS,Maria Santos,Lead,,,,,,,0,FALSE
L-2661,9/17/2025,Organic Search,Enterprise (200+),HealthTech,Alex Thompson,MQL,9/21/2025,,,,,,0,FALSE
L-2662,8/30/2025,LinkedIn,SMB (11-50),HealthTech,Tom Wilson,Lead,,,,,,,0,FALSE
L-2663,3/10/2026,Organic Search,Mid-Market (51-200),HealthTech,Maria Santos,Closed Won,3/14/2026,3/18/2026,4,3/21/2026,3/28/2026,4/8/2026,18795.08,FALSE
L-2664,1/6/2026,Organic Search,Mid-Market (51-200),EdTech,Priya Patel,MQL,1/7/2026,,,,,,0,FALSE
L-2665,3/12/2026,Referral,Startup (1-10),SaaS,Maria Santos,Churned,3/16/2026,3/20/2026,4,3/23/2026,3/25/2026,4/7/2026,4862.24,TRUE
L-2666,2/20/2026,Organic Search,Startup (1-10),E-commerce,Priya Patel,MQL,2/23/2026,,,,,,0,FALSE
L-2667,5/13/2025,Organic Search,Startup (1-10),HR Tech,Maria Santos,MQL,5/15/2025,,,,,,0,FALSE
L-2668,9/20/2025,Paid Ads,Startup (1-10),SaaS,Priya Patel,Lead,,,,,,,0,FALSE
L-2669,3/26/2026,Paid Ads,Mid-Market (51-200),E-commerce,James Chen,Lead,,,,,,,0,FALSE
L-2670,3/4/2026,Paid Ads,Startup (1-10),EdTech,Tom Wilson,Lead,,,,,,,0,FALSE
L-2671,12/2/2025,LinkedIn,SMB (11-50),SaaS,James Chen,Lead,,,,,,,0,FALSE
L-2672,7/13/2025,Organic Search,Startup (1-10),HR Tech,Tom Wilson,Lead,,,,,,,0,FALSE
L-2673,7/17/2025,Organic Search,SMB (11-50),HealthTech,Alex Thompson,Lead,,,,,,,0,FALSE
L-2674,10/16/2025,Paid Ads,Startup (1-10),Marketing,Maria Santos,Lead,,,,,,,0,FALSE
L-2675,11/7/2025,Paid Ads,SMB (11-50),Marketing,James Chen,MQL,11/9/2025,,,,,,0,FALSE
L-2676,8/22/2025,Organic Search,Mid-Market (51-200),HR Tech,James Chen,Demo Completed,8/25/2025,9/6/2025,12,9/9/2025,,,0,FALSE
L-2677,12/27/2025,LinkedIn,SMB (11-50),Logistics,Alex Thompson,Demo Booked,12/30/2025,1/1/2026,2,,,,0,FALSE
L-2678,9/5/2025,Paid Ads,SMB (11-50),HealthTech,Maria Santos,Closed Lost,9/7/2025,9/11/2025,4,9/13/2025,9/16/2025,,0,FALSE
L-2679,11/16/2025,Paid Ads,Mid-Market (51-200),Logistics,James Chen,Lead,,,,,,,0,FALSE
L-2680,3/26/2026,LinkedIn,Startup (1-10),SaaS,Alex Thompson,MQL,3/30/2026,,,,,,0,FALSE
L-2681,5/8/2025,Paid Ads,Mid-Market (51-200),Marketing,James Chen,Demo Booked,5/9/2025,5/12/2025,3,,,,0,FALSE
L-2682,9/24/2025,Paid Ads,SMB (11-50),FinTech,Alex Thompson,Lead,,,,,,,0,FALSE
L-2683,5/30/2025,LinkedIn,SMB (11-50),E-commerce,Alex Thompson,Lead,,,,,,,0,FALSE
L-2684,7/14/2025,Paid Ads,Mid-Market (51-200),HR Tech,Maria Santos,MQL,7/19/2025,,,,,,0,FALSE
L-2685,7/8/2025,Paid Ads,SMB (11-50),E-commerce,James Chen,MQL,7/10/2025,,,,,,0,FALSE
L-2686,5/3/2025,Cold Outreach,Mid-Market (51-200),Marketing,Alex Thompson,Lead,,,,,,,0,FALSE
L-2687,10/20/2025,Organic Search,SMB (11-50),HR Tech,Maria Santos,Closed Won,10/22/2025,10/26/2025,4,10/27/2025,11/3/2025,11/11/2025,16696.1,FALSE
L-2688,10/16/2025,Organic Search,SMB (11-50),Marketing,James Chen,Lead,,,,,,,0,FALSE
L-2689,7/18/2025,LinkedIn,Mid-Market (51-200),SaaS,James Chen,MQL,7/22/2025,,,,,,0,FALSE
L-2690,2/4/2026,Organic Search,Enterprise (200+),E-commerce,Tom Wilson,MQL,2/5/2026,,,,,,0,FALSE
L-2691,8/25/2025,Organic Search,Mid-Market (51-200),Marketing,Tom Wilson,Lead,,,,,,,0,FALSE
L-2692,10/7/2025,LinkedIn,SMB (11-50),FinTech,Tom Wilson,Lead,,,,,,,0,FALSE
L-2693,7/6/2025,Paid Ads,Mid-Market (51-200),FinTech,Maria Santos,Closed Lost,7/11/2025,7/25/2025,14,7/25/2025,7/28/2025,,0,FALSE
L-2694,4/25/2025,Paid Ads,SMB (11-50),FinTech,Tom Wilson,MQL,4/30/2025,,,,,,0,FALSE
L-2695,8/9/2025,Organic Search,Mid-Market (51-200),FinTech,Alex Thompson,Closed Lost,8/10/2025,8/13/2025,3,8/15/2025,8/17/2025,,0,FALSE
L-2696,12/20/2025,Paid Ads,Mid-Market (51-200),HealthTech,Alex Thompson,Closed Lost,12/24/2025,12/27/2025,3,12/27/2025,12/31/2025,,0,FALSE
L-2697,11/17/2025,Paid Ads,Startup (1-10),HealthTech,Priya Patel,Demo Booked,11/18/2025,11/25/2025,7,,,,0,FALSE
L-2698,3/26/2026,Referral,SMB (11-50),SaaS,Priya Patel,Closed Lost,3/27/2026,4/7/2026,11,4/10/2026,4/15/2026,,0,FALSE
L-2699,3/31/2026,LinkedIn,SMB (11-50),EdTech,Tom Wilson,Demo Booked,4/2/2026,4/14/2026,12,,,,0,FALSE
L-2700,7/7/2025,LinkedIn,SMB (11-50),SaaS,Alex Thompson,Demo Booked,7/12/2025,7/15/2025,3,,,,0,FALSE
L-2701,1/22/2026,Organic Search,Startup (1-10),SaaS,James Chen,Lead,,,,,,,0,FALSE
L-2702,10/16/2025,LinkedIn,SMB (11-50),Marketing,James Chen,Closed Lost,10/18/2025,10/22/2025,4,10/24/2025,10/27/2025,,0,FALSE
L-2703,7/13/2025,Organic Search,SMB (11-50),SaaS,Maria Santos,Demo Booked,7/18/2025,7/20/2025,2,,,,0,FALSE
L-2704,9/10/2025,Organic Search,SMB (11-50),SaaS,Alex Thompson,MQL,9/13/2025,,,,,,0,FALSE
L-2705,10/7/2025,LinkedIn,Startup (1-10),E-commerce,Tom Wilson,Lead,,,,,,,0,FALSE
L-2706,11/26/2025,Organic Search,Enterprise (200+),FinTech,Tom Wilson,Lead,,,,,,,0,FALSE
L-2707,4/5/2025,Cold Outreach,Startup (1-10),HR Tech,James Chen,Lead,,,,,,,0,FALSE
L-2708,11/30/2025,LinkedIn,Startup (1-10),E-commerce,Priya Patel,Demo Completed,12/1/2025,12/4/2025,3,12/7/2025,,,0,FALSE
L-2709,11/13/2025,Cold Outreach,Startup (1-10),FinTech,Maria Santos,Lead,,,,,,,0,FALSE
L-2710,6/12/2025,Paid Ads,Startup (1-10),E-commerce,Alex Thompson,MQL,6/15/2025,,,,,,0,FALSE
L-2711,3/21/2026,Cold Outreach,Enterprise (200+),EdTech,Priya Patel,Lead,,,,,,,0,FALSE
L-2712,3/14/2026,Cold Outreach,Startup (1-10),Logistics,Maria Santos,Lead,,,,,,,0,FALSE
L-2713,11/9/2025,Referral,Startup (1-10),EdTech,Tom Wilson,Closed Won,11/13/2025,11/17/2025,4,11/20/2025,11/22/2025,12/7/2025,2457.88,FALSE
L-2714,3/12/2026,Organic Search,Startup (1-10),Marketing,James Chen,Demo Completed,3/15/2026,3/19/2026,4,3/20/2026,,,0,FALSE
L-2715,3/27/2026,Organic Search,Mid-Market (51-200),SaaS,Tom Wilson,Demo Completed,3/28/2026,4/9/2026,12,4/9/2026,,,0,FALSE
L-2716,4/20/2025,LinkedIn,SMB (11-50),HealthTech,Alex Thompson,Lead,,,,,,,0,FALSE
L-2717,4/5/2025,Paid Ads,Startup (1-10),E-commerce,Priya Patel,Demo Completed,4/6/2025,4/9/2025,3,4/11/2025,,,0,FALSE
L-2718,9/11/2025,Cold Outreach,SMB (11-50),SaaS,James Chen,MQL,9/16/2025,,,,,,0,FALSE
L-2719,8/24/2025,Organic Search,Enterprise (200+),E-commerce,Maria Santos,MQL,8/28/2025,,,,,,0,FALSE
L-2720,8/24/2025,LinkedIn,SMB (11-50),Logistics,Priya Patel,Lead,,,,,,,0,FALSE
L-2721,12/10/2025,Paid Ads,Startup (1-10),SaaS,Maria Santos,Lead,,,,,,,0,FALSE
L-2722,12/22/2025,LinkedIn,SMB (11-50),EdTech,James Chen,Demo Booked,12/26/2025,1/9/2026,14,,,,0,FALSE
L-2723,4/18/2025,Organic Search,Startup (1-10),FinTech,Maria Santos,Lead,,,,,,,0,FALSE
L-2724,10/18/2025,LinkedIn,Mid-Market (51-200),FinTech,Tom Wilson,Closed Won,10/19/2025,10/23/2025,4,10/25/2025,11/1/2025,11/11/2025,30019.33,FALSE
L-2725,9/11/2025,LinkedIn,Mid-Market (51-200),SaaS,James Chen,Lead,,,,,,,0,FALSE
L-2726,3/31/2026,LinkedIn,Enterprise (200+),Logistics,Tom Wilson,Lead,,,,,,,0,FALSE
L-2727,4/30/2025,Cold Outreach,Mid-Market (51-200),HealthTech,Maria Santos,Lead,,,,,,,0,FALSE
L-2728,1/9/2026,Organic Search,SMB (11-50),SaaS,Maria Santos,MQL,1/10/2026,,,,,,0,FALSE
L-2729,12/26/2025,LinkedIn,SMB (11-50),FinTech,James Chen,Demo Booked,12/28/2025,12/31/2025,3,,,,0,FALSE
L-2730,7/27/2025,Referral,Startup (1-10),FinTech,Tom Wilson,MQL,7/30/2025,,,,,,0,FALSE
L-2731,10/31/2025,Referral,SMB (11-50),HealthTech,James Chen,MQL,11/5/2025,,,,,,0,FALSE
L-2732,6/10/2025,Paid Ads,Mid-Market (51-200),HealthTech,James Chen,Lead,,,,,,,0,FALSE
L-2733,3/24/2026,Organic Search,Startup (1-10),Marketing,Priya Patel,Lead,,,,,,,0,FALSE
L-2734,5/8/2025,LinkedIn,Mid-Market (51-200),EdTech,James Chen,Lead,,,,,,,0,FALSE
L-2735,7/18/2025,LinkedIn,Startup (1-10),EdTech,Tom Wilson,Lead,,,,,,,0,FALSE
L-2736,7/13/2025,LinkedIn,Startup (1-10),Logistics,Priya Patel,Lead,,,,,,,0,FALSE
L-2737,1/11/2026,Referral,Startup (1-10),E-commerce,Maria Santos,MQL,1/12/2026,,,,,,0,FALSE
L-2738,10/26/2025,Paid Ads,SMB (11-50),SaaS,Priya Patel,Lead,,,,,,,0,FALSE
L-2739,12/5/2025,Organic Search,Startup (1-10),HealthTech,Priya Patel,Demo Completed,12/6/2025,12/17/2025,11,12/18/2025,,,0,FALSE
L-2740,5/15/2025,Paid Ads,SMB (11-50),EdTech,Maria Santos,Lead,,,,,,,0,FALSE
L-2741,10/23/2025,Organic Search,Mid-Market (51-200),E-commerce,Priya Patel,Demo Booked,10/25/2025,10/29/2025,4,,,,0,FALSE
L-2742,2/24/2026,Organic Search,SMB (11-50),SaaS,Priya Patel,MQL,2/28/2026,,,,,,0,FALSE
L-2743,8/28/2025,Paid Ads,Startup (1-10),FinTech,Priya Patel,Lead,,,,,,,0,FALSE
L-2744,9/13/2025,Paid Ads,SMB (11-50),HealthTech,James Chen,MQL,9/17/2025,,,,,,0,FALSE
L-2745,8/30/2025,Paid Ads,SMB (11-50),HR Tech,Priya Patel,MQL,9/1/2025,,,,,,0,FALSE
L-2746,4/16/2025,Organic Search,Mid-Market (51-200),FinTech,Alex Thompson,Lead,,,,,,,0,FALSE
L-2747,11/12/2025,Cold Outreach,Enterprise (200+),Marketing,Maria Santos,Demo Booked,11/16/2025,11/18/2025,2,,,,0,FALSE
L-2748,9/27/2025,Organic Search,Enterprise (200+),EdTech,Priya Patel,Lead,,,,,,,0,FALSE
L-2749,12/26/2025,Organic Search,SMB (11-50),HealthTech,Alex Thompson,MQL,12/27/2025,,,,,,0,FALSE
L-2750,8/17/2025,Organic Search,Startup (1-10),E-commerce,Alex Thompson,Demo Completed,8/19/2025,9/1/2025,13,9/4/2025,,,0,FALSE
L-2751,7/10/2025,Referral,Mid-Market (51-200),E-commerce,Tom Wilson,MQL,7/11/2025,,,,,,0,FALSE
L-2752,10/18/2025,Paid Ads,Mid-Market (51-200),HealthTech,Tom Wilson,Lead,,,,,,,0,FALSE
L-2753,3/5/2026,Paid Ads,Startup (1-10),FinTech,Priya Patel,Lead,,,,,,,0,FALSE
L-2754,7/6/2025,Paid Ads,Enterprise (200+),E-commerce,James Chen,MQL,7/8/2025,,,,,,0,FALSE
L-2755,4/7/2025,Referral,Startup (1-10),E-commerce,Maria Santos,Demo Completed,4/11/2025,4/18/2025,7,4/21/2025,,,0,FALSE
L-2756,8/1/2025,Organic Search,Startup (1-10),HR Tech,Alex Thompson,MQL,8/4/2025,,,,,,0,FALSE
L-2757,9/4/2025,Referral,SMB (11-50),HealthTech,Alex Thompson,Demo Completed,9/9/2025,9/13/2025,4,9/16/2025,,,0,FALSE
L-2758,8/9/2025,Organic Search,SMB (11-50),EdTech,James Chen,Demo Completed,8/10/2025,8/23/2025,13,8/26/2025,,,0,FALSE
L-2759,7/11/2025,LinkedIn,Startup (1-10),Marketing,Tom Wilson,Lead,,,,,,,0,FALSE
L-2760,11/6/2025,Organic Search,Mid-Market (51-200),EdTech,Tom Wilson,MQL,11/10/2025,,,,,,0,FALSE
L-2761,9/8/2025,Paid Ads,Enterprise (200+),Marketing,Tom Wilson,MQL,9/9/2025,,,,,,0,FALSE
L-2762,12/17/2025,LinkedIn,SMB (11-50),HR Tech,Maria Santos,Lead,,,,,,,0,FALSE
L-2763,1/13/2026,Paid Ads,Startup (1-10),Logistics,Tom Wilson,Demo Booked,1/16/2026,1/30/2026,14,,,,0,FALSE
L-2764,5/1/2025,Paid Ads,Startup (1-10),Marketing,Alex Thompson,MQL,5/2/2025,,,,,,0,FALSE
L-2765,4/27/2025,Organic Search,SMB (11-50),E-commerce,Maria Santos,Demo Completed,4/30/2025,5/2/2025,2,5/3/2025,,,0,FALSE
L-2766,2/20/2026,Organic Search,Startup (1-10),EdTech,Alex Thompson,Lead,,,,,,,0,FALSE
L-2767,1/13/2026,Paid Ads,Mid-Market (51-200),FinTech,James Chen,Lead,,,,,,,0,FALSE
L-2768,9/29/2025,Paid Ads,Startup (1-10),EdTech,Maria Santos,MQL,10/1/2025,,,,,,0,FALSE
L-2769,3/3/2026,Referral,Startup (1-10),EdTech,Maria Santos,Closed Lost,3/8/2026,3/10/2026,2,3/13/2026,3/20/2026,,0,FALSE
L-2770,2/12/2026,Referral,Startup (1-10),SaaS,Priya Patel,Lead,,,,,,,0,FALSE
L-2771,6/12/2025,LinkedIn,Startup (1-10),HealthTech,Maria Santos,MQL,6/15/2025,,,,,,0,FALSE
L-2772,7/4/2025,Paid Ads,Mid-Market (51-200),Logistics,Alex Thompson,Lead,,,,,,,0,FALSE
L-2773,7/3/2025,LinkedIn,Startup (1-10),Logistics,Priya Patel,Lead,,,,,,,0,FALSE
L-2774,7/24/2025,Paid Ads,Mid-Market (51-200),EdTech,Priya Patel,MQL,7/29/2025,,,,,,0,FALSE
L-2775,2/18/2026,Organic Search,Startup (1-10),HealthTech,Alex Thompson,Lead,,,,,,,0,FALSE
L-2776,7/28/2025,Cold Outreach,Mid-Market (51-200),HealthTech,Tom Wilson,Lead,,,,,,,0,FALSE
L-2777,10/1/2025,Paid Ads,Mid-Market (51-200),Marketing,Alex Thompson,MQL,10/3/2025,,,,,,0,FALSE
L-2778,11/29/2025,Referral,Enterprise (200+),Logistics,James Chen,Demo Completed,11/30/2025,12/2/2025,2,12/3/2025,,,0,FALSE
L-2779,6/25/2025,Referral,Mid-Market (51-200),EdTech,Priya Patel,MQL,6/28/2025,,,,,,0,FALSE
L-2780,5/31/2025,Paid Ads,SMB (11-50),Marketing,Tom Wilson,Closed Lost,6/4/2025,6/18/2025,14,6/19/2025,6/26/2025,,0,FALSE
L-2781,11/10/2025,Paid Ads,Mid-Market (51-200),EdTech,Maria Santos,Lead,,,,,,,0,FALSE
L-2782,2/10/2026,Cold Outreach,SMB (11-50),FinTech,Alex Thompson,Lead,,,,,,,0,FALSE
L-2783,11/12/2025,Organic Search,Enterprise (200+),E-commerce,Priya Patel,MQL,11/13/2025,,,,,,0,FALSE
L-2784,1/10/2026,Cold Outreach,Startup (1-10),SaaS,Tom Wilson,Lead,,,,,,,0,FALSE
L-2785,2/27/2026,Paid Ads,SMB (11-50),HealthTech,Alex Thompson,Demo Completed,3/1/2026,3/3/2026,2,3/4/2026,,,0,FALSE
L-2786,6/7/2025,LinkedIn,Startup (1-10),SaaS,Alex Thompson,Demo Completed,6/10/2025,6/17/2025,7,6/19/2025,,,0,FALSE
L-2787,5/14/2025,Paid Ads,Startup (1-10),Marketing,James Chen,MQL,5/16/2025,,,,,,0,FALSE
L-2788,5/14/2025,Paid Ads,Enterprise (200+),EdTech,James Chen,Lead,,,,,,,0,FALSE
L-2789,5/31/2025,Referral,Mid-Market (51-200),HR Tech,Priya Patel,Demo Completed,6/1/2025,6/8/2025,7,6/11/2025,,,0,FALSE
L-2790,11/18/2025,Organic Search,Mid-Market (51-200),EdTech,Maria Santos,Demo Completed,11/20/2025,11/27/2025,7,11/27/2025,,,0,FALSE
L-2791,5/21/2025,Organic Search,Mid-Market (51-200),E-commerce,James Chen,Demo Completed,5/23/2025,5/24/2025,1,5/27/2025,,,0,FALSE
L-2792,12/20/2025,Paid Ads,Startup (1-10),E-commerce,Tom Wilson,Demo Booked,12/24/2025,1/3/2026,10,,,,0,FALSE
L-2793,8/9/2025,LinkedIn,Startup (1-10),SaaS,Maria Santos,Closed Lost,8/10/2025,8/12/2025,2,8/13/2025,8/18/2025,,0,FALSE
L-2794,4/29/2025,Cold Outreach,Mid-Market (51-200),Marketing,Alex Thompson,MQL,5/2/2025,,,,,,0,FALSE
L-2795,8/18/2025,Organic Search,SMB (11-50),SaaS,Maria Santos,Closed Lost,8/20/2025,8/24/2025,4,8/25/2025,8/29/2025,,0,FALSE
L-2796,3/7/2026,Paid Ads,Startup (1-10),SaaS,Tom Wilson,Closed Lost,3/9/2026,3/12/2026,3,3/12/2026,3/15/2026,,0,FALSE
L-2797,7/30/2025,Paid Ads,Startup (1-10),E-commerce,Alex Thompson,MQL,8/4/2025,,,,,,0,FALSE
L-2798,6/2/2025,Referral,Startup (1-10),Logistics,Tom Wilson,Demo Completed,6/6/2025,6/7/2025,1,6/7/2025,,,0,FALSE
L-2799,4/7/2025,LinkedIn,Enterprise (200+),Logistics,Tom Wilson,MQL,4/12/2025,,,,,,0,FALSE
L-2800,4/24/2025,Paid Ads,SMB (11-50),HR Tech,James Chen,Demo Booked,4/27/2025,5/3/2025,6,,,,0,FALSE
L-2801,8/16/2025,Cold Outreach,SMB (11-50),Logistics,James Chen,Lead,,,,,,,0,FALSE
L-2802,7/2/2025,LinkedIn,Startup (1-10),EdTech,Maria Santos,MQL,7/3/2025,,,,,,0,FALSE
L-2803,8/14/2025,Paid Ads,Startup (1-10),HealthTech,Tom Wilson,Lead,,,,,,,0,FALSE
L-2804,2/5/2026,Paid Ads,Startup (1-10),EdTech,Priya Patel,Demo Booked,2/10/2026,2/21/2026,11,,,,0,FALSE
L-2805,11/15/2025,Organic Search,SMB (11-50),SaaS,Priya Patel,MQL,11/16/2025,,,,,,0,FALSE
L-2806,8/2/2025,Referral,SMB (11-50),E-commerce,Priya Patel,Demo Completed,8/6/2025,8/17/2025,11,8/18/2025,,,0,FALSE
L-2807,7/10/2025,Organic Search,SMB (11-50),HR Tech,Maria Santos,Churned,7/15/2025,7/18/2025,3,7/20/2025,7/21/2025,8/9/2025,16628.96,TRUE
L-2808,3/15/2026,Organic Search,Mid-Market (51-200),FinTech,Alex Thompson,Closed Won,3/19/2026,3/20/2026,1,3/22/2026,3/27/2026,4/22/2026,29903.46,FALSE
L-2809,12/2/2025,Organic Search,Enterprise (200+),Logistics,Alex Thompson,Demo Completed,12/5/2025,12/18/2025,13,12/21/2025,,,0,FALSE
L-2810,4/15/2025,Paid Ads,SMB (11-50),SaaS,Maria Santos,MQL,4/17/2025,,,,,,0,FALSE
L-2811,3/20/2026,Referral,Mid-Market (51-200),Logistics,James Chen,Lead,,,,,,,0,FALSE
L-2812,3/28/2026,LinkedIn,SMB (11-50),E-commerce,James Chen,Lead,,,,,,,0,FALSE
L-2813,4/30/2025,Organic Search,Mid-Market (51-200),E-commerce,Priya Patel,Demo Completed,5/5/2025,5/10/2025,5,5/11/2025,,,0,FALSE
L-2814,6/20/2025,Paid Ads,SMB (11-50),E-commerce,Tom Wilson,MQL,6/21/2025,,,,,,0,FALSE
L-2815,10/23/2025,Paid Ads,SMB (11-50),HR Tech,Tom Wilson,Demo Booked,10/27/2025,11/9/2025,13,,,,0,FALSE
L-2816,1/23/2026,LinkedIn,Mid-Market (51-200),HR Tech,Alex Thompson,Lead,,,,,,,0,FALSE
L-2817,5/25/2025,Referral,Startup (1-10),E-commerce,James Chen,Demo Completed,5/26/2025,6/5/2025,10,6/5/2025,,,0,FALSE
L-2818,5/10/2025,Organic Search,Startup (1-10),FinTech,Priya Patel,Closed Lost,5/13/2025,5/19/2025,6,5/19/2025,5/23/2025,,0,FALSE
L-2819,5/23/2025,Organic Search,SMB (11-50),E-commerce,Priya Patel,MQL,5/26/2025,,,,,,0,FALSE
L-2820,1/19/2026,Paid Ads,Enterprise (200+),HealthTech,Maria Santos,Lead,,,,,,,0,FALSE
L-2821,12/28/2025,Paid Ads,Mid-Market (51-200),FinTech,Priya Patel,Lead,,,,,,,0,FALSE
L-2822,12/12/2025,Paid Ads,Startup (1-10),SaaS,Maria Santos,Demo Booked,12/16/2025,12/18/2025,2,,,,0,FALSE
L-2823,5/10/2025,Referral,SMB (11-50),HealthTech,James Chen,Closed Won,5/15/2025,5/16/2025,1,5/16/2025,5/22/2025,6/9/2025,14996.82,FALSE
L-2824,7/30/2025,LinkedIn,SMB (11-50),EdTech,Priya Patel,Lead,,,,,,,0,FALSE
L-2825,12/3/2025,Cold Outreach,SMB (11-50),HealthTech,James Chen,Lead,,,,,,,0,FALSE
L-2826,9/12/2025,Cold Outreach,Startup (1-10),E-commerce,James Chen,Lead,,,,,,,0,FALSE
L-2827,2/2/2026,Cold Outreach,Startup (1-10),Marketing,Maria Santos,Lead,,,,,,,0,FALSE
L-2828,12/9/2025,Paid Ads,SMB (11-50),HealthTech,Alex Thompson,Lead,,,,,,,0,FALSE
L-2829,3/28/2026,Cold Outreach,Enterprise (200+),HealthTech,James Chen,Closed Lost,3/29/2026,4/2/2026,4,4/4/2026,4/6/2026,,0,FALSE
L-2830,10/17/2025,Organic Search,SMB (11-50),HealthTech,Alex Thompson,Demo Completed,10/18/2025,10/19/2025,1,10/21/2025,,,0,FALSE
L-2831,10/3/2025,Referral,Mid-Market (51-200),Logistics,Alex Thompson,Demo Completed,10/8/2025,10/17/2025,9,10/18/2025,,,0,FALSE
L-2832,2/28/2026,Organic Search,Mid-Market (51-200),SaaS,Alex Thompson,Lead,,,,,,,0,FALSE
L-2833,7/15/2025,Cold Outreach,SMB (11-50),HealthTech,Maria Santos,MQL,7/20/2025,,,,,,0,FALSE
L-2834,6/1/2025,Cold Outreach,SMB (11-50),HR Tech,James Chen,Lead,,,,,,,0,FALSE
L-2835,9/4/2025,Paid Ads,Startup (1-10),FinTech,James Chen,MQL,9/6/2025,,,,,,0,FALSE
L-2836,12/25/2025,LinkedIn,Enterprise (200+),HealthTech,Tom Wilson,Lead,,,,,,,0,FALSE
L-2837,3/11/2026,LinkedIn,Startup (1-10),FinTech,Priya Patel,Lead,,,,,,,0,FALSE
L-2838,4/8/2025,Paid Ads,Startup (1-10),EdTech,Alex Thompson,Closed Won,4/13/2025,4/16/2025,3,4/18/2025,4/24/2025,5/23/2025,3406.24,FALSE
L-2839,10/28/2025,LinkedIn,Startup (1-10),Marketing,Priya Patel,Closed Lost,10/29/2025,11/4/2025,6,11/6/2025,11/13/2025,,0,FALSE
L-2840,1/2/2026,Paid Ads,SMB (11-50),SaaS,Tom Wilson,Lead,,,,,,,0,FALSE
L-2841,9/7/2025,Paid Ads,Startup (1-10),FinTech,Alex Thompson,Lead,,,,,,,0,FALSE
L-2842,4/29/2025,Paid Ads,Mid-Market (51-200),HealthTech,Tom Wilson,Demo Completed,5/1/2025,5/2/2025,1,5/5/2025,,,0,FALSE
L-2843,2/19/2026,Paid Ads,Mid-Market (51-200),E-commerce,Maria Santos,Lead,,,,,,,0,FALSE
L-2844,1/24/2026,Paid Ads,SMB (11-50),Logistics,Priya Patel,Lead,,,,,,,0,FALSE
L-2845,9/25/2025,Cold Outreach,SMB (11-50),E-commerce,Tom Wilson,MQL,9/30/2025,,,,,,0,FALSE
L-2846,7/8/2025,Organic Search,Startup (1-10),HealthTech,Tom Wilson,MQL,7/9/2025,,,,,,0,FALSE
L-2847,8/22/2025,LinkedIn,Mid-Market (51-200),Marketing,James Chen,Lead,,,,,,,0,FALSE
L-2848,3/11/2026,LinkedIn,Startup (1-10),Logistics,Priya Patel,Demo Completed,3/13/2026,3/21/2026,8,3/22/2026,,,0,FALSE
L-2849,10/13/2025,Paid Ads,SMB (11-50),HealthTech,Tom Wilson,Demo Booked,10/18/2025,10/19/2025,1,,,,0,FALSE
L-2850,6/30/2025,LinkedIn,Startup (1-10),SaaS,Tom Wilson,MQL,7/5/2025,,,,,,0,FALSE
L-2851,7/14/2025,Organic Search,SMB (11-50),HR Tech,Alex Thompson,MQL,7/15/2025,,,,,,0,FALSE
L-2852,8/18/2025,Paid Ads,Enterprise (200+),EdTech,Tom Wilson,Lead,,,,,,,0,FALSE
L-2853,1/17/2026,Cold Outreach,Mid-Market (51-200),FinTech,James Chen,Lead,,,,,,,0,FALSE
L-2854,9/15/2025,Cold Outreach,Mid-Market (51-200),Logistics,Alex Thompson,Demo Completed,9/20/2025,9/24/2025,4,9/24/2025,,,0,FALSE
L-2855,6/9/2025,Organic Search,Startup (1-10),EdTech,Alex Thompson,Demo Completed,6/13/2025,6/22/2025,9,6/25/2025,,,0,FALSE
L-2856,1/1/2026,Organic Search,SMB (11-50),HR Tech,Tom Wilson,Demo Booked,1/4/2026,1/8/2026,4,,,,0,FALSE
L-2857,4/27/2025,Referral,Mid-Market (51-200),Logistics,Tom Wilson,Demo Completed,4/30/2025,5/1/2025,1,5/3/2025,,,0,FALSE
L-2858,9/20/2025,Cold Outreach,Enterprise (200+),HR Tech,Maria Santos,Lead,,,,,,,0,FALSE
L-2859,3/1/2026,LinkedIn,SMB (11-50),EdTech,Maria Santos,MQL,3/6/2026,,,,,,0,FALSE
L-2860,12/8/2025,Organic Search,Startup (1-10),HealthTech,Priya Patel,Demo Completed,12/11/2025,12/13/2025,2,12/15/2025,,,0,FALSE
L-2861,8/21/2025,Referral,SMB (11-50),EdTech,Maria Santos,Closed Won,8/22/2025,9/2/2025,11,9/3/2025,9/6/2025,10/5/2025,14992.68,FALSE
L-2862,3/26/2026,Paid Ads,SMB (11-50),HealthTech,Priya Patel,MQL,3/28/2026,,,,,,0,FALSE
L-2863,9/17/2025,LinkedIn,Startup (1-10),FinTech,James Chen,MQL,9/19/2025,,,,,,0,FALSE
L-2864,10/10/2025,LinkedIn,Enterprise (200+),Logistics,James Chen,Lead,,,,,,,0,FALSE
L-2865,8/6/2025,Paid Ads,Enterprise (200+),HealthTech,Priya Patel,MQL,8/9/2025,,,,,,0,FALSE
L-2866,7/10/2025,LinkedIn,SMB (11-50),FinTech,Priya Patel,Demo Booked,7/13/2025,7/18/2025,5,,,,0,FALSE
L-2867,9/18/2025,Paid Ads,SMB (11-50),Logistics,Tom Wilson,MQL,9/23/2025,,,,,,0,FALSE
L-2868,3/29/2026,Paid Ads,Startup (1-10),EdTech,James Chen,MQL,4/1/2026,,,,,,0,FALSE
L-2869,9/15/2025,LinkedIn,Startup (1-10),SaaS,Priya Patel,MQL,9/16/2025,,,,,,0,FALSE
L-2870,7/18/2025,LinkedIn,Startup (1-10),Marketing,Alex Thompson,Lead,,,,,,,0,FALSE
L-2871,7/29/2025,Paid Ads,SMB (11-50),Logistics,James Chen,MQL,7/30/2025,,,,,,0,FALSE
L-2872,5/16/2025,Paid Ads,Startup (1-10),HR Tech,Priya Patel,MQL,5/17/2025,,,,,,0,FALSE
L-2873,8/22/2025,Paid Ads,Startup (1-10),HR Tech,Alex Thompson,Lead,,,,,,,0,FALSE
L-2874,6/9/2025,Organic Search,Enterprise (200+),E-commerce,Priya Patel,Demo Booked,6/13/2025,6/16/2025,3,,,,0,FALSE
L-2875,8/14/2025,Organic Search,Enterprise (200+),HR Tech,Priya Patel,Lead,,,,,,,0,FALSE
L-2876,2/27/2026,Cold Outreach,Mid-Market (51-200),Marketing,Alex Thompson,MQL,3/2/2026,,,,,,0,FALSE
L-2877,11/15/2025,LinkedIn,Startup (1-10),EdTech,James Chen,MQL,11/18/2025,,,,,,0,FALSE
L-2878,10/17/2025,LinkedIn,Enterprise (200+),SaaS,Priya Patel,Demo Completed,10/22/2025,10/31/2025,9,11/3/2025,,,0,FALSE
L-2879,7/12/2025,Organic Search,SMB (11-50),HR Tech,Alex Thompson,Demo Completed,7/13/2025,7/21/2025,8,7/21/2025,,,0,FALSE
L-2880,10/27/2025,Referral,Startup (1-10),Marketing,Maria Santos,Closed Lost,10/30/2025,11/7/2025,8,11/9/2025,11/16/2025,,0,FALSE
L-2881,7/12/2025,Referral,SMB (11-50),EdTech,James Chen,Lead,,,,,,,0,FALSE
L-2882,4/19/2025,Paid Ads,SMB (11-50),FinTech,Maria Santos,MQL,4/20/2025,,,,,,0,FALSE
L-2883,9/5/2025,Organic Search,Startup (1-10),FinTech,James Chen,MQL,9/8/2025,,,,,,0,FALSE
L-2884,5/12/2025,Paid Ads,SMB (11-50),Logistics,Alex Thompson,MQL,5/13/2025,,,,,,0,FALSE
L-2885,10/23/2025,Paid Ads,Startup (1-10),HR Tech,Alex Thompson,MQL,10/26/2025,,,,,,0,FALSE
L-2886,2/24/2026,Organic Search,SMB (11-50),HealthTech,Tom Wilson,Lead,,,,,,,0,FALSE
L-2887,11/23/2025,Organic Search,SMB (11-50),FinTech,Alex Thompson,Demo Completed,11/27/2025,12/10/2025,13,12/10/2025,,,0,FALSE
L-2888,1/26/2026,LinkedIn,SMB (11-50),EdTech,Tom Wilson,MQL,1/31/2026,,,,,,0,FALSE
L-2889,4/2/2025,Paid Ads,Mid-Market (51-200),SaaS,James Chen,Lead,,,,,,,0,FALSE
L-2890,4/9/2025,Organic Search,Startup (1-10),Logistics,Alex Thompson,MQL,4/13/2025,,,,,,0,FALSE
L-2891,8/8/2025,Referral,SMB (11-50),E-commerce,Maria Santos,Churned,8/9/2025,8/10/2025,1,8/13/2025,8/20/2025,9/13/2025,13089.37,TRUE
L-2892,8/12/2025,Organic Search,Mid-Market (51-200),EdTech,James Chen,MQL,8/15/2025,,,,,,0,FALSE
L-2893,5/23/2025,Paid Ads,SMB (11-50),Marketing,Alex Thompson,MQL,5/25/2025,,,,,,0,FALSE
L-2894,5/13/2025,Paid Ads,SMB (11-50),SaaS,Alex Thompson,MQL,5/17/2025,,,,,,0,FALSE
L-2895,5/19/2025,Cold Outreach,Mid-Market (51-200),HR Tech,Alex Thompson,MQL,5/21/2025,,,,,,0,FALSE
L-2896,9/29/2025,Paid Ads,Mid-Market (51-200),FinTech,James Chen,Demo Completed,10/1/2025,10/5/2025,4,10/6/2025,,,0,FALSE
L-2897,3/22/2026,Cold Outreach,Mid-Market (51-200),EdTech,James Chen,MQL,3/27/2026,,,,,,0,FALSE
L-2898,12/24/2025,Paid Ads,Mid-Market (51-200),FinTech,Tom Wilson,MQL,12/25/2025,,,,,,0,FALSE
L-2899,10/2/2025,Cold Outreach,SMB (11-50),Logistics,Alex Thompson,Lead,,,,,,,0,FALSE
L-2900,11/22/2025,LinkedIn,Enterprise (200+),HealthTech,Priya Patel,Demo Completed,11/27/2025,11/29/2025,2,11/29/2025,,,0,FALSE
L-2901,12/29/2025,LinkedIn,Startup (1-10),FinTech,James Chen,MQL,1/1/2026,,,,,,0,FALSE
L-2902,6/20/2025,Paid Ads,Startup (1-10),E-commerce,Alex Thompson,MQL,6/25/2025,,,,,,0,FALSE
L-2903,1/26/2026,Organic Search,Mid-Market (51-200),SaaS,Maria Santos,Lead,,,,,,,0,FALSE
L-2904,11/28/2025,Paid Ads,Startup (1-10),EdTech,James Chen,Lead,,,,,,,0,FALSE
L-2905,5/16/2025,Paid Ads,Enterprise (200+),Marketing,Priya Patel,Demo Completed,5/17/2025,5/20/2025,3,5/20/2025,,,0,FALSE
L-2906,4/6/2025,Paid Ads,Startup (1-10),Marketing,Alex Thompson,Demo Booked,4/11/2025,4/16/2025,5,,,,0,FALSE
L-2907,9/11/2025,Organic Search,SMB (11-50),Marketing,Alex Thompson,Demo Completed,9/15/2025,9/25/2025,10,9/26/2025,,,0,FALSE
L-2908,6/18/2025,Paid Ads,SMB (11-50),Marketing,Alex Thompson,MQL,6/21/2025,,,,,,0,FALSE
L-2909,11/1/2025,Cold Outreach,Enterprise (200+),HealthTech,Maria Santos,Lead,,,,,,,0,FALSE
L-2910,5/18/2025,Cold Outreach,Mid-Market (51-200),Logistics,Tom Wilson,MQL,5/23/2025,,,,,,0,FALSE
L-2911,12/31/2025,Paid Ads,Startup (1-10),HealthTech,Priya Patel,MQL,1/5/2026,,,,,,0,FALSE
L-2912,2/21/2026,Paid Ads,Startup (1-10),HR Tech,Alex Thompson,MQL,2/25/2026,,,,,,0,FALSE
L-2913,12/27/2025,Organic Search,SMB (11-50),E-commerce,Maria Santos,Closed Lost,12/30/2025,12/31/2025,1,1/1/2026,1/7/2026,,0,FALSE
L-2914,6/7/2025,Cold Outreach,Mid-Market (51-200),HR Tech,James Chen,Lead,,,,,,,0,FALSE
L-2915,4/16/2025,Organic Search,Mid-Market (51-200),E-commerce,James Chen,MQL,4/20/2025,,,,,,0,FALSE
L-2916,8/9/2025,Paid Ads,SMB (11-50),HR Tech,James Chen,Lead,,,,,,,0,FALSE
L-2917,9/27/2025,Organic Search,Enterprise (200+),E-commerce,Tom Wilson,Demo Completed,9/30/2025,10/10/2025,10,10/10/2025,,,0,FALSE
L-2918,10/12/2025,Paid Ads,Mid-Market (51-200),Logistics,Maria Santos,Demo Booked,10/17/2025,10/19/2025,2,,,,0,FALSE
L-2919,10/22/2025,LinkedIn,Enterprise (200+),Marketing,Priya Patel,MQL,10/27/2025,,,,,,0,FALSE
L-2920,2/19/2026,Paid Ads,SMB (11-50),Marketing,Maria Santos,MQL,2/24/2026,,,,,,0,FALSE
L-2921,4/19/2025,Organic Search,Enterprise (200+),Marketing,James Chen,Demo Completed,4/23/2025,5/4/2025,11,5/7/2025,,,0,FALSE
L-2922,11/4/2025,Cold Outreach,SMB (11-50),Logistics,Alex Thompson,Lead,,,,,,,0,FALSE
L-2923,7/15/2025,Cold Outreach,SMB (11-50),SaaS,Maria Santos,Lead,,,,,,,0,FALSE
L-2924,1/28/2026,Cold Outreach,SMB (11-50),E-commerce,James Chen,MQL,1/29/2026,,,,,,0,FALSE
L-2925,8/22/2025,LinkedIn,Mid-Market (51-200),Logistics,Maria Santos,Demo Completed,8/27/2025,9/2/2025,6,9/3/2025,,,0,FALSE
L-2926,1/26/2026,Paid Ads,Startup (1-10),Marketing,Tom Wilson,Lead,,,,,,,0,FALSE
L-2927,8/27/2025,LinkedIn,Mid-Market (51-200),E-commerce,Tom Wilson,MQL,9/1/2025,,,,,,0,FALSE
L-2928,7/29/2025,Paid Ads,SMB (11-50),FinTech,Alex Thompson,MQL,7/31/2025,,,,,,0,FALSE
L-2929,7/20/2025,Organic Search,Enterprise (200+),Logistics,Priya Patel,Demo Completed,7/25/2025,8/1/2025,7,8/1/2025,,,0,FALSE
L-2930,10/29/2025,Paid Ads,SMB (11-50),Logistics,Tom Wilson,Lead,,,,,,,0,FALSE
L-2931,6/25/2025,Paid Ads,Mid-Market (51-200),E-commerce,Tom Wilson,MQL,6/30/2025,,,,,,0,FALSE
L-2932,4/1/2025,LinkedIn,Startup (1-10),E-commerce,Tom Wilson,Lead,,,,,,,0,FALSE
L-2933,7/17/2025,Paid Ads,Startup (1-10),SaaS,Alex Thompson,MQL,7/22/2025,,,,,,0,FALSE
L-2934,10/27/2025,Organic Search,Mid-Market (51-200),Logistics,Priya Patel,Demo Completed,11/1/2025,11/5/2025,4,11/8/2025,,,0,FALSE
L-2935,6/15/2025,LinkedIn,SMB (11-50),HR Tech,Alex Thompson,MQL,6/18/2025,,,,,,0,FALSE
L-2936,2/2/2026,Paid Ads,SMB (11-50),EdTech,Alex Thompson,Lead,,,,,,,0,FALSE
L-2937,1/1/2026,Cold Outreach,Mid-Market (51-200),HR Tech,Alex Thompson,Lead,,,,,,,0,FALSE
L-2938,12/26/2025,Cold Outreach,Startup (1-10),HealthTech,Alex Thompson,Lead,,,,,,,0,FALSE
L-2939,9/13/2025,Cold Outreach,Enterprise (200+),Logistics,Priya Patel,Lead,,,,,,,0,FALSE
L-2940,8/10/2025,LinkedIn,Mid-Market (51-200),HR Tech,Priya Patel,MQL,8/13/2025,,,,,,0,FALSE
L-2941,9/7/2025,Organic Search,SMB (11-50),EdTech,Priya Patel,Lead,,,,,,,0,FALSE
L-2942,4/5/2025,Referral,SMB (11-50),Logistics,James Chen,Lead,,,,,,,0,FALSE
L-2943,7/4/2025,Paid Ads,Enterprise (200+),EdTech,Tom Wilson,Demo Booked,7/5/2025,7/7/2025,2,,,,0,FALSE
L-2944,8/22/2025,Organic Search,Mid-Market (51-200),E-commerce,James Chen,Demo Completed,8/27/2025,9/5/2025,9,9/8/2025,,,0,FALSE
L-2945,3/2/2026,Organic Search,SMB (11-50),Marketing,Priya Patel,Lead,,,,,,,0,FALSE
L-2946,4/5/2025,Cold Outreach,Mid-Market (51-200),FinTech,Alex Thompson,Lead,,,,,,,0,FALSE
L-2947,9/18/2025,Paid Ads,SMB (11-50),FinTech,Maria Santos,Lead,,,,,,,0,FALSE
L-2948,12/5/2025,Organic Search,Startup (1-10),Logistics,Priya Patel,Demo Completed,12/8/2025,12/19/2025,11,12/20/2025,,,0,FALSE
L-2949,10/24/2025,Paid Ads,Enterprise (200+),HR Tech,Alex Thompson,Demo Completed,10/26/2025,11/5/2025,10,11/7/2025,,,0,FALSE
L-2950,9/26/2025,Paid Ads,SMB (11-50),E-commerce,Tom Wilson,MQL,9/28/2025,,,,,,0,FALSE
L-2951,9/12/2025,Organic Search,Startup (1-10),HealthTech,Alex Thompson,Lead,,,,,,,0,FALSE
L-2952,8/4/2025,LinkedIn,Mid-Market (51-200),SaaS,Tom Wilson,Lead,,,,,,,0,FALSE
L-2953,6/11/2025,Referral,SMB (11-50),EdTech,Tom Wilson,Closed Won,6/13/2025,6/17/2025,4,6/20/2025,6/25/2025,7/25/2025,10745.09,FALSE
L-2954,5/13/2025,Referral,Mid-Market (51-200),HR Tech,Alex Thompson,Closed Lost,5/18/2025,5/19/2025,1,5/21/2025,5/23/2025,,0,FALSE
L-2955,6/24/2025,Referral,Startup (1-10),Marketing,Tom Wilson,Closed Lost,6/25/2025,6/28/2025,3,6/29/2025,7/5/2025,,0,FALSE
L-2956,9/27/2025,Organic Search,Startup (1-10),HR Tech,Priya Patel,MQL,9/30/2025,,,,,,0,FALSE
L-2957,2/8/2026,Paid Ads,Startup (1-10),EdTech,Alex Thompson,MQL,2/10/2026,,,,,,0,FALSE
L-2958,11/28/2025,Paid Ads,Enterprise (200+),Logistics,Tom Wilson,Demo Completed,11/29/2025,12/3/2025,4,12/3/2025,,,0,FALSE
L-2959,10/25/2025,Paid Ads,SMB (11-50),FinTech,Priya Patel,Lead,,,,,,,0,FALSE
L-2960,7/17/2025,Referral,Startup (1-10),HealthTech,Alex Thompson,Demo Booked,7/21/2025,7/22/2025,1,,,,0,FALSE
L-2961,2/9/2026,Referral,SMB (11-50),SaaS,Alex Thompson,Lead,,,,,,,0,FALSE
L-2962,12/4/2025,Paid Ads,Startup (1-10),Marketing,Tom Wilson,MQL,12/7/2025,,,,,,0,FALSE
L-2963,5/24/2025,Organic Search,SMB (11-50),Logistics,Alex Thompson,MQL,5/27/2025,,,,,,0,FALSE
L-2964,12/30/2025,LinkedIn,SMB (11-50),HealthTech,Priya Patel,Demo Completed,1/2/2026,1/5/2026,3,1/7/2026,,,0,FALSE
L-2965,2/1/2026,Paid Ads,Startup (1-10),EdTech,Priya Patel,Demo Completed,2/5/2026,2/6/2026,1,2/8/2026,,,0,FALSE
L-2966,7/19/2025,Paid Ads,Startup (1-10),E-commerce,James Chen,Lead,,,,,,,0,FALSE
L-2967,4/1/2025,Referral,Enterprise (200+),Marketing,Priya Patel,Closed Lost,4/5/2025,4/19/2025,14,4/19/2025,4/23/2025,,0,FALSE
L-2968,6/3/2025,Organic Search,Mid-Market (51-200),SaaS,Alex Thompson,MQL,6/6/2025,,,,,,0,FALSE
L-2969,8/24/2025,Cold Outreach,SMB (11-50),SaaS,Priya Patel,Lead,,,,,,,0,FALSE
L-2970,7/7/2025,LinkedIn,Startup (1-10),HR Tech,Maria Santos,Lead,,,,,,,0,FALSE
L-2971,2/10/2026,Organic Search,Startup (1-10),HR Tech,Alex Thompson,Lead,,,,,,,0,FALSE
L-2972,4/19/2025,Referral,Startup (1-10),HealthTech,Priya Patel,Lead,,,,,,,0,FALSE
L-2973,4/18/2025,Organic Search,Mid-Market (51-200),Marketing,Tom Wilson,MQL,4/22/2025,,,,,,0,FALSE
L-2974,10/21/2025,Paid Ads,SMB (11-50),EdTech,Maria Santos,Lead,,,,,,,0,FALSE
L-2975,7/31/2025,Paid Ads,Mid-Market (51-200),EdTech,Tom Wilson,Lead,,,,,,,0,FALSE
L-2976,10/23/2025,LinkedIn,Enterprise (200+),Logistics,Priya Patel,MQL,10/26/2025,,,,,,0,FALSE
L-2977,3/11/2026,LinkedIn,SMB (11-50),SaaS,Alex Thompson,Lead,,,,,,,0,FALSE
L-2978,4/30/2025,LinkedIn,SMB (11-50),FinTech,Priya Patel,MQL,5/2/2025,,,,,,0,FALSE
L-2979,9/24/2025,Paid Ads,Mid-Market (51-200),SaaS,James Chen,Lead,,,,,,,0,FALSE
L-2980,7/7/2025,LinkedIn,SMB (11-50),HealthTech,Alex Thompson,MQL,7/11/2025,,,,,,0,FALSE
L-2981,7/26/2025,Paid Ads,SMB (11-50),Marketing,Tom Wilson,Demo Booked,7/28/2025,8/9/2025,12,,,,0,FALSE
L-2982,3/27/2026,Cold Outreach,Startup (1-10),FinTech,James Chen,Lead,,,,,,,0,FALSE
L-2983,3/11/2026,Cold Outreach,Mid-Market (51-200),FinTech,Priya Patel,Lead,,,,,,,0,FALSE
L-2984,1/13/2026,LinkedIn,Mid-Market (51-200),Logistics,Alex Thompson,Lead,,,,,,,0,FALSE
L-2985,7/2/2025,Organic Search,Startup (1-10),E-commerce,Alex Thompson,Lead,,,,,,,0,FALSE
L-2986,8/14/2025,Referral,Startup (1-10),HR Tech,Tom Wilson,Demo Completed,8/15/2025,8/26/2025,11,8/27/2025,,,0,FALSE
L-2987,8/14/2025,Cold Outreach,Mid-Market (51-200),E-commerce,Maria Santos,Lead,,,,,,,0,FALSE
L-2988,5/26/2025,Paid Ads,Mid-Market (51-200),Logistics,Maria Santos,Lead,,,,,,,0,FALSE
L-2989,2/11/2026,LinkedIn,SMB (11-50),E-commerce,Alex Thompson,Lead,,,,,,,0,FALSE
L-2990,8/14/2025,Organic Search,Mid-Market (51-200),EdTech,Priya Patel,Closed Won,8/17/2025,8/20/2025,3,8/22/2025,8/23/2025,9/2/2025,41918.78,FALSE
L-2991,7/19/2025,Referral,Mid-Market (51-200),EdTech,Maria Santos,Closed Won,7/23/2025,7/24/2025,1,7/24/2025,7/26/2025,8/25/2025,30865.18,FALSE
L-2992,5/12/2025,Paid Ads,Mid-Market (51-200),Marketing,Priya Patel,Demo Completed,5/14/2025,5/23/2025,9,5/24/2025,,,0,FALSE
L-2993,11/13/2025,Cold Outreach,Enterprise (200+),HealthTech,James Chen,MQL,11/15/2025,,,,,,0,FALSE
L-2994,8/28/2025,Paid Ads,Startup (1-10),HR Tech,Priya Patel,Demo Completed,9/1/2025,9/12/2025,11,9/12/2025,,,0,FALSE
L-2995,10/9/2025,Paid Ads,SMB (11-50),E-commerce,Tom Wilson,MQL,10/13/2025,,,,,,0,FALSE
L-2996,5/19/2025,Referral,Startup (1-10),Logistics,James Chen,Closed Won,5/20/2025,5/24/2025,4,5/27/2025,5/29/2025,6/26/2025,2982.61,FALSE
L-2997,11/6/2025,Referral,Mid-Market (51-200),Marketing,Tom Wilson,Demo Completed,11/7/2025,11/8/2025,1,11/9/2025,,,0,FALSE
L-2998,4/17/2025,Paid Ads,Mid-Market (51-200),Marketing,Tom Wilson,Lead,,,,,,,0,FALSE
L-2999,8/31/2025,LinkedIn,Mid-Market (51-200),FinTech,James Chen,MQL,9/1/2025,,,,,,0,FALSE
L-3000,5/6/2025,Organic Search,Mid-Market (51-200),HealthTech,Tom Wilson,Lead,,,,,,,0,FALSE
L-3001,1/4/2026,Organic Search,SMB (11-50),SaaS,Priya Patel,Demo Completed,1/8/2026,1/9/2026,1,1/11/2026,,,0,FALSE
L-3002,9/22/2025,Paid Ads,Startup (1-10),Logistics,James Chen,Lead,,,,,,,0,FALSE
L-3003,11/3/2025,Organic Search,Startup (1-10),E-commerce,Maria Santos,Demo Completed,11/4/2025,11/14/2025,10,11/15/2025,,,0,FALSE
L-3004,7/28/2025,Cold Outreach,Startup (1-10),EdTech,Tom Wilson,Lead,,,,,,,0,FALSE
L-3005,10/27/2025,LinkedIn,Startup (1-10),HealthTech,Maria Santos,MQL,10/29/2025,,,,,,0,FALSE
L-3006,8/8/2025,Paid Ads,Startup (1-10),Marketing,Alex Thompson,MQL,8/10/2025,,,,,,0,FALSE
L-3007,9/3/2025,LinkedIn,Startup (1-10),E-commerce,Maria Santos,Closed Lost,9/4/2025,9/6/2025,2,9/9/2025,9/10/2025,,0,FALSE
L-3008,12/9/2025,Paid Ads,Mid-Market (51-200),HR Tech,Maria Santos,Lead,,,,,,,0,FALSE
L-3009,4/17/2025,Paid Ads,SMB (11-50),FinTech,James Chen,MQL,4/22/2025,,,,,,0,FALSE
L-3010,8/8/2025,Paid Ads,SMB (11-50),HealthTech,James Chen,Lead,,,,,,,0,FALSE
L-3011,8/8/2025,Referral,Startup (1-10),HealthTech,Priya Patel,MQL,8/10/2025,,,,,,0,FALSE
L-3012,11/16/2025,Referral,SMB (11-50),SaaS,James Chen,Demo Completed,11/19/2025,11/23/2025,4,11/26/2025,,,0,FALSE
L-3013,3/2/2026,Paid Ads,Startup (1-10),Marketing,Alex Thompson,Lead,,,,,,,0,FALSE
L-3014,5/11/2025,Cold Outreach,Mid-Market (51-200),HR Tech,James Chen,Lead,,,,,,,0,FALSE
L-3015,6/30/2025,Organic Search,Startup (1-10),SaaS,James Chen,MQL,7/4/2025,,,,,,0,FALSE
L-3016,9/22/2025,LinkedIn,SMB (11-50),HR Tech,Alex Thompson,Demo Completed,9/23/2025,10/6/2025,13,10/9/2025,,,0,FALSE
L-3017,10/16/2025,Paid Ads,Startup (1-10),HealthTech,Alex Thompson,MQL,10/19/2025,,,,,,0,FALSE
L-3018,9/1/2025,Paid Ads,Startup (1-10),EdTech,Tom Wilson,Lead,,,,,,,0,FALSE
L-3019,12/4/2025,Organic Search,Startup (1-10),HealthTech,Maria Santos,Lead,,,,,,,0,FALSE
L-3020,8/27/2025,Organic Search,SMB (11-50),HR Tech,Alex Thompson,Lead,,,,,,,0,FALSE
L-3021,1/15/2026,Organic Search,SMB (11-50),E-commerce,Tom Wilson,Lead,,,,,,,0,FALSE
L-3022,12/16/2025,Paid Ads,SMB (11-50),SaaS,Alex Thompson,MQL,12/17/2025,,,,,,0,FALSE
L-3023,12/27/2025,Organic Search,SMB (11-50),Marketing,Priya Patel,Lead,,,,,,,0,FALSE
L-3024,1/28/2026,LinkedIn,Startup (1-10),Logistics,Priya Patel,Lead,,,,,,,0,FALSE
L-3025,7/21/2025,Paid Ads,Mid-Market (51-200),Logistics,Maria Santos,MQL,7/25/2025,,,,,,0,FALSE
L-3026,11/20/2025,Organic Search,Mid-Market (51-200),HR Tech,Priya Patel,Demo Booked,11/23/2025,11/25/2025,2,,,,0,FALSE
L-3027,7/4/2025,Paid Ads,Startup (1-10),HR Tech,Tom Wilson,Lead,,,,,,,0,FALSE
L-3028,4/29/2025,LinkedIn,Enterprise (200+),HealthTech,Maria Santos,Lead,,,,,,,0,FALSE
L-3029,1/9/2026,LinkedIn,Enterprise (200+),HealthTech,James Chen,Demo Booked,1/11/2026,1/12/2026,1,,,,0,FALSE
L-3030,7/8/2025,Cold Outreach,Startup (1-10),E-commerce,James Chen,Lead,,,,,,,0,FALSE
L-3031,2/10/2026,LinkedIn,Startup (1-10),E-commerce,James Chen,Demo Booked,2/12/2026,2/17/2026,5,,,,0,FALSE
L-3032,8/11/2025,Cold Outreach,Mid-Market (51-200),Logistics,Tom Wilson,Lead,,,,,,,0,FALSE
L-3033,7/7/2025,Referral,Startup (1-10),EdTech,James Chen,MQL,7/12/2025,,,,,,0,FALSE
L-3034,6/9/2025,Paid Ads,Startup (1-10),Marketing,Maria Santos,MQL,6/11/2025,,,,,,0,FALSE
L-3035,8/8/2025,LinkedIn,Startup (1-10),Logistics,Alex Thompson,Closed Lost,8/13/2025,8/17/2025,4,8/17/2025,8/20/2025,,0,FALSE
L-3036,8/5/2025,Paid Ads,Startup (1-10),FinTech,Alex Thompson,Lead,,,,,,,0,FALSE
L-3037,9/18/2025,Organic Search,Enterprise (200+),E-commerce,Alex Thompson,Lead,,,,,,,0,FALSE
L-3038,12/28/2025,Organic Search,Mid-Market (51-200),Logistics,Tom Wilson,Closed Lost,1/1/2026,1/2/2026,1,1/3/2026,1/5/2026,,0,FALSE
L-3039,9/14/2025,Cold Outreach,Startup (1-10),HealthTech,Tom Wilson,Lead,,,,,,,0,FALSE
L-3040,11/28/2025,Cold Outreach,Enterprise (200+),E-commerce,Tom Wilson,Lead,,,,,,,0,FALSE
L-3041,3/25/2026,LinkedIn,Startup (1-10),HR Tech,James Chen,MQL,3/27/2026,,,,,,0,FALSE
L-3042,5/28/2025,Organic Search,Mid-Market (51-200),E-commerce,Tom Wilson,Demo Completed,6/2/2025,6/5/2025,3,6/6/2025,,,0,FALSE
L-3043,5/11/2025,Organic Search,SMB (11-50),FinTech,Alex Thompson,Lead,,,,,,,0,FALSE
L-3044,6/16/2025,Paid Ads,SMB (11-50),EdTech,Maria Santos,Lead,,,,,,,0,FALSE
L-3045,12/7/2025,Paid Ads,Startup (1-10),FinTech,Maria Santos,MQL,12/10/2025,,,,,,0,FALSE
L-3046,6/10/2025,Paid Ads,Startup (1-10),HR Tech,Tom Wilson,Lead,,,,,,,0,FALSE
L-3047,10/30/2025,Referral,Startup (1-10),Marketing,Priya Patel,Closed Lost,11/3/2025,11/4/2025,1,11/7/2025,11/9/2025,,0,FALSE
L-3048,12/30/2025,Paid Ads,Mid-Market (51-200),FinTech,Priya Patel,Lead,,,,,,,0,FALSE
L-3049,4/7/2025,Paid Ads,Mid-Market (51-200),SaaS,James Chen,Lead,,,,,,,0,FALSE
L-3050,3/19/2026,Organic Search,Enterprise (200+),E-commerce,James Chen,Churned,3/23/2026,3/24/2026,1,3/26/2026,3/31/2026,4/11/2026,76896.19,TRUE
L-3051,2/19/2026,LinkedIn,SMB (11-50),HealthTech,Tom Wilson,Demo Completed,2/20/2026,2/21/2026,1,2/24/2026,,,0,FALSE
L-3052,6/6/2025,Paid Ads,Startup (1-10),HealthTech,Tom Wilson,Demo Booked,6/11/2025,6/14/2025,3,,,,0,FALSE
L-3053,1/20/2026,Cold Outreach,SMB (11-50),FinTech,Alex Thompson,Lead,,,,,,,0,FALSE
L-3054,6/22/2025,Paid Ads,SMB (11-50),EdTech,Tom Wilson,Lead,,,,,,,0,FALSE
L-3055,6/3/2025,Paid Ads,SMB (11-50),EdTech,Alex Thompson,MQL,6/5/2025,,,,,,0,FALSE
L-3056,11/25/2025,Referral,Startup (1-10),E-commerce,Maria Santos,Demo Completed,11/29/2025,12/8/2025,9,12/11/2025,,,0,FALSE
L-3057,2/2/2026,Organic Search,Startup (1-10),E-commerce,Alex Thompson,Demo Completed,2/7/2026,2/8/2026,1,2/11/2026,,,0,FALSE
L-3058,12/2/2025,Paid Ads,Enterprise (200+),Logistics,Priya Patel,Demo Completed,12/5/2025,12/13/2025,8,12/15/2025,,,0,FALSE
L-3059,11/30/2025,Organic Search,SMB (11-50),Logistics,Alex Thompson,MQL,12/4/2025,,,,,,0,FALSE
L-3060,2/9/2026,LinkedIn,Startup (1-10),FinTech,James Chen,Lead,,,,,,,0,FALSE
L-3061,2/26/2026,Paid Ads,Mid-Market (51-200),Marketing,Tom Wilson,Demo Booked,3/1/2026,3/15/2026,14,,,,0,FALSE
L-3062,2/2/2026,Referral,Mid-Market (51-200),Marketing,Maria Santos,Closed Lost,2/5/2026,2/9/2026,4,2/12/2026,2/19/2026,,0,FALSE
L-3063,6/18/2025,LinkedIn,Startup (1-10),Marketing,Tom Wilson,Lead,,,,,,,0,FALSE
L-3064,1/30/2026,Paid Ads,Mid-Market (51-200),SaaS,Maria Santos,Lead,,,,,,,0,FALSE
L-3065,3/14/2026,LinkedIn,Startup (1-10),FinTech,Maria Santos,Demo Completed,3/18/2026,3/19/2026,1,3/21/2026,,,0,FALSE
L-3066,1/18/2026,Paid Ads,Enterprise (200+),EdTech,Priya Patel,Lead,,,,,,,0,FALSE
L-3067,8/15/2025,Paid Ads,Startup (1-10),HealthTech,Tom Wilson,MQL,8/20/2025,,,,,,0,FALSE
L-3068,9/4/2025,Paid Ads,SMB (11-50),Marketing,Priya Patel,MQL,9/9/2025,,,,,,0,FALSE
L-3069,10/31/2025,Paid Ads,Mid-Market (51-200),EdTech,Tom Wilson,MQL,11/4/2025,,,,,,0,FALSE
L-3070,1/30/2026,LinkedIn,Startup (1-10),EdTech,James Chen,Demo Booked,2/1/2026,2/3/2026,2,,,,0,FALSE
L-3071,2/4/2026,Organic Search,Startup (1-10),SaaS,James Chen,Demo Completed,2/9/2026,2/10/2026,1,2/10/2026,,,0,FALSE
L-3072,12/7/2025,Referral,SMB (11-50),HR Tech,Tom Wilson,Demo Completed,12/10/2025,12/11/2025,1,12/14/2025,,,0,FALSE
L-3073,11/13/2025,Organic Search,Mid-Market (51-200),FinTech,Priya Patel,Lead,,,,,,,0,FALSE
L-3074,7/10/2025,LinkedIn,Startup (1-10),SaaS,Tom Wilson,MQL,7/12/2025,,,,,,0,FALSE
L-3075,3/10/2026,Organic Search,Startup (1-10),EdTech,James Chen,MQL,3/12/2026,,,,,,0,FALSE
L-3076,3/22/2026,Referral,Startup (1-10),HR Tech,Tom Wilson,Demo Booked,3/26/2026,3/27/2026,1,,,,0,FALSE
L-3077,7/2/2025,Paid Ads,SMB (11-50),SaaS,Maria Santos,Lead,,,,,,,0,FALSE
L-3078,8/29/2025,Organic Search,Startup (1-10),E-commerce,James Chen,Lead,,,,,,,0,FALSE
L-3079,11/21/2025,Cold Outreach,Startup (1-10),EdTech,James Chen,Demo Completed,11/23/2025,12/3/2025,10,12/4/2025,,,0,FALSE
L-3080,3/29/2026,Paid Ads,Startup (1-10),FinTech,Priya Patel,Demo Booked,4/1/2026,4/6/2026,5,,,,0,FALSE
L-3081,6/17/2025,Paid Ads,Enterprise (200+),FinTech,Alex Thompson,MQL,6/20/2025,,,,,,0,FALSE
L-3082,10/8/2025,Organic Search,Startup (1-10),E-commerce,Alex Thompson,Lead,,,,,,,0,FALSE
L-3083,12/21/2025,Paid Ads,Startup (1-10),FinTech,Priya Patel,MQL,12/22/2025,,,,,,0,FALSE
L-3084,9/26/2025,LinkedIn,Mid-Market (51-200),EdTech,Maria Santos,Lead,,,,,,,0,FALSE
L-3085,2/10/2026,Paid Ads,Mid-Market (51-200),Marketing,Maria Santos,Lead,,,,,,,0,FALSE
L-3086,10/1/2025,Organic Search,SMB (11-50),HR Tech,Alex Thompson,MQL,10/2/2025,,,,,,0,FALSE
L-3087,2/18/2026,Organic Search,Mid-Market (51-200),E-commerce,Tom Wilson,Demo Completed,2/21/2026,2/22/2026,1,2/22/2026,,,0,FALSE
L-3088,9/9/2025,LinkedIn,Mid-Market (51-200),Logistics,James Chen,Demo Completed,9/10/2025,9/11/2025,1,9/13/2025,,,0,FALSE
L-3089,1/30/2026,Referral,SMB (11-50),EdTech,Priya Patel,Demo Booked,1/31/2026,2/2/2026,2,,,,0,FALSE
L-3090,4/23/2025,Paid Ads,Mid-Market (51-200),FinTech,Maria Santos,MQL,4/26/2025,,,,,,0,FALSE
L-3091,2/2/2026,Organic Search,Startup (1-10),FinTech,James Chen,Demo Completed,2/7/2026,2/8/2026,1,2/11/2026,,,0,FALSE
L-3092,12/17/2025,Organic Search,Startup (1-10),HealthTech,Priya Patel,MQL,12/22/2025,,,,,,0,FALSE
L-3093,1/31/2026,Paid Ads,Mid-Market (51-200),EdTech,Priya Patel,MQL,2/3/2026,,,,,,0,FALSE
L-3094,12/31/2025,Referral,SMB (11-50),Logistics,Tom Wilson,Closed Lost,1/4/2026,1/5/2026,1,1/8/2026,1/9/2026,,0,FALSE
L-3095,6/19/2025,Cold Outreach,Startup (1-10),Marketing,Priya Patel,Lead,,,,,,,0,FALSE
L-3096,11/25/2025,Organic Search,SMB (11-50),Marketing,Maria Santos,MQL,11/26/2025,,,,,,0,FALSE
L-3097,2/1/2026,Paid Ads,Mid-Market (51-200),HR Tech,Tom Wilson,Lead,,,,,,,0,FALSE
L-3098,8/24/2025,Cold Outreach,SMB (11-50),Marketing,Alex Thompson,Lead,,,,,,,0,FALSE
L-3099,10/16/2025,Paid Ads,SMB (11-50),HealthTech,Alex Thompson,Demo Booked,10/21/2025,10/25/2025,4,,,,0,FALSE
L-3100,5/22/2025,Organic Search,Startup (1-10),EdTech,Priya Patel,Demo Booked,5/25/2025,6/4/2025,10,,,,0,FALSE
L-3101,5/16/2025,LinkedIn,Startup (1-10),Marketing,James Chen,Closed Lost,5/20/2025,5/25/2025,5,5/27/2025,6/3/2025,,0,FALSE
L-3102,8/2/2025,Paid Ads,SMB (11-50),HR Tech,Priya Patel,Demo Completed,8/4/2025,8/8/2025,4,8/9/2025,,,0,FALSE
L-3103,4/7/2025,Paid Ads,Startup (1-10),HR Tech,James Chen,Lead,,,,,,,0,FALSE
L-3104,8/27/2025,Paid Ads,Mid-Market (51-200),E-commerce,Alex Thompson,MQL,8/28/2025,,,,,,0,FALSE
L-3105,4/19/2025,Cold Outreach,Startup (1-10),FinTech,Tom Wilson,Lead,,,,,,,0,FALSE
L-3106,12/10/2025,Organic Search,SMB (11-50),SaaS,Tom Wilson,Closed Lost,12/14/2025,12/18/2025,4,12/19/2025,12/26/2025,,0,FALSE
L-3107,4/16/2025,Paid Ads,SMB (11-50),FinTech,Maria Santos,Lead,,,,,,,0,FALSE
L-3108,7/25/2025,Paid Ads,SMB (11-50),Marketing,Tom Wilson,Lead,,,,,,,0,FALSE
L-3109,11/11/2025,Organic Search,Enterprise (200+),Marketing,Maria Santos,Lead,,,,,,,0,FALSE
L-3110,10/29/2025,Organic Search,Mid-Market (51-200),EdTech,Alex Thompson,Churned,10/31/2025,11/4/2025,4,11/7/2025,11/10/2025,11/27/2025,36955.09,TRUE
L-3111,8/25/2025,Paid Ads,Startup (1-10),E-commerce,James Chen,MQL,8/29/2025,,,,,,0,FALSE
L-3112,10/2/2025,Organic Search,Mid-Market (51-200),HealthTech,James Chen,Demo Completed,10/5/2025,10/6/2025,1,10/7/2025,,,0,FALSE
L-3113,10/29/2025,Organic Search,Enterprise (200+),EdTech,Maria Santos,MQL,10/30/2025,,,,,,0,FALSE
L-3114,6/5/2025,LinkedIn,Mid-Market (51-200),SaaS,Tom Wilson,Demo Completed,6/10/2025,6/22/2025,12,6/25/2025,,,0,FALSE
L-3115,2/8/2026,Organic Search,SMB (11-50),HR Tech,Priya Patel,MQL,2/13/2026,,,,,,0,FALSE
L-3116,4/8/2025,LinkedIn,Startup (1-10),Marketing,James Chen,MQL,4/11/2025,,,,,,0,FALSE
L-3117,5/7/2025,Paid Ads,SMB (11-50),Logistics,James Chen,Demo Completed,5/11/2025,5/12/2025,1,5/12/2025,,,0,FALSE
L-3118,10/12/2025,LinkedIn,Enterprise (200+),FinTech,James Chen,MQL,10/17/2025,,,,,,0,FALSE
L-3119,10/27/2025,Cold Outreach,Mid-Market (51-200),SaaS,Tom Wilson,Demo Booked,10/28/2025,11/3/2025,6,,,,0,FALSE
L-3120,10/11/2025,LinkedIn,Mid-Market (51-200),E-commerce,Alex Thompson,Lead,,,,,,,0,FALSE
L-3121,10/27/2025,Referral,Startup (1-10),Marketing,Priya Patel,Demo Completed,10/29/2025,10/30/2025,1,10/31/2025,,,0,FALSE
L-3122,4/5/2025,Organic Search,Startup (1-10),HealthTech,Alex Thompson,Lead,,,,,,,0,FALSE
L-3123,9/9/2025,Paid Ads,Startup (1-10),SaaS,James Chen,Lead,,,,,,,0,FALSE
L-3124,9/7/2025,Organic Search,SMB (11-50),FinTech,Alex Thompson,Demo Booked,9/12/2025,9/26/2025,14,,,,0,FALSE
L-3125,8/30/2025,LinkedIn,Enterprise (200+),HR Tech,Maria Santos,Lead,,,,,,,0,FALSE
L-3126,7/11/2025,Organic Search,SMB (11-50),HealthTech,Maria Santos,MQL,7/14/2025,,,,,,0,FALSE
L-3127,11/21/2025,Organic Search,SMB (11-50),E-commerce,James Chen,Demo Completed,11/25/2025,12/7/2025,12,12/8/2025,,,0,FALSE
L-3128,2/4/2026,Cold Outreach,Startup (1-10),HR Tech,Maria Santos,Lead,,,,,,,0,FALSE
L-3129,2/9/2026,Paid Ads,Startup (1-10),SaaS,Priya Patel,MQL,2/11/2026,,,,,,0,FALSE
L-3130,4/9/2025,Organic Search,SMB (11-50),FinTech,Priya Patel,MQL,4/13/2025,,,,,,0,FALSE
L-3131,4/24/2025,Organic Search,Startup (1-10),HealthTech,Tom Wilson,Demo Completed,4/28/2025,4/29/2025,1,5/2/2025,,,0,FALSE
L-3132,7/25/2025,Paid Ads,Mid-Market (51-200),E-commerce,Alex Thompson,MQL,7/29/2025,,,,,,0,FALSE
L-3133,10/22/2025,Paid Ads,Startup (1-10),Marketing,Tom Wilson,MQL,10/25/2025,,,,,,0,FALSE
L-3134,8/8/2025,Organic Search,Mid-Market (51-200),Marketing,Tom Wilson,Demo Completed,8/12/2025,8/23/2025,11,8/23/2025,,,0,FALSE
L-3135,12/5/2025,Organic Search,SMB (11-50),HealthTech,Priya Patel,Lead,,,,,,,0,FALSE
L-3136,1/19/2026,LinkedIn,Startup (1-10),HR Tech,Alex Thompson,Lead,,,,,,,0,FALSE
L-3137,12/27/2025,Organic Search,Mid-Market (51-200),FinTech,Priya Patel,Closed Won,12/28/2025,1/2/2026,5,1/2/2026,1/3/2026,1/19/2026,20583.93,FALSE
L-3138,8/22/2025,Organic Search,Mid-Market (51-200),Logistics,Priya Patel,MQL,8/24/2025,,,,,,0,FALSE
L-3139,10/9/2025,Organic Search,Mid-Market (51-200),Logistics,Alex Thompson,Lead,,,,,,,0,FALSE
L-3140,7/18/2025,Paid Ads,Enterprise (200+),HR Tech,Maria Santos,Lead,,,,,,,0,FALSE
L-3141,2/11/2026,Organic Search,Enterprise (200+),FinTech,Alex Thompson,Lead,,,,,,,0,FALSE
L-3142,7/19/2025,Organic Search,Startup (1-10),Logistics,Alex Thompson,Lead,,,,,,,0,FALSE
L-3143,7/30/2025,LinkedIn,Enterprise (200+),HR Tech,Priya Patel,Demo Completed,8/3/2025,8/14/2025,11,8/17/2025,,,0,FALSE
L-3144,10/10/2025,Paid Ads,Enterprise (200+),EdTech,Tom Wilson,Lead,,,,,,,0,FALSE
L-3145,3/4/2026,Cold Outreach,Startup (1-10),E-commerce,Priya Patel,Lead,,,,,,,0,FALSE
L-3146,8/2/2025,Organic Search,Mid-Market (51-200),Marketing,Maria Santos,MQL,8/4/2025,,,,,,0,FALSE
L-3147,4/18/2025,Cold Outreach,SMB (11-50),Logistics,Priya Patel,Lead,,,,,,,0,FALSE
L-3148,7/27/2025,Organic Search,SMB (11-50),HealthTech,Priya Patel,Lead,,,,,,,0,FALSE
L-3149,6/9/2025,Organic Search,Startup (1-10),HealthTech,Priya Patel,MQL,6/13/2025,,,,,,0,FALSE
L-3150,10/19/2025,Organic Search,SMB (11-50),EdTech,Alex Thompson,MQL,10/21/2025,,,,,,0,FALSE
L-3151,8/30/2025,Organic Search,SMB (11-50),FinTech,Maria Santos,Lead,,,,,,,0,FALSE
L-3152,7/28/2025,Referral,SMB (11-50),HR Tech,Maria Santos,Demo Booked,7/30/2025,8/11/2025,12,,,,0,FALSE
L-3153,6/17/2025,LinkedIn,Enterprise (200+),Logistics,Tom Wilson,MQL,6/19/2025,,,,,,0,FALSE
L-3154,6/28/2025,LinkedIn,Startup (1-10),FinTech,Tom Wilson,Demo Booked,6/29/2025,7/5/2025,6,,,,0,FALSE
L-3155,5/7/2025,Paid Ads,SMB (11-50),HealthTech,Priya Patel,Lead,,,,,,,0,FALSE
L-3156,2/15/2026,Organic Search,SMB (11-50),Marketing,Tom Wilson,MQL,2/17/2026,,,,,,0,FALSE
L-3157,12/28/2025,LinkedIn,Startup (1-10),E-commerce,James Chen,Lead,,,,,,,0,FALSE
L-3158,10/25/2025,Referral,SMB (11-50),FinTech,Tom Wilson,Closed Lost,10/27/2025,10/29/2025,2,10/29/2025,11/2/2025,,0,FALSE
L-3159,11/1/2025,Paid Ads,Enterprise (200+),EdTech,Alex Thompson,Demo Booked,11/3/2025,11/4/2025,1,,,,0,FALSE
L-3160,10/21/2025,Paid Ads,Startup (1-10),HealthTech,Tom Wilson,Lead,,,,,,,0,FALSE
L-3161,6/19/2025,Paid Ads,SMB (11-50),SaaS,Maria Santos,MQL,6/22/2025,,,,,,0,FALSE
L-3162,12/16/2025,Referral,SMB (11-50),SaaS,Priya Patel,Closed Lost,12/21/2025,12/25/2025,4,12/26/2025,1/2/2026,,0,FALSE
L-3163,9/23/2025,Paid Ads,SMB (11-50),SaaS,James Chen,Demo Completed,9/28/2025,10/10/2025,12,10/11/2025,,,0,FALSE
L-3164,7/5/2025,Paid Ads,Mid-Market (51-200),EdTech,James Chen,MQL,7/10/2025,,,,,,0,FALSE
L-3165,2/17/2026,Paid Ads,SMB (11-50),Marketing,James Chen,MQL,2/22/2026,,,,,,0,FALSE
L-3166,9/6/2025,Paid Ads,Enterprise (200+),HealthTech,Maria Santos,Lead,,,,,,,0,FALSE
L-3167,2/4/2026,Paid Ads,Startup (1-10),Marketing,Maria Santos,Lead,,,,,,,0,FALSE
L-3168,9/18/2025,Paid Ads,SMB (11-50),HR Tech,Maria Santos,MQL,9/21/2025,,,,,,0,FALSE
L-3169,12/3/2025,Referral,Mid-Market (51-200),Logistics,James Chen,Demo Completed,12/8/2025,12/11/2025,3,12/13/2025,,,0,FALSE
L-3170,7/1/2025,Cold Outreach,SMB (11-50),HealthTech,Priya Patel,Lead,,,,,,,0,FALSE
L-3171,6/14/2025,Cold Outreach,SMB (11-50),FinTech,James Chen,Demo Completed,6/19/2025,6/26/2025,7,6/29/2025,,,0,FALSE
L-3172,10/1/2025,Paid Ads,SMB (11-50),SaaS,Tom Wilson,Lead,,,,,,,0,FALSE
L-3173,1/14/2026,LinkedIn,SMB (11-50),EdTech,Maria Santos,Lead,,,,,,,0,FALSE
L-3174,3/16/2026,LinkedIn,Startup (1-10),HR Tech,Alex Thompson,Demo Completed,3/17/2026,3/28/2026,11,3/29/2026,,,0,FALSE
L-3175,11/7/2025,Organic Search,Enterprise (200+),Logistics,Priya Patel,Demo Completed,11/9/2025,11/12/2025,3,11/12/2025,,,0,FALSE
L-3176,3/25/2026,Organic Search,Enterprise (200+),FinTech,Tom Wilson,MQL,3/27/2026,,,,,,0,FALSE
L-3177,6/27/2025,Cold Outreach,SMB (11-50),HR Tech,James Chen,Lead,,,,,,,0,FALSE
L-3178,6/27/2025,Paid Ads,SMB (11-50),SaaS,Maria Santos,Lead,,,,,,,0,FALSE
L-3179,1/4/2026,Paid Ads,SMB (11-50),EdTech,Alex Thompson,Demo Completed,1/6/2026,1/8/2026,2,1/8/2026,,,0,FALSE
L-3180,3/16/2026,Paid Ads,SMB (11-50),HealthTech,Priya Patel,Lead,,,,,,,0,FALSE
L-3181,9/15/2025,Organic Search,Mid-Market (51-200),SaaS,Priya Patel,MQL,9/20/2025,,,,,,0,FALSE
L-3182,10/4/2025,Paid Ads,SMB (11-50),FinTech,Maria Santos,Lead,,,,,,,0,FALSE
L-3183,8/10/2025,Paid Ads,Startup (1-10),Marketing,Tom Wilson,Lead,,,,,,,0,FALSE
L-3184,4/7/2025,Paid Ads,Mid-Market (51-200),SaaS,Maria Santos,MQL,4/8/2025,,,,,,0,FALSE
L-3185,3/1/2026,Paid Ads,Startup (1-10),FinTech,James Chen,MQL,3/2/2026,,,,,,0,FALSE
L-3186,7/11/2025,Paid Ads,Startup (1-10),E-commerce,Alex Thompson,Lead,,,,,,,0,FALSE
L-3187,1/19/2026,Paid Ads,Startup (1-10),HealthTech,Priya Patel,Demo Completed,1/24/2026,2/4/2026,11,2/7/2026,,,0,FALSE
L-3188,4/5/2025,LinkedIn,SMB (11-50),HR Tech,Alex Thompson,Closed Lost,4/6/2025,4/9/2025,3,4/9/2025,4/12/2025,,0,FALSE
L-3189,9/17/2025,Paid Ads,Mid-Market (51-200),Marketing,Alex Thompson,Lead,,,,,,,0,FALSE
L-3190,10/26/2025,Paid Ads,Mid-Market (51-200),HealthTech,Priya Patel,MQL,10/31/2025,,,,,,0,FALSE
L-3191,6/6/2025,LinkedIn,Startup (1-10),FinTech,Tom Wilson,Demo Booked,6/7/2025,6/12/2025,5,,,,0,FALSE
L-3192,7/9/2025,Organic Search,SMB (11-50),Logistics,Maria Santos,MQL,7/11/2025,,,,,,0,FALSE
L-3193,3/5/2026,Organic Search,Mid-Market (51-200),E-commerce,James Chen,Lead,,,,,,,0,FALSE
L-3194,2/26/2026,Organic Search,Startup (1-10),SaaS,Priya Patel,Demo Booked,3/1/2026,3/6/2026,5,,,,0,FALSE
L-3195,3/13/2026,Paid Ads,Enterprise (200+),E-commerce,Alex Thompson,Demo Completed,3/16/2026,3/17/2026,1,3/18/2026,,,0,FALSE
L-3196,11/15/2025,Paid Ads,Mid-Market (51-200),E-commerce,Priya Patel,Lead,,,,,,,0,FALSE
L-3197,5/13/2025,Organic Search,Startup (1-10),FinTech,James Chen,Lead,,,,,,,0,FALSE
L-3198,8/9/2025,Paid Ads,SMB (11-50),SaaS,Maria Santos,Lead,,,,,,,0,FALSE
L-3199,11/28/2025,Organic Search,Enterprise (200+),FinTech,Tom Wilson,Demo Booked,12/3/2025,12/6/2025,3,,,,0,FALSE
L-3200,3/5/2026,Paid Ads,Enterprise (200+),EdTech,Alex Thompson,Lead,,,,,,,0,FALSE
L-3201,1/14/2026,Organic Search,Startup (1-10),EdTech,Alex Thompson,Demo Booked,1/17/2026,1/23/2026,6,,,,0,FALSE
L-3202,3/29/2026,Cold Outreach,Mid-Market (51-200),SaaS,Maria Santos,Lead,,,,,,,0,FALSE
L-3203,8/7/2025,Paid Ads,SMB (11-50),E-commerce,Priya Patel,Demo Booked,8/8/2025,8/12/2025,4,,,,0,FALSE
L-3204,5/26/2025,LinkedIn,Enterprise (200+),HR Tech,Maria Santos,Lead,,,,,,,0,FALSE
L-3205,7/15/2025,Referral,Enterprise (200+),E-commerce,Maria Santos,Closed Won,7/20/2025,7/24/2025,4,7/26/2025,8/1/2025,8/12/2025,96356.57,FALSE
L-3206,3/18/2026,Cold Outreach,SMB (11-50),SaaS,Maria Santos,Lead,,,,,,,0,FALSE
L-3207,8/5/2025,Organic Search,SMB (11-50),HealthTech,Maria Santos,Lead,,,,,,,0,FALSE
L-3208,1/30/2026,Organic Search,Mid-Market (51-200),HR Tech,Tom Wilson,MQL,1/31/2026,,,,,,0,FALSE
L-3209,7/18/2025,Cold Outreach,Mid-Market (51-200),FinTech,James Chen,Lead,,,,,,,0,FALSE
L-3210,12/19/2025,Organic Search,SMB (11-50),EdTech,James Chen,MQL,12/24/2025,,,,,,0,FALSE
L-3211,8/11/2025,Organic Search,SMB (11-50),HealthTech,Tom Wilson,Lead,,,,,,,0,FALSE
L-3212,3/31/2026,Cold Outreach,SMB (11-50),SaaS,Maria Santos,Lead,,,,,,,0,FALSE
L-3213,12/11/2025,Organic Search,Mid-Market (51-200),HR Tech,James Chen,Demo Completed,12/16/2025,12/19/2025,3,12/21/2025,,,0,FALSE
L-3214,10/24/2025,Paid Ads,Startup (1-10),FinTech,Priya Patel,MQL,10/26/2025,,,,,,0,FALSE
L-3215,3/1/2026,Paid Ads,Mid-Market (51-200),EdTech,Alex Thompson,MQL,3/5/2026,,,,,,0,FALSE
L-3216,8/11/2025,Cold Outreach,Startup (1-10),Logistics,Maria Santos,MQL,8/16/2025,,,,,,0,FALSE
L-3217,4/28/2025,Organic Search,Enterprise (200+),EdTech,Tom Wilson,MQL,5/3/2025,,,,,,0,FALSE
L-3218,12/16/2025,Organic Search,SMB (11-50),EdTech,Priya Patel,Demo Completed,12/20/2025,12/21/2025,1,12/22/2025,,,0,FALSE
L-3219,11/13/2025,Referral,SMB (11-50),SaaS,Maria Santos,Closed Lost,11/14/2025,11/26/2025,12,11/27/2025,11/28/2025,,0,FALSE
L-3220,1/24/2026,Paid Ads,SMB (11-50),SaaS,Priya Patel,Demo Booked,1/26/2026,1/29/2026,3,,,,0,FALSE
L-3221,1/9/2026,Organic Search,SMB (11-50),EdTech,James Chen,MQL,1/10/2026,,,,,,0,FALSE
L-3222,9/9/2025,Paid Ads,Mid-Market (51-200),E-commerce,Priya Patel,Demo Completed,9/13/2025,9/16/2025,3,9/18/2025,,,0,FALSE
L-3223,8/16/2025,Paid Ads,Startup (1-10),E-commerce,James Chen,Demo Booked,8/17/2025,8/20/2025,3,,,,0,FALSE
L-3224,6/16/2025,Paid Ads,SMB (11-50),HR Tech,Maria Santos,Demo Booked,6/20/2025,6/23/2025,3,,,,0,FALSE
L-3225,8/19/2025,Paid Ads,Enterprise (200+),EdTech,Tom Wilson,Lead,,,,,,,0,FALSE
L-3226,1/8/2026,LinkedIn,Startup (1-10),E-commerce,Maria Santos,Demo Booked,1/13/2026,1/25/2026,12,,,,0,FALSE
L-3227,10/25/2025,Paid Ads,SMB (11-50),FinTech,Priya Patel,Demo Booked,10/27/2025,11/9/2025,13,,,,0,FALSE
L-3228,11/1/2025,Referral,SMB (11-50),Marketing,Alex Thompson,Closed Won,11/4/2025,11/5/2025,1,11/7/2025,11/8/2025,11/28/2025,8546.95,FALSE
L-3229,7/28/2025,Paid Ads,SMB (11-50),Marketing,James Chen,Lead,,,,,,,0,FALSE
L-3230,2/2/2026,Organic Search,Mid-Market (51-200),SaaS,Tom Wilson,Demo Completed,2/6/2026,2/8/2026,2,2/9/2026,,,0,FALSE
L-3231,3/18/2026,Organic Search,Enterprise (200+),FinTech,James Chen,MQL,3/19/2026,,,,,,0,FALSE
L-3232,5/24/2025,Organic Search,SMB (11-50),FinTech,Priya Patel,Demo Completed,5/29/2025,6/3/2025,5,6/5/2025,,,0,FALSE
L-3233,9/6/2025,Paid Ads,Startup (1-10),SaaS,Alex Thompson,Lead,,,,,,,0,FALSE
L-3234,10/13/2025,Organic Search,SMB (11-50),E-commerce,Maria Santos,Demo Booked,10/14/2025,10/22/2025,8,,,,0,FALSE
L-3235,6/20/2025,Organic Search,Mid-Market (51-200),HealthTech,Tom Wilson,MQL,6/24/2025,,,,,,0,FALSE
L-3236,4/13/2025,Referral,Startup (1-10),EdTech,James Chen,Demo Booked,4/15/2025,4/20/2025,5,,,,0,FALSE
L-3237,11/14/2025,Paid Ads,Startup (1-10),SaaS,Priya Patel,Lead,,,,,,,0,FALSE
L-3238,2/12/2026,Paid Ads,Mid-Market (51-200),EdTech,Alex Thompson,Lead,,,,,,,0,FALSE
L-3239,1/6/2026,Organic Search,SMB (11-50),HR Tech,James Chen,Lead,,,,,,,0,FALSE
L-3240,3/22/2026,Paid Ads,Startup (1-10),E-commerce,Tom Wilson,Lead,,,,,,,0,FALSE
L-3241,1/21/2026,Paid Ads,Startup (1-10),E-commerce,Priya Patel,Lead,,,,,,,0,FALSE
L-3242,12/14/2025,Cold Outreach,Startup (1-10),Logistics,Alex Thompson,Lead,,,,,,,0,FALSE
L-3243,4/7/2025,Paid Ads,Enterprise (200+),HR Tech,Priya Patel,Lead,,,,,,,0,FALSE
L-3244,8/14/2025,Organic Search,Mid-Market (51-200),FinTech,Priya Patel,MQL,8/17/2025,,,,,,0,FALSE
L-3245,11/18/2025,Cold Outreach,Startup (1-10),HR Tech,James Chen,Lead,,,,,,,0,FALSE
L-3246,11/13/2025,Referral,SMB (11-50),Marketing,Maria Santos,Closed Won,11/18/2025,11/21/2025,3,11/21/2025,11/22/2025,12/18/2025,12167.39,FALSE
L-3247,10/22/2025,Cold Outreach,Startup (1-10),Marketing,James Chen,Lead,,,,,,,0,FALSE
L-3248,3/18/2026,LinkedIn,Startup (1-10),E-commerce,Priya Patel,Lead,,,,,,,0,FALSE
L-3249,11/11/2025,LinkedIn,Mid-Market (51-200),Marketing,Maria Santos,Demo Booked,11/14/2025,11/20/2025,6,,,,0,FALSE
L-3250,12/20/2025,Paid Ads,SMB (11-50),Logistics,Tom Wilson,Demo Completed,12/22/2025,12/26/2025,4,12/28/2025,,,0,FALSE
L-3251,6/29/2025,Paid Ads,SMB (11-50),SaaS,Maria Santos,Lead,,,,,,,0,FALSE
L-3252,10/9/2025,Cold Outreach,Startup (1-10),EdTech,James Chen,Lead,,,,,,,0,FALSE
L-3253,1/21/2026,Paid Ads,Mid-Market (51-200),FinTech,Maria Santos,Lead,,,,,,,0,FALSE
L-3254,4/11/2025,Cold Outreach,SMB (11-50),Marketing,Tom Wilson,Lead,,,,,,,0,FALSE
L-3255,3/21/2026,Paid Ads,Mid-Market (51-200),HR Tech,Maria Santos,MQL,3/25/2026,,,,,,0,FALSE
L-3256,11/26/2025,Cold Outreach,SMB (11-50),FinTech,Priya Patel,Lead,,,,,,,0,FALSE
L-3257,8/24/2025,LinkedIn,Startup (1-10),Marketing,Maria Santos,MQL,8/28/2025,,,,,,0,FALSE
L-3258,3/25/2026,Organic Search,Mid-Market (51-200),Logistics,Priya Patel,Closed Won,3/28/2026,4/7/2026,10,4/7/2026,4/11/2026,4/21/2026,32890.86,FALSE
L-3259,6/16/2025,Paid Ads,Startup (1-10),EdTech,Maria Santos,MQL,6/19/2025,,,,,,0,FALSE
L-3260,6/29/2025,Paid Ads,Mid-Market (51-200),SaaS,Tom Wilson,MQL,6/30/2025,,,,,,0,FALSE
L-3261,2/14/2026,Paid Ads,Enterprise (200+),HR Tech,Alex Thompson,Lead,,,,,,,0,FALSE
L-3262,2/1/2026,Organic Search,Mid-Market (51-200),EdTech,James Chen,MQL,2/6/2026,,,,,,0,FALSE
L-3263,9/25/2025,Cold Outreach,Mid-Market (51-200),Marketing,James Chen,MQL,9/30/2025,,,,,,0,FALSE
L-3264,5/13/2025,Paid Ads,Mid-Market (51-200),FinTech,Alex Thompson,Demo Booked,5/14/2025,5/16/2025,2,,,,0,FALSE
L-3265,8/1/2025,LinkedIn,Mid-Market (51-200),HealthTech,James Chen,MQL,8/6/2025,,,,,,0,FALSE
L-3266,3/18/2026,LinkedIn,Mid-Market (51-200),Logistics,Tom Wilson,Lead,,,,,,,0,FALSE
L-3267,12/28/2025,Organic Search,Startup (1-10),Logistics,Maria Santos,MQL,1/1/2026,,,,,,0,FALSE
L-3268,12/23/2025,LinkedIn,SMB (11-50),FinTech,Alex Thompson,Closed Lost,12/27/2025,12/28/2025,1,12/28/2025,1/4/2026,,0,FALSE
L-3269,11/14/2025,Organic Search,Startup (1-10),FinTech,Alex Thompson,Closed Lost,11/17/2025,11/21/2025,4,11/22/2025,11/26/2025,,0,FALSE
L-3270,3/25/2026,Paid Ads,Enterprise (200+),HealthTech,Maria Santos,MQL,3/26/2026,,,,,,0,FALSE
L-3271,7/23/2025,Paid Ads,Mid-Market (51-200),EdTech,Tom Wilson,Lead,,,,,,,0,FALSE
L-3272,12/13/2025,Paid Ads,SMB (11-50),Logistics,Maria Santos,MQL,12/14/2025,,,,,,0,FALSE
L-3273,4/5/2025,Organic Search,Mid-Market (51-200),Marketing,Tom Wilson,Lead,,,,,,,0,FALSE
L-3274,6/19/2025,Paid Ads,Startup (1-10),Logistics,Alex Thompson,MQL,6/23/2025,,,,,,0,FALSE
L-3275,1/5/2026,Paid Ads,SMB (11-50),EdTech,Alex Thompson,Lead,,,,,,,0,FALSE
L-3276,5/23/2025,LinkedIn,SMB (11-50),HR Tech,Tom Wilson,Lead,,,,,,,0,FALSE
L-3277,3/16/2026,Paid Ads,Startup (1-10),Marketing,Priya Patel,Demo Completed,3/21/2026,3/24/2026,3,3/25/2026,,,0,FALSE
L-3278,7/2/2025,Cold Outreach,SMB (11-50),Marketing,Priya Patel,Demo Completed,7/6/2025,7/8/2025,2,7/10/2025,,,0,FALSE
L-3279,11/15/2025,Paid Ads,Mid-Market (51-200),E-commerce,Priya Patel,Lead,,,,,,,0,FALSE
L-3280,1/3/2026,LinkedIn,SMB (11-50),HR Tech,Tom Wilson,Demo Booked,1/7/2026,1/10/2026,3,,,,0,FALSE
L-3281,4/3/2025,LinkedIn,Enterprise (200+),SaaS,Alex Thompson,MQL,4/8/2025,,,,,,0,FALSE
L-3282,4/2/2025,Paid Ads,Enterprise (200+),SaaS,Priya Patel,Lead,,,,,,,0,FALSE
L-3283,3/6/2026,Cold Outreach,SMB (11-50),HR Tech,Alex Thompson,Lead,,,,,,,0,FALSE
L-3284,8/6/2025,Cold Outreach,SMB (11-50),Marketing,Priya Patel,Lead,,,,,,,0,FALSE
L-3285,8/25/2025,Paid Ads,Startup (1-10),Marketing,Tom Wilson,Lead,,,,,,,0,FALSE
L-3286,5/31/2025,Organic Search,Startup (1-10),EdTech,Priya Patel,Lead,,,,,,,0,FALSE
L-3287,3/28/2026,Paid Ads,SMB (11-50),Logistics,James Chen,MQL,3/30/2026,,,,,,0,FALSE
L-3288,3/3/2026,Paid Ads,Enterprise (200+),HR Tech,Maria Santos,Closed Lost,3/8/2026,3/18/2026,10,3/18/2026,3/20/2026,,0,FALSE
L-3289,11/12/2025,Cold Outreach,Startup (1-10),FinTech,James Chen,Lead,,,,,,,0,FALSE
L-3290,12/31/2025,Paid Ads,Enterprise (200+),HR Tech,Maria Santos,Demo Booked,1/2/2026,1/6/2026,4,,,,0,FALSE
L-3291,1/4/2026,LinkedIn,Startup (1-10),HealthTech,James Chen,Lead,,,,,,,0,FALSE
L-3292,4/25/2025,Organic Search,Mid-Market (51-200),HR Tech,Tom Wilson,Lead,,,,,,,0,FALSE
L-3293,2/13/2026,Organic Search,SMB (11-50),Marketing,Alex Thompson,Lead,,,,,,,0,FALSE
L-3294,11/8/2025,Paid Ads,SMB (11-50),SaaS,Alex Thompson,Demo Completed,11/11/2025,11/18/2025,7,11/19/2025,,,0,FALSE
L-3295,1/25/2026,Paid Ads,Startup (1-10),Logistics,Priya Patel,MQL,1/28/2026,,,,,,0,FALSE
L-3296,12/31/2025,Referral,SMB (11-50),Marketing,James Chen,MQL,1/2/2026,,,,,,0,FALSE
L-3297,9/16/2025,LinkedIn,Enterprise (200+),HR Tech,Maria Santos,Closed Lost,9/18/2025,9/25/2025,7,9/28/2025,10/4/2025,,0,FALSE
L-3298,11/8/2025,Paid Ads,Mid-Market (51-200),FinTech,James Chen,Lead,,,,,,,0,FALSE
L-3299,12/3/2025,Organic Search,Enterprise (200+),E-commerce,Priya Patel,Demo Completed,12/5/2025,12/8/2025,3,12/11/2025,,,0,FALSE
L-3300,1/13/2026,LinkedIn,Startup (1-10),HR Tech,Priya Patel,Demo Completed,1/16/2026,1/17/2026,1,1/18/2026,,,0,FALSE
L-3301,8/3/2025,Paid Ads,Mid-Market (51-200),EdTech,Priya Patel,Demo Booked,8/7/2025,8/9/2025,2,,,,0,FALSE
L-3302,12/28/2025,Paid Ads,Startup (1-10),SaaS,Alex Thompson,Demo Completed,1/2/2026,1/9/2026,7,1/10/2026,,,0,FALSE
L-3303,9/7/2025,Paid Ads,Enterprise (200+),HR Tech,Maria Santos,Lead,,,,,,,0,FALSE
L-3304,9/23/2025,LinkedIn,Startup (1-10),E-commerce,Alex Thompson,MQL,9/27/2025,,,,,,0,FALSE
L-3305,11/17/2025,LinkedIn,Mid-Market (51-200),SaaS,Tom Wilson,Lead,,,,,,,0,FALSE
L-3306,5/24/2025,Cold Outreach,Mid-Market (51-200),Marketing,Maria Santos,Lead,,,,,,,0,FALSE
L-3307,1/24/2026,Cold Outreach,SMB (11-50),HealthTech,Alex Thompson,Lead,,,,,,,0,FALSE
L-3308,12/27/2025,LinkedIn,Startup (1-10),HR Tech,James Chen,Demo Completed,12/30/2025,1/8/2026,9,1/10/2026,,,0,FALSE
L-3309,3/31/2026,Organic Search,Mid-Market (51-200),SaaS,James Chen,MQL,4/1/2026,,,,,,0,FALSE
L-3310,12/30/2025,Paid Ads,SMB (11-50),EdTech,Alex Thompson,Demo Booked,1/3/2026,1/7/2026,4,,,,0,FALSE
L-3311,11/2/2025,Cold Outreach,SMB (11-50),Marketing,James Chen,Closed Lost,11/6/2025,11/9/2025,3,11/9/2025,11/11/2025,,0,FALSE
L-3312,10/10/2025,Paid Ads,Startup (1-10),HR Tech,Maria Santos,Churned,10/12/2025,10/25/2025,13,10/25/2025,10/31/2025,11/10/2025,3717.51,TRUE
L-3313,10/24/2025,Organic Search,Mid-Market (51-200),SaaS,Alex Thompson,Demo Booked,10/26/2025,10/30/2025,4,,,,0,FALSE
L-3314,2/6/2026,Paid Ads,SMB (11-50),Logistics,Alex Thompson,Demo Completed,2/11/2026,2/21/2026,10,2/23/2026,,,0,FALSE
L-3315,2/27/2026,Organic Search,SMB (11-50),EdTech,Alex Thompson,Demo Completed,3/3/2026,3/4/2026,1,3/6/2026,,,0,FALSE
L-3316,6/7/2025,Organic Search,Mid-Market (51-200),E-commerce,Alex Thompson,Lead,,,,,,,0,FALSE
L-3317,3/9/2026,Referral,SMB (11-50),FinTech,Priya Patel,Demo Completed,3/14/2026,3/25/2026,11,3/25/2026,,,0,FALSE
L-3318,8/30/2025,LinkedIn,Startup (1-10),EdTech,Priya Patel,Lead,,,,,,,0,FALSE
L-3319,3/7/2026,Paid Ads,Startup (1-10),SaaS,Maria Santos,MQL,3/11/2026,,,,,,0,FALSE
L-3320,1/6/2026,Cold Outreach,SMB (11-50),FinTech,Tom Wilson,Demo Booked,1/7/2026,1/10/2026,3,,,,0,FALSE
L-3321,4/5/2025,LinkedIn,Mid-Market (51-200),Marketing,Alex Thompson,Lead,,,,,,,0,FALSE
L-3322,8/27/2025,Paid Ads,Startup (1-10),Logistics,James Chen,Lead,,,,,,,0,FALSE
L-3323,6/30/2025,LinkedIn,Startup (1-10),Marketing,Maria Santos,Lead,,,,,,,0,FALSE
L-3324,3/4/2026,Paid Ads,SMB (11-50),FinTech,Alex Thompson,MQL,3/8/2026,,,,,,0,FALSE
L-3325,12/1/2025,Organic Search,Startup (1-10),FinTech,Alex Thompson,Demo Completed,12/4/2025,12/6/2025,2,12/6/2025,,,0,FALSE
L-3326,9/2/2025,Organic Search,Enterprise (200+),HealthTech,James Chen,Lead,,,,,,,0,FALSE
L-3327,5/6/2025,LinkedIn,Startup (1-10),EdTech,Priya Patel,MQL,5/11/2025,,,,,,0,FALSE
L-3328,1/5/2026,Referral,Mid-Market (51-200),HR Tech,Priya Patel,Demo Completed,1/7/2026,1/10/2026,3,1/10/2026,,,0,FALSE
L-3329,5/13/2025,Referral,Enterprise (200+),SaaS,Tom Wilson,Lead,,,,,,,0,FALSE
L-3330,4/18/2025,Paid Ads,Startup (1-10),Marketing,Tom Wilson,MQL,4/23/2025,,,,,,0,FALSE
L-3331,10/12/2025,Paid Ads,SMB (11-50),HealthTech,Tom Wilson,MQL,10/15/2025,,,,,,0,FALSE
L-3332,1/28/2026,Paid Ads,Startup (1-10),HealthTech,Tom Wilson,Demo Booked,1/30/2026,2/1/2026,2,,,,0,FALSE
L-3333,6/17/2025,LinkedIn,Mid-Market (51-200),HealthTech,Priya Patel,MQL,6/21/2025,,,,,,0,FALSE
L-3334,12/4/2025,Referral,SMB (11-50),Marketing,Maria Santos,Closed Lost,12/6/2025,12/7/2025,1,12/10/2025,12/13/2025,,0,FALSE
L-3335,4/12/2025,Paid Ads,Startup (1-10),SaaS,James Chen,Lead,,,,,,,0,FALSE
L-3336,10/6/2025,Cold Outreach,Startup (1-10),Marketing,Tom Wilson,Lead,,,,,,,0,FALSE
L-3337,9/24/2025,Cold Outreach,Startup (1-10),HR Tech,Priya Patel,MQL,9/28/2025,,,,,,0,FALSE
L-3338,7/25/2025,LinkedIn,Startup (1-10),HR Tech,James Chen,MQL,7/29/2025,,,,,,0,FALSE
L-3339,2/23/2026,Paid Ads,SMB (11-50),SaaS,Priya Patel,Demo Booked,2/24/2026,3/6/2026,10,,,,0,FALSE
L-3340,1/19/2026,Organic Search,Mid-Market (51-200),FinTech,James Chen,Closed Lost,1/21/2026,1/25/2026,4,1/27/2026,2/1/2026,,0,FALSE
L-3341,8/5/2025,Cold Outreach,SMB (11-50),SaaS,James Chen,Demo Completed,8/9/2025,8/15/2025,6,8/15/2025,,,0,FALSE
L-3342,3/2/2026,Organic Search,Mid-Market (51-200),HealthTech,Alex Thompson,Demo Booked,3/6/2026,3/8/2026,2,,,,0,FALSE
L-3343,8/25/2025,LinkedIn,SMB (11-50),HR Tech,Alex Thompson,Lead,,,,,,,0,FALSE
L-3344,2/28/2026,Organic Search,SMB (11-50),SaaS,Tom Wilson,Demo Completed,3/4/2026,3/5/2026,1,3/7/2026,,,0,FALSE
L-3345,9/20/2025,LinkedIn,Startup (1-10),EdTech,Tom Wilson,Lead,,,,,,,0,FALSE
L-3346,2/12/2026,Organic Search,Enterprise (200+),HealthTech,James Chen,Lead,,,,,,,0,FALSE
L-3347,9/7/2025,Cold Outreach,Enterprise (200+),FinTech,James Chen,Lead,,,,,,,0,FALSE
L-3348,1/3/2026,Paid Ads,Mid-Market (51-200),Logistics,Priya Patel,Lead,,,,,,,0,FALSE
L-3349,1/14/2026,Paid Ads,Mid-Market (51-200),SaaS,Priya Patel,Lead,,,,,,,0,FALSE
L-3350,8/11/2025,Paid Ads,Enterprise (200+),FinTech,Maria Santos,Lead,,,,,,,0,FALSE
L-3351,11/2/2025,Organic Search,SMB (11-50),Marketing,Priya Patel,Lead,,,,,,,0,FALSE
L-3352,5/21/2025,Paid Ads,SMB (11-50),HR Tech,Alex Thompson,MQL,5/25/2025,,,,,,0,FALSE
L-3353,9/18/2025,Paid Ads,SMB (11-50),HealthTech,Priya Patel,MQL,9/20/2025,,,,,,0,FALSE
L-3354,12/19/2025,Organic Search,Startup (1-10),Marketing,Alex Thompson,Demo Completed,12/24/2025,1/2/2026,9,1/3/2026,,,0,FALSE
L-3355,5/8/2025,LinkedIn,Mid-Market (51-200),Logistics,Maria Santos,Demo Booked,5/12/2025,5/23/2025,11,,,,0,FALSE
L-3356,4/12/2025,LinkedIn,Startup (1-10),E-commerce,Priya Patel,Lead,,,,,,,0,FALSE
L-3357,9/27/2025,Paid Ads,Mid-Market (51-200),Marketing,Priya Patel,Lead,,,,,,,0,FALSE
L-3358,12/16/2025,Paid Ads,SMB (11-50),SaaS,Priya Patel,Lead,,,,,,,0,FALSE
L-3359,11/18/2025,Cold Outreach,Enterprise (200+),SaaS,Priya Patel,MQL,11/21/2025,,,,,,0,FALSE
L-3360,8/22/2025,Paid Ads,Mid-Market (51-200),Marketing,Alex Thompson,Lead,,,,,,,0,FALSE
L-3361,4/15/2025,LinkedIn,SMB (11-50),Logistics,Priya Patel,MQL,4/16/2025,,,,,,0,FALSE
L-3362,12/11/2025,Paid Ads,Enterprise (200+),E-commerce,James Chen,Lead,,,,,,,0,FALSE
L-3363,11/28/2025,Cold Outreach,Enterprise (200+),Logistics,Tom Wilson,Lead,,,,,,,0,FALSE
L-3364,10/17/2025,Referral,Mid-Market (51-200),HR Tech,James Chen,Closed Won,10/19/2025,10/20/2025,1,10/23/2025,10/30/2025,11/14/2025,18881.3,FALSE
L-3365,1/4/2026,Organic Search,SMB (11-50),EdTech,Maria Santos,Demo Booked,1/6/2026,1/9/2026,3,,,,0,FALSE
L-3366,11/24/2025,Referral,SMB (11-50),SaaS,Priya Patel,Demo Completed,11/28/2025,12/2/2025,4,12/4/2025,,,0,FALSE
L-3367,8/24/2025,Paid Ads,Mid-Market (51-200),EdTech,Alex Thompson,Lead,,,,,,,0,FALSE
L-3368,5/14/2025,Organic Search,SMB (11-50),Marketing,James Chen,Lead,,,,,,,0,FALSE
L-3369,6/6/2025,LinkedIn,SMB (11-50),EdTech,Priya Patel,MQL,6/8/2025,,,,,,0,FALSE
L-3370,7/14/2025,Cold Outreach,Startup (1-10),HealthTech,Priya Patel,MQL,7/18/2025,,,,,,0,FALSE
L-3371,7/4/2025,LinkedIn,Mid-Market (51-200),EdTech,Tom Wilson,MQL,7/5/2025,,,,,,0,FALSE
L-3372,8/21/2025,LinkedIn,SMB (11-50),E-commerce,Priya Patel,Lead,,,,,,,0,FALSE
L-3373,4/28/2025,Organic Search,SMB (11-50),HealthTech,Maria Santos,Demo Completed,4/29/2025,5/6/2025,7,5/8/2025,,,0,FALSE
L-3374,8/17/2025,Cold Outreach,Mid-Market (51-200),SaaS,Maria Santos,Lead,,,,,,,0,FALSE
L-3375,8/23/2025,LinkedIn,Enterprise (200+),Marketing,Tom Wilson,Demo Booked,8/26/2025,9/5/2025,10,,,,0,FALSE
L-3376,12/4/2025,LinkedIn,Enterprise (200+),SaaS,James Chen,MQL,12/9/2025,,,,,,0,FALSE
L-3377,1/10/2026,LinkedIn,Mid-Market (51-200),HR Tech,Tom Wilson,Demo Completed,1/12/2026,1/23/2026,11,1/26/2026,,,0,FALSE
L-3378,1/12/2026,Organic Search,Mid-Market (51-200),EdTech,Tom Wilson,MQL,1/13/2026,,,,,,0,FALSE
L-3379,1/30/2026,LinkedIn,Enterprise (200+),FinTech,Tom Wilson,MQL,1/31/2026,,,,,,0,FALSE
L-3380,5/9/2025,Organic Search,Startup (1-10),Logistics,Maria Santos,Demo Booked,5/13/2025,5/19/2025,6,,,,0,FALSE
L-3381,9/3/2025,LinkedIn,Startup (1-10),HR Tech,Alex Thompson,MQL,9/6/2025,,,,,,0,FALSE
L-3382,8/2/2025,Organic Search,Enterprise (200+),EdTech,James Chen,MQL,8/6/2025,,,,,,0,FALSE
L-3383,4/3/2025,Organic Search,Mid-Market (51-200),HR Tech,Priya Patel,MQL,4/8/2025,,,,,,0,FALSE
L-3384,9/19/2025,Paid Ads,Startup (1-10),SaaS,James Chen,Lead,,,,,,,0,FALSE
L-3385,6/23/2025,Paid Ads,Mid-Market (51-200),FinTech,Tom Wilson,Lead,,,,,,,0,FALSE
L-3386,10/27/2025,Organic Search,SMB (11-50),FinTech,Tom Wilson,MQL,10/31/2025,,,,,,0,FALSE
L-3387,7/20/2025,Paid Ads,SMB (11-50),SaaS,Tom Wilson,Lead,,,,,,,0,FALSE
L-3388,9/5/2025,Referral,SMB (11-50),HealthTech,Priya Patel,Closed Lost,9/10/2025,9/15/2025,5,9/18/2025,9/25/2025,,0,FALSE
L-3389,12/6/2025,LinkedIn,Startup (1-10),FinTech,James Chen,Demo Booked,12/7/2025,12/18/2025,11,,,,0,FALSE
L-3390,12/20/2025,Paid Ads,Startup (1-10),FinTech,Tom Wilson,Demo Completed,12/25/2025,12/27/2025,2,12/30/2025,,,0,FALSE
L-3391,5/1/2025,Cold Outreach,Startup (1-10),Logistics,Alex Thompson,Lead,,,,,,,0,FALSE
L-3392,10/20/2025,LinkedIn,Mid-Market (51-200),Marketing,Alex Thompson,Demo Completed,10/22/2025,11/1/2025,10,11/2/2025,,,0,FALSE
L-3393,1/21/2026,Organic Search,SMB (11-50),HR Tech,Priya Patel,Demo Completed,1/22/2026,1/29/2026,7,2/1/2026,,,0,FALSE
L-3394,7/20/2025,Organic Search,Enterprise (200+),SaaS,Maria Santos,MQL,7/24/2025,,,,,,0,FALSE
L-3395,7/24/2025,Cold Outreach,SMB (11-50),EdTech,Priya Patel,MQL,7/29/2025,,,,,,0,FALSE
L-3396,4/21/2025,LinkedIn,Enterprise (200+),HR Tech,Alex Thompson,Lead,,,,,,,0,FALSE
L-3397,2/26/2026,Paid Ads,Startup (1-10),EdTech,James Chen,Demo Completed,3/2/2026,3/6/2026,4,3/7/2026,,,0,FALSE
L-3398,10/1/2025,Referral,SMB (11-50),FinTech,Maria Santos,Closed Lost,10/3/2025,10/17/2025,14,10/20/2025,10/22/2025,,0,FALSE
L-3399,6/21/2025,Paid Ads,SMB (11-50),EdTech,Priya Patel,Lead,,,,,,,0,FALSE
L-3400,12/11/2025,LinkedIn,Startup (1-10),E-commerce,James Chen,Demo Booked,12/13/2025,12/15/2025,2,,,,0,FALSE
L-3401,1/4/2026,LinkedIn,Mid-Market (51-200),FinTech,Maria Santos,Lead,,,,,,,0,FALSE
L-3402,7/14/2025,Paid Ads,Mid-Market (51-200),Marketing,Maria Santos,Lead,,,,,,,0,FALSE
L-3403,3/16/2026,Paid Ads,Startup (1-10),SaaS,James Chen,MQL,3/21/2026,,,,,,0,FALSE
L-3404,2/19/2026,Organic Search,SMB (11-50),EdTech,Priya Patel,Lead,,,,,,,0,FALSE
L-3405,2/15/2026,Paid Ads,SMB (11-50),HR Tech,Tom Wilson,Lead,,,,,,,0,FALSE
L-3406,12/25/2025,Paid Ads,Startup (1-10),HealthTech,Tom Wilson,Lead,,,,,,,0,FALSE
L-3407,11/2/2025,Referral,SMB (11-50),HealthTech,Priya Patel,Closed Lost,11/6/2025,11/10/2025,4,11/12/2025,11/19/2025,,0,FALSE
L-3408,2/12/2026,Paid Ads,SMB (11-50),SaaS,Priya Patel,Lead,,,,,,,0,FALSE
L-3409,2/17/2026,Organic Search,Startup (1-10),SaaS,James Chen,Lead,,,,,,,0,FALSE
L-3410,12/28/2025,Paid Ads,Enterprise (200+),Logistics,Tom Wilson,Demo Completed,12/30/2025,1/12/2026,13,1/12/2026,,,0,FALSE
L-3411,7/21/2025,Organic Search,Enterprise (200+),HR Tech,Tom Wilson,Lead,,,,,,,0,FALSE
L-3412,5/19/2025,Paid Ads,SMB (11-50),SaaS,James Chen,Lead,,,,,,,0,FALSE
L-3413,10/3/2025,Organic Search,SMB (11-50),Logistics,Alex Thompson,Demo Booked,10/4/2025,10/5/2025,1,,,,0,FALSE
L-3414,2/25/2026,LinkedIn,SMB (11-50),FinTech,Priya Patel,MQL,2/28/2026,,,,,,0,FALSE
L-3415,6/12/2025,Organic Search,Mid-Market (51-200),Logistics,James Chen,MQL,6/15/2025,,,,,,0,FALSE
L-3416,9/19/2025,Paid Ads,Mid-Market (51-200),SaaS,Tom Wilson,MQL,9/21/2025,,,,,,0,FALSE
L-3417,1/15/2026,Organic Search,Startup (1-10),EdTech,Alex Thompson,Lead,,,,,,,0,FALSE
L-3418,1/19/2026,Paid Ads,Mid-Market (51-200),Marketing,James Chen,Lead,,,,,,,0,FALSE
L-3419,9/20/2025,Organic Search,SMB (11-50),Marketing,Tom Wilson,Lead,,,,,,,0,FALSE
L-3420,8/25/2025,Paid Ads,Startup (1-10),EdTech,Alex Thompson,MQL,8/29/2025,,,,,,0,FALSE
L-3421,12/19/2025,Referral,Startup (1-10),HR Tech,Maria Santos,Closed Lost,12/20/2025,12/25/2025,5,12/28/2025,1/1/2026,,0,FALSE
L-3422,10/17/2025,Paid Ads,Mid-Market (51-200),E-commerce,Alex Thompson,Demo Completed,10/21/2025,10/28/2025,7,10/31/2025,,,0,FALSE
L-3423,4/3/2025,Paid Ads,Enterprise (200+),Logistics,Priya Patel,Lead,,,,,,,0,FALSE
L-3424,1/6/2026,Organic Search,Startup (1-10),FinTech,Alex Thompson,MQL,1/10/2026,,,,,,0,FALSE
L-3425,10/29/2025,LinkedIn,Mid-Market (51-200),SaaS,James Chen,MQL,11/2/2025,,,,,,0,FALSE
L-3426,12/20/2025,Organic Search,SMB (11-50),SaaS,Priya Patel,Demo Completed,12/23/2025,12/26/2025,3,12/26/2025,,,0,FALSE
L-3427,5/20/2025,Referral,Startup (1-10),SaaS,Priya Patel,Lead,,,,,,,0,FALSE
L-3428,5/26/2025,Paid Ads,Enterprise (200+),EdTech,Tom Wilson,MQL,5/29/2025,,,,,,0,FALSE
L-3429,1/20/2026,LinkedIn,Mid-Market (51-200),Logistics,Priya Patel,Lead,,,,,,,0,FALSE
L-3430,1/2/2026,Paid Ads,SMB (11-50),SaaS,James Chen,MQL,1/7/2026,,,,,,0,FALSE
L-3431,12/13/2025,LinkedIn,Mid-Market (51-200),EdTech,James Chen,Lead,,,,,,,0,FALSE
L-3432,5/15/2025,Paid Ads,SMB (11-50),Logistics,Alex Thompson,Lead,,,,,,,0,FALSE
L-3433,11/13/2025,Organic Search,Mid-Market (51-200),Marketing,Priya Patel,MQL,11/18/2025,,,,,,0,FALSE
L-3434,8/4/2025,Organic Search,Startup (1-10),HR Tech,Alex Thompson,Lead,,,,,,,0,FALSE
L-3435,9/11/2025,Organic Search,SMB (11-50),Logistics,Tom Wilson,Closed Lost,9/16/2025,9/18/2025,2,9/21/2025,9/28/2025,,0,FALSE
L-3436,7/28/2025,Referral,Startup (1-10),SaaS,Alex Thompson,Demo Completed,8/2/2025,8/9/2025,7,8/9/2025,,,0,FALSE
L-3437,4/3/2025,Organic Search,Mid-Market (51-200),HR Tech,Maria Santos,Demo Completed,4/4/2025,4/15/2025,11,4/15/2025,,,0,FALSE
L-3438,8/11/2025,Organic Search,Startup (1-10),HR Tech,Priya Patel,Demo Completed,8/15/2025,8/16/2025,1,8/16/2025,,,0,FALSE
L-3439,9/27/2025,Paid Ads,Mid-Market (51-200),Logistics,Alex Thompson,Lead,,,,,,,0,FALSE
L-3440,2/22/2026,Organic Search,SMB (11-50),HealthTech,Tom Wilson,Demo Completed,2/25/2026,2/27/2026,2,3/2/2026,,,0,FALSE
L-3441,9/8/2025,Referral,Startup (1-10),SaaS,Tom Wilson,MQL,9/9/2025,,,,,,0,FALSE
L-3442,12/22/2025,Paid Ads,SMB (11-50),HR Tech,James Chen,Demo Completed,12/23/2025,1/2/2026,10,1/2/2026,,,0,FALSE
L-3443,8/30/2025,Organic Search,SMB (11-50),HealthTech,Tom Wilson,Demo Completed,9/4/2025,9/8/2025,4,9/8/2025,,,0,FALSE
L-3444,10/28/2025,Referral,Mid-Market (51-200),SaaS,Tom Wilson,Demo Completed,10/29/2025,11/2/2025,4,11/4/2025,,,0,FALSE
L-3445,10/5/2025,Paid Ads,Mid-Market (51-200),E-commerce,Tom Wilson,MQL,10/6/2025,,,,,,0,FALSE
L-3446,6/11/2025,Paid Ads,Enterprise (200+),SaaS,James Chen,Closed Lost,6/13/2025,6/20/2025,7,6/22/2025,6/23/2025,,0,FALSE
L-3447,12/10/2025,LinkedIn,SMB (11-50),HealthTech,Priya Patel,Closed Lost,12/15/2025,12/17/2025,2,12/20/2025,12/26/2025,,0,FALSE
L-3448,4/17/2025,Cold Outreach,Startup (1-10),Logistics,James Chen,Lead,,,,,,,0,FALSE
L-3449,11/6/2025,Cold Outreach,Enterprise (200+),EdTech,Maria Santos,Demo Booked,11/7/2025,11/8/2025,1,,,,0,FALSE
L-3450,3/9/2026,Paid Ads,Startup (1-10),HealthTech,James Chen,Lead,,,,,,,0,FALSE
L-3451,5/1/2025,LinkedIn,Mid-Market (51-200),SaaS,James Chen,MQL,5/4/2025,,,,,,0,FALSE
L-3452,11/6/2025,LinkedIn,Mid-Market (51-200),E-commerce,Maria Santos,Lead,,,,,,,0,FALSE
L-3453,11/7/2025,Paid Ads,Mid-Market (51-200),EdTech,Tom Wilson,MQL,11/12/2025,,,,,,0,FALSE
L-3454,3/27/2026,Cold Outreach,Mid-Market (51-200),FinTech,Tom Wilson,Lead,,,,,,,0,FALSE
L-3455,10/1/2025,Paid Ads,Mid-Market (51-200),FinTech,Alex Thompson,Demo Booked,10/3/2025,10/8/2025,5,,,,0,FALSE
L-3456,3/19/2026,Paid Ads,Startup (1-10),Marketing,Maria Santos,Lead,,,,,,,0,FALSE
L-3457,1/3/2026,LinkedIn,Startup (1-10),Logistics,Maria Santos,Lead,,,,,,,0,FALSE
L-3458,4/20/2025,Referral,SMB (11-50),HealthTech,Alex Thompson,Lead,,,,,,,0,FALSE
L-3459,9/14/2025,Organic Search,Startup (1-10),Logistics,Tom Wilson,MQL,9/19/2025,,,,,,0,FALSE
L-3460,4/18/2025,Paid Ads,SMB (11-50),EdTech,Tom Wilson,MQL,4/20/2025,,,,,,0,FALSE
L-3461,1/11/2026,Organic Search,SMB (11-50),Logistics,Tom Wilson,MQL,1/16/2026,,,,,,0,FALSE
L-3462,8/11/2025,Cold Outreach,SMB (11-50),FinTech,Priya Patel,Demo Completed,8/14/2025,8/28/2025,14,8/30/2025,,,0,FALSE
L-3463,9/9/2025,LinkedIn,Mid-Market (51-200),Logistics,James Chen,Lead,,,,,,,0,FALSE
L-3464,10/25/2025,Referral,Mid-Market (51-200),Marketing,Priya Patel,Closed Lost,10/30/2025,11/2/2025,3,11/4/2025,11/9/2025,,0,FALSE
L-3465,12/22/2025,Organic Search,SMB (11-50),Marketing,Priya Patel,Closed Lost,12/23/2025,12/30/2025,7,1/2/2026,1/9/2026,,0,FALSE
L-3466,4/5/2025,Paid Ads,Mid-Market (51-200),Logistics,Priya Patel,Lead,,,,,,,0,FALSE
L-3467,1/6/2026,Paid Ads,SMB (11-50),Marketing,Priya Patel,Lead,,,,,,,0,FALSE
L-3468,2/28/2026,Referral,Mid-Market (51-200),Logistics,Priya Patel,Closed Lost,3/4/2026,3/16/2026,12,3/18/2026,3/19/2026,,0,FALSE
L-3469,5/15/2025,LinkedIn,SMB (11-50),E-commerce,James Chen,Lead,,,,,,,0,FALSE
L-3470,9/22/2025,Paid Ads,Startup (1-10),E-commerce,James Chen,MQL,9/26/2025,,,,,,0,FALSE
L-3471,10/17/2025,Paid Ads,SMB (11-50),Marketing,Tom Wilson,Lead,,,,,,,0,FALSE
L-3472,6/16/2025,Organic Search,Startup (1-10),FinTech,Alex Thompson,MQL,6/19/2025,,,,,,0,FALSE
L-3473,5/31/2025,Cold Outreach,SMB (11-50),HealthTech,James Chen,Lead,,,,,,,0,FALSE
L-3474,2/14/2026,Organic Search,SMB (11-50),EdTech,Tom Wilson,Demo Completed,2/16/2026,2/18/2026,2,2/19/2026,,,0,FALSE
L-3475,8/20/2025,Organic Search,Enterprise (200+),SaaS,Maria Santos,Lead,,,,,,,0,FALSE
L-3476,12/5/2025,Referral,Startup (1-10),FinTech,Tom Wilson,Demo Completed,12/8/2025,12/20/2025,12,12/21/2025,,,0,FALSE
L-3477,11/5/2025,Paid Ads,Mid-Market (51-200),HealthTech,Maria Santos,Lead,,,,,,,0,FALSE
L-3478,1/15/2026,Paid Ads,Startup (1-10),HR Tech,Tom Wilson,Lead,,,,,,,0,FALSE
L-3479,4/22/2025,Cold Outreach,SMB (11-50),HealthTech,Maria Santos,Lead,,,,,,,0,FALSE
L-3480,10/27/2025,Organic Search,Startup (1-10),Marketing,James Chen,Demo Completed,10/31/2025,11/8/2025,8,11/11/2025,,,0,FALSE
L-3481,10/31/2025,Paid Ads,Enterprise (200+),EdTech,James Chen,MQL,11/3/2025,,,,,,0,FALSE
L-3482,9/9/2025,Cold Outreach,Startup (1-10),HR Tech,James Chen,Lead,,,,,,,0,FALSE
L-3483,9/15/2025,LinkedIn,Startup (1-10),EdTech,James Chen,MQL,9/19/2025,,,,,,0,FALSE
L-3484,4/24/2025,Referral,Mid-Market (51-200),FinTech,Alex Thompson,Lead,,,,,,,0,FALSE
L-3485,11/28/2025,Paid Ads,SMB (11-50),E-commerce,Tom Wilson,Demo Completed,12/1/2025,12/5/2025,4,12/5/2025,,,0,FALSE
L-3486,3/28/2026,Organic Search,Enterprise (200+),Marketing,Alex Thompson,Lead,,,,,,,0,FALSE
L-3487,2/15/2026,Organic Search,Startup (1-10),E-commerce,Maria Santos,Closed Lost,2/17/2026,2/19/2026,2,2/19/2026,2/26/2026,,0,FALSE
L-3488,8/30/2025,Organic Search,Startup (1-10),FinTech,Priya Patel,Lead,,,,,,,0,FALSE
L-3489,4/2/2025,Cold Outreach,Startup (1-10),Marketing,James Chen,Lead,,,,,,,0,FALSE
L-3490,8/25/2025,Paid Ads,Mid-Market (51-200),HealthTech,Alex Thompson,MQL,8/30/2025,,,,,,0,FALSE
L-3491,9/7/2025,Organic Search,Enterprise (200+),EdTech,Priya Patel,Demo Completed,9/9/2025,9/15/2025,6,9/17/2025,,,0,FALSE
L-3492,2/13/2026,LinkedIn,Enterprise (200+),HR Tech,James Chen,Demo Booked,2/18/2026,2/23/2026,5,,,,0,FALSE
L-3493,2/2/2026,LinkedIn,SMB (11-50),Marketing,Alex Thompson,MQL,2/5/2026,,,,,,0,FALSE
L-3494,12/28/2025,Organic Search,SMB (11-50),Logistics,Maria Santos,MQL,12/29/2025,,,,,,0,FALSE
L-3495,10/5/2025,Organic Search,SMB (11-50),E-commerce,Maria Santos,Demo Booked,10/7/2025,10/10/2025,3,,,,0,FALSE
L-3496,4/24/2025,Paid Ads,Startup (1-10),Marketing,Tom Wilson,Lead,,,,,,,0,FALSE
L-3497,7/27/2025,Paid Ads,Startup (1-10),E-commerce,James Chen,Lead,,,,,,,0,FALSE
L-3498,8/27/2025,Paid Ads,SMB (11-50),HR Tech,Maria Santos,MQL,8/28/2025,,,,,,0,FALSE
L-3499,1/10/2026,LinkedIn,Mid-Market (51-200),SaaS,Priya Patel,Closed Lost,1/14/2026,1/18/2026,4,1/21/2026,1/28/2026,,0,FALSE
L-3500,10/11/2025,LinkedIn,SMB (11-50),FinTech,Priya Patel,Lead,,,,,,,0,FALSE
L-3501,7/2/2025,Paid Ads,Mid-Market (51-200),E-commerce,Maria Santos,Lead,,,,,,,0,FALSE
L-3502,10/30/2025,Referral,Startup (1-10),SaaS,Tom Wilson,Demo Completed,11/4/2025,11/7/2025,3,11/8/2025,,,0,FALSE
L-3503,2/24/2026,Paid Ads,Startup (1-10),Marketing,Alex Thompson,Lead,,,,,,,0,FALSE
L-3504,10/23/2025,LinkedIn,SMB (11-50),FinTech,Priya Patel,Closed Lost,10/27/2025,10/30/2025,3,10/31/2025,11/6/2025,,0,FALSE
L-3505,1/13/2026,Paid Ads,SMB (11-50),Marketing,Tom Wilson,MQL,1/18/2026,,,,,,0,FALSE
L-3506,6/18/2025,Cold Outreach,Mid-Market (51-200),EdTech,Maria Santos,Lead,,,,,,,0,FALSE
L-3507,11/26/2025,Paid Ads,Startup (1-10),Logistics,James Chen,Demo Booked,11/27/2025,11/28/2025,1,,,,0,FALSE
L-3508,3/19/2026,Paid Ads,SMB (11-50),HealthTech,Maria Santos,MQL,3/22/2026,,,,,,0,FALSE
L-3509,8/11/2025,Cold Outreach,Mid-Market (51-200),EdTech,Tom Wilson,Demo Booked,8/16/2025,8/18/2025,2,,,,0,FALSE
L-3510,12/11/2025,Paid Ads,Mid-Market (51-200),EdTech,Tom Wilson,Demo Completed,12/15/2025,12/19/2025,4,12/21/2025,,,0,FALSE
L-3511,12/5/2025,Organic Search,Startup (1-10),Marketing,Maria Santos,Demo Booked,12/10/2025,12/18/2025,8,,,,0,FALSE
L-3512,11/8/2025,Paid Ads,SMB (11-50),Marketing,James Chen,Lead,,,,,,,0,FALSE
L-3513,10/25/2025,LinkedIn,Startup (1-10),FinTech,Priya Patel,Demo Completed,10/26/2025,10/27/2025,1,10/29/2025,,,0,FALSE
L-3514,8/7/2025,Paid Ads,Startup (1-10),SaaS,Priya Patel,MQL,8/9/2025,,,,,,0,FALSE
L-3515,4/2/2025,Paid Ads,SMB (11-50),FinTech,Maria Santos,Lead,,,,,,,0,FALSE
L-3516,11/22/2025,Organic Search,SMB (11-50),Logistics,Alex Thompson,Demo Completed,11/23/2025,12/3/2025,10,12/3/2025,,,0,FALSE
L-3517,10/16/2025,Referral,SMB (11-50),HR Tech,James Chen,Closed Won,10/17/2025,10/21/2025,4,10/22/2025,10/26/2025,11/23/2025,8081.41,FALSE
L-3518,8/15/2025,LinkedIn,SMB (11-50),HR Tech,James Chen,Lead,,,,,,,0,FALSE
L-3519,3/16/2026,Referral,SMB (11-50),EdTech,Alex Thompson,Churned,3/18/2026,3/22/2026,4,3/24/2026,3/29/2026,4/19/2026,14111.13,TRUE
L-3520,1/26/2026,LinkedIn,Mid-Market (51-200),Logistics,Maria Santos,Demo Booked,1/29/2026,2/2/2026,4,,,,0,FALSE
L-3521,12/13/2025,Paid Ads,SMB (11-50),SaaS,Alex Thompson,MQL,12/17/2025,,,,,,0,FALSE
L-3522,3/23/2026,LinkedIn,Mid-Market (51-200),Marketing,James Chen,Lead,,,,,,,0,FALSE
L-3523,4/27/2025,Cold Outreach,SMB (11-50),Marketing,Priya Patel,Demo Booked,4/29/2025,5/11/2025,12,,,,0,FALSE
L-3524,9/19/2025,LinkedIn,SMB (11-50),Logistics,Alex Thompson,Demo Booked,9/23/2025,10/7/2025,14,,,,0,FALSE
L-3525,11/13/2025,LinkedIn,SMB (11-50),SaaS,Alex Thompson,Lead,,,,,,,0,FALSE
L-3526,4/13/2025,LinkedIn,Mid-Market (51-200),E-commerce,Alex Thompson,Lead,,,,,,,0,FALSE
L-3527,8/18/2025,Paid Ads,SMB (11-50),FinTech,Tom Wilson,Lead,,,,,,,0,FALSE
L-3528,2/23/2026,LinkedIn,SMB (11-50),EdTech,James Chen,Lead,,,,,,,0,FALSE
L-3529,8/22/2025,Paid Ads,Startup (1-10),HR Tech,Alex Thompson,Lead,,,,,,,0,FALSE
L-3530,4/4/2025,Cold Outreach,Mid-Market (51-200),HR Tech,Tom Wilson,Lead,,,,,,,0,FALSE
L-3531,1/23/2026,Organic Search,Startup (1-10),EdTech,Priya Patel,Demo Booked,1/28/2026,2/1/2026,4,,,,0,FALSE
L-3532,11/30/2025,Organic Search,Mid-Market (51-200),Marketing,Maria Santos,Closed Lost,12/2/2025,12/5/2025,3,12/8/2025,12/15/2025,,0,FALSE
L-3533,6/12/2025,Paid Ads,Startup (1-10),HealthTech,Maria Santos,Demo Completed,6/17/2025,6/21/2025,4,6/23/2025,,,0,FALSE
L-3534,11/8/2025,Organic Search,Mid-Market (51-200),Marketing,Priya Patel,Demo Booked,11/10/2025,11/12/2025,2,,,,0,FALSE
L-3535,6/15/2025,Referral,Startup (1-10),EdTech,Tom Wilson,Closed Lost,6/20/2025,6/25/2025,5,6/28/2025,7/2/2025,,0,FALSE
L-3536,10/18/2025,Paid Ads,Mid-Market (51-200),EdTech,Maria Santos,Demo Completed,10/23/2025,10/27/2025,4,10/28/2025,,,0,FALSE
L-3537,8/7/2025,LinkedIn,Startup (1-10),HealthTech,Alex Thompson,Demo Completed,8/10/2025,8/19/2025,9,8/20/2025,,,0,FALSE
L-3538,10/27/2025,Paid Ads,Mid-Market (51-200),EdTech,James Chen,Closed Lost,10/31/2025,11/4/2025,4,11/7/2025,11/8/2025,,0,FALSE
L-3539,2/2/2026,Cold Outreach,SMB (11-50),HealthTech,James Chen,MQL,2/6/2026,,,,,,0,FALSE
L-3540,12/8/2025,LinkedIn,SMB (11-50),E-commerce,James Chen,Demo Booked,12/11/2025,12/17/2025,6,,,,0,FALSE
L-3541,11/15/2025,Cold Outreach,Startup (1-10),Logistics,Tom Wilson,MQL,11/20/2025,,,,,,0,FALSE
L-3542,2/23/2026,Paid Ads,SMB (11-50),FinTech,Priya Patel,MQL,2/24/2026,,,,,,0,FALSE
L-3543,7/14/2025,Paid Ads,SMB (11-50),HR Tech,Tom Wilson,Lead,,,,,,,0,FALSE
L-3544,7/10/2025,Referral,SMB (11-50),Marketing,Tom Wilson,Lead,,,,,,,0,FALSE
L-3545,7/19/2025,Paid Ads,SMB (11-50),EdTech,Priya Patel,MQL,7/22/2025,,,,,,0,FALSE
L-3546,2/12/2026,Referral,Startup (1-10),Marketing,Alex Thompson,Demo Completed,2/14/2026,2/15/2026,1,2/16/2026,,,0,FALSE
L-3547,5/13/2025,LinkedIn,Mid-Market (51-200),Marketing,James Chen,Demo Booked,5/18/2025,5/27/2025,9,,,,0,FALSE
L-3548,7/20/2025,Organic Search,Mid-Market (51-200),EdTech,Tom Wilson,MQL,7/22/2025,,,,,,0,FALSE
L-3549,4/3/2025,Paid Ads,Mid-Market (51-200),EdTech,Priya Patel,Lead,,,,,,,0,FALSE
L-3550,10/3/2025,LinkedIn,Startup (1-10),FinTech,Maria Santos,MQL,10/4/2025,,,,,,0,FALSE
L-3551,7/10/2025,Referral,SMB (11-50),Logistics,Priya Patel,MQL,7/15/2025,,,,,,0,FALSE
L-3552,8/14/2025,Paid Ads,Startup (1-10),Logistics,Alex Thompson,Lead,,,,,,,0,FALSE
L-3553,8/19/2025,Cold Outreach,Startup (1-10),HealthTech,Alex Thompson,Lead,,,,,,,0,FALSE
L-3554,6/23/2025,LinkedIn,Mid-Market (51-200),HR Tech,James Chen,MQL,6/25/2025,,,,,,0,FALSE
L-3555,9/15/2025,Referral,SMB (11-50),HealthTech,Tom Wilson,Demo Completed,9/18/2025,9/19/2025,1,9/22/2025,,,0,FALSE
L-3556,6/3/2025,Paid Ads,Enterprise (200+),Marketing,Tom Wilson,Lead,,,,,,,0,FALSE
L-3557,8/31/2025,Paid Ads,Startup (1-10),FinTech,Alex Thompson,Demo Completed,9/4/2025,9/16/2025,12,9/19/2025,,,0,FALSE
L-3558,9/16/2025,Organic Search,SMB (11-50),E-commerce,Alex Thompson,Closed Lost,9/19/2025,9/29/2025,10,10/2/2025,10/8/2025,,0,FALSE
L-3559,1/26/2026,Organic Search,Startup (1-10),Marketing,James Chen,Demo Completed,1/27/2026,1/29/2026,2,2/1/2026,,,0,FALSE
L-3560,9/21/2025,LinkedIn,Mid-Market (51-200),HealthTech,Alex Thompson,Demo Booked,9/23/2025,9/24/2025,1,,,,0,FALSE
L-3561,12/13/2025,LinkedIn,SMB (11-50),Marketing,Alex Thompson,MQL,12/14/2025,,,,,,0,FALSE
L-3562,1/9/2026,Paid Ads,Mid-Market (51-200),Marketing,Tom Wilson,MQL,1/10/2026,,,,,,0,FALSE
L-3563,8/26/2025,LinkedIn,Mid-Market (51-200),E-commerce,Alex Thompson,Demo Booked,8/29/2025,9/1/2025,3,,,,0,FALSE
L-3564,3/24/2026,Organic Search,SMB (11-50),EdTech,Tom Wilson,Lead,,,,,,,0,FALSE
L-3565,12/18/2025,Cold Outreach,SMB (11-50),EdTech,Tom Wilson,MQL,12/19/2025,,,,,,0,FALSE
L-3566,9/16/2025,LinkedIn,Mid-Market (51-200),HR Tech,Priya Patel,MQL,9/20/2025,,,,,,0,FALSE
L-3567,8/24/2025,Cold Outreach,Startup (1-10),E-commerce,Alex Thompson,Lead,,,,,,,0,FALSE
L-3568,8/26/2025,Paid Ads,Startup (1-10),HR Tech,James Chen,Lead,,,,,,,0,FALSE
L-3569,4/20/2025,LinkedIn,Startup (1-10),HR Tech,Tom Wilson,MQL,4/21/2025,,,,,,0,FALSE
L-3570,9/6/2025,LinkedIn,Enterprise (200+),Marketing,Tom Wilson,Demo Completed,9/10/2025,9/13/2025,3,9/15/2025,,,0,FALSE
L-3571,10/4/2025,Referral,SMB (11-50),E-commerce,Alex Thompson,MQL,10/7/2025,,,,,,0,FALSE
L-3572,8/13/2025,Cold Outreach,Mid-Market (51-200),Logistics,Priya Patel,Lead,,,,,,,0,FALSE
L-3573,6/18/2025,LinkedIn,SMB (11-50),HealthTech,James Chen,Demo Booked,6/22/2025,6/28/2025,6,,,,0,FALSE
L-3574,5/23/2025,Cold Outreach,Mid-Market (51-200),SaaS,Alex Thompson,Lead,,,,,,,0,FALSE
L-3575,8/23/2025,Cold Outreach,Mid-Market (51-200),FinTech,Alex Thompson,Lead,,,,,,,0,FALSE
L-3576,9/30/2025,Paid Ads,Startup (1-10),Marketing,Alex Thompson,Lead,,,,,,,0,FALSE
L-3577,6/2/2025,Paid Ads,Mid-Market (51-200),Logistics,James Chen,MQL,6/7/2025,,,,,,0,FALSE
L-3578,10/30/2025,Referral,Startup (1-10),HR Tech,Priya Patel,Closed Lost,11/4/2025,11/7/2025,3,11/7/2025,11/11/2025,,0,FALSE
L-3579,10/7/2025,Paid Ads,Startup (1-10),HR Tech,Maria Santos,Lead,,,,,,,0,FALSE
L-3580,2/15/2026,Referral,SMB (11-50),E-commerce,Maria Santos,Demo Booked,2/19/2026,2/21/2026,2,,,,0,FALSE
L-3581,3/9/2026,LinkedIn,SMB (11-50),SaaS,Maria Santos,Lead,,,,,,,0,FALSE
L-3582,5/16/2025,Paid Ads,SMB (11-50),EdTech,Maria Santos,MQL,5/19/2025,,,,,,0,FALSE
L-3583,10/7/2025,Organic Search,SMB (11-50),HealthTech,Maria Santos,Lead,,,,,,,0,FALSE
L-3584,4/17/2025,Paid Ads,Startup (1-10),Marketing,Maria Santos,Lead,,,,,,,0,FALSE
L-3585,1/18/2026,Paid Ads,Mid-Market (51-200),SaaS,James Chen,MQL,1/22/2026,,,,,,0,FALSE
L-3586,1/12/2026,Paid Ads,Startup (1-10),SaaS,Tom Wilson,Lead,,,,,,,0,FALSE
L-3587,12/29/2025,Organic Search,Enterprise (200+),HealthTech,Tom Wilson,Demo Booked,1/3/2026,1/7/2026,4,,,,0,FALSE
L-3588,6/9/2025,LinkedIn,SMB (11-50),SaaS,Alex Thompson,Lead,,,,,,,0,FALSE
L-3589,8/29/2025,Organic Search,Startup (1-10),HealthTech,James Chen,Demo Booked,9/2/2025,9/6/2025,4,,,,0,FALSE
L-3590,2/26/2026,Paid Ads,Mid-Market (51-200),Marketing,Priya Patel,Lead,,,,,,,0,FALSE
L-3591,11/9/2025,LinkedIn,Mid-Market (51-200),HR Tech,Tom Wilson,Demo Completed,11/13/2025,11/16/2025,3,11/19/2025,,,0,FALSE
L-3592,10/16/2025,LinkedIn,Startup (1-10),E-commerce,Alex Thompson,Demo Completed,10/17/2025,10/28/2025,11,10/30/2025,,,0,FALSE
L-3593,9/7/2025,LinkedIn,SMB (11-50),Logistics,Priya Patel,Lead,,,,,,,0,FALSE
L-3594,1/24/2026,Paid Ads,Startup (1-10),E-commerce,Priya Patel,Lead,,,,,,,0,FALSE
L-3595,1/27/2026,LinkedIn,Enterprise (200+),Logistics,Alex Thompson,MQL,1/31/2026,,,,,,0,FALSE
L-3596,7/3/2025,LinkedIn,Startup (1-10),HealthTech,Tom Wilson,Lead,,,,,,,0,FALSE
L-3597,8/15/2025,Organic Search,Mid-Market (51-200),SaaS,James Chen,Closed Lost,8/19/2025,8/20/2025,1,8/22/2025,8/26/2025,,0,FALSE
L-3598,3/28/2026,Paid Ads,SMB (11-50),HR Tech,Alex Thompson,Lead,,,,,,,0,FALSE
L-3599,8/14/2025,Organic Search,SMB (11-50),SaaS,Maria Santos,Lead,,,,,,,0,FALSE
L-3600,3/6/2026,Paid Ads,SMB (11-50),EdTech,Priya Patel,MQL,3/9/2026,,,,,,0,FALSE
L-3601,9/28/2025,Organic Search,SMB (11-50),FinTech,Maria Santos,MQL,9/30/2025,,,,,,0,FALSE
L-3602,2/22/2026,Referral,SMB (11-50),Logistics,Alex Thompson,Churned,2/27/2026,3/3/2026,4,3/6/2026,3/10/2026,3/25/2026,15595.63,TRUE
L-3603,8/7/2025,Paid Ads,Startup (1-10),Logistics,Priya Patel,MQL,8/8/2025,,,,,,0,FALSE
L-3604,5/18/2025,Paid Ads,Startup (1-10),HealthTech,Tom Wilson,Lead,,,,,,,0,FALSE
L-3605,10/27/2025,Organic Search,Mid-Market (51-200),FinTech,Alex Thompson,Demo Completed,10/28/2025,10/31/2025,3,11/2/2025,,,0,FALSE
L-3606,10/28/2025,Cold Outreach,Mid-Market (51-200),HR Tech,Priya Patel,Lead,,,,,,,0,FALSE
L-3607,6/5/2025,Paid Ads,Mid-Market (51-200),FinTech,Alex Thompson,Demo Booked,6/10/2025,6/15/2025,5,,,,0,FALSE
L-3608,4/20/2025,Organic Search,Enterprise (200+),HR Tech,Maria Santos,MQL,4/22/2025,,,,,,0,FALSE
L-3609,10/26/2025,Organic Search,SMB (11-50),Marketing,Tom Wilson,Closed Lost,10/31/2025,11/2/2025,2,11/5/2025,11/6/2025,,0,FALSE
L-3610,9/7/2025,Paid Ads,Enterprise (200+),SaaS,Maria Santos,Lead,,,,,,,0,FALSE
L-3611,7/23/2025,Paid Ads,SMB (11-50),EdTech,Maria Santos,Closed Lost,7/24/2025,7/26/2025,2,7/29/2025,8/5/2025,,0,FALSE
L-3612,6/19/2025,LinkedIn,Startup (1-10),HR Tech,James Chen,Demo Booked,6/21/2025,6/23/2025,2,,,,0,FALSE
L-3613,4/23/2025,Paid Ads,SMB (11-50),EdTech,Priya Patel,MQL,4/25/2025,,,,,,0,FALSE
L-3614,4/12/2025,Cold Outreach,Enterprise (200+),EdTech,Tom Wilson,Lead,,,,,,,0,FALSE
L-3615,6/16/2025,Paid Ads,SMB (11-50),EdTech,Alex Thompson,MQL,6/18/2025,,,,,,0,FALSE
L-3616,6/13/2025,Referral,SMB (11-50),HR Tech,Maria Santos,Closed Lost,6/16/2025,6/26/2025,10,6/29/2025,6/30/2025,,0,FALSE
L-3617,7/1/2025,Paid Ads,SMB (11-50),HealthTech,Maria Santos,Demo Completed,7/6/2025,7/18/2025,12,7/19/2025,,,0,FALSE
L-3618,4/9/2025,Organic Search,Mid-Market (51-200),SaaS,James Chen,Demo Booked,4/12/2025,4/26/2025,14,,,,0,FALSE
L-3619,11/13/2025,LinkedIn,SMB (11-50),HR Tech,Maria Santos,Closed Lost,11/15/2025,11/16/2025,1,11/17/2025,11/20/2025,,0,FALSE
L-3620,1/19/2026,Organic Search,SMB (11-50),EdTech,Maria Santos,Demo Completed,1/20/2026,1/30/2026,10,1/30/2026,,,0,FALSE
L-3621,10/18/2025,Paid Ads,SMB (11-50),SaaS,Alex Thompson,Lead,,,,,,,0,FALSE
L-3622,7/31/2025,LinkedIn,Startup (1-10),Logistics,James Chen,MQL,8/4/2025,,,,,,0,FALSE
L-3623,4/2/2025,Organic Search,SMB (11-50),HR Tech,Maria Santos,MQL,4/7/2025,,,,,,0,FALSE
L-3624,11/17/2025,Paid Ads,Mid-Market (51-200),Marketing,James Chen,Lead,,,,,,,0,FALSE
L-3625,4/6/2025,Paid Ads,Mid-Market (51-200),HealthTech,Priya Patel,Lead,,,,,,,0,FALSE
L-3626,9/22/2025,LinkedIn,SMB (11-50),HealthTech,James Chen,Lead,,,,,,,0,FALSE
L-3627,2/16/2026,LinkedIn,Startup (1-10),SaaS,James Chen,Lead,,,,,,,0,FALSE
L-3628,12/27/2025,LinkedIn,Startup (1-10),EdTech,Priya Patel,MQL,12/31/2025,,,,,,0,FALSE
L-3629,7/31/2025,Organic Search,SMB (11-50),HealthTech,Priya Patel,Lead,,,,,,,0,FALSE
L-3630,3/18/2026,LinkedIn,Startup (1-10),HealthTech,Maria Santos,MQL,3/21/2026,,,,,,0,FALSE
L-3631,2/28/2026,Organic Search,Mid-Market (51-200),SaaS,James Chen,Demo Completed,3/5/2026,3/14/2026,9,3/16/2026,,,0,FALSE
L-3632,6/16/2025,Paid Ads,SMB (11-50),Marketing,Alex Thompson,Lead,,,,,,,0,FALSE
L-3633,4/11/2025,Paid Ads,Startup (1-10),EdTech,Priya Patel,Lead,,,,,,,0,FALSE
L-3634,1/21/2026,LinkedIn,Enterprise (200+),EdTech,Maria Santos,MQL,1/23/2026,,,,,,0,FALSE
L-3635,6/15/2025,Organic Search,Enterprise (200+),EdTech,Priya Patel,Lead,,,,,,,0,FALSE
L-3636,4/14/2025,LinkedIn,SMB (11-50),E-commerce,Priya Patel,Lead,,,,,,,0,FALSE
L-3637,6/2/2025,Cold Outreach,Mid-Market (51-200),Logistics,Maria Santos,Lead,,,,,,,0,FALSE
L-3638,2/5/2026,Organic Search,Mid-Market (51-200),HealthTech,Maria Santos,Lead,,,,,,,0,FALSE
L-3639,2/27/2026,LinkedIn,SMB (11-50),FinTech,Tom Wilson,MQL,3/2/2026,,,,,,0,FALSE
L-3640,4/26/2025,Paid Ads,SMB (11-50),HR Tech,Maria Santos,Lead,,,,,,,0,FALSE
L-3641,12/27/2025,Cold Outreach,SMB (11-50),Logistics,James Chen,MQL,1/1/2026,,,,,,0,FALSE
L-3642,8/21/2025,LinkedIn,Mid-Market (51-200),FinTech,Maria Santos,Lead,,,,,,,0,FALSE
L-3643,5/24/2025,Organic Search,Mid-Market (51-200),E-commerce,Maria Santos,MQL,5/28/2025,,,,,,0,FALSE
L-3644,11/9/2025,LinkedIn,SMB (11-50),Logistics,Alex Thompson,Demo Completed,11/13/2025,11/16/2025,3,11/16/2025,,,0,FALSE
L-3645,7/14/2025,LinkedIn,Startup (1-10),EdTech,Maria Santos,MQL,7/16/2025,,,,,,0,FALSE
L-3646,12/28/2025,LinkedIn,SMB (11-50),HR Tech,Alex Thompson,Lead,,,,,,,0,FALSE
L-3647,9/30/2025,Referral,SMB (11-50),FinTech,Priya Patel,MQL,10/4/2025,,,,,,0,FALSE
L-3648,7/6/2025,LinkedIn,Mid-Market (51-200),Logistics,Priya Patel,MQL,7/7/2025,,,,,,0,FALSE
L-3649,12/17/2025,LinkedIn,SMB (11-50),HR Tech,Alex Thompson,Demo Completed,12/20/2025,12/30/2025,10,1/1/2026,,,0,FALSE
L-3650,2/4/2026,Paid Ads,SMB (11-50),EdTech,Priya Patel,Lead,,,,,,,0,FALSE
L-3651,4/19/2025,Organic Search,Startup (1-10),EdTech,James Chen,Lead,,,,,,,0,FALSE
L-3652,11/5/2025,Referral,Startup (1-10),Logistics,Alex Thompson,Closed Lost,11/6/2025,11/10/2025,4,11/11/2025,11/13/2025,,0,FALSE
L-3653,7/20/2025,Paid Ads,Startup (1-10),HR Tech,Tom Wilson,MQL,7/24/2025,,,,,,0,FALSE
L-3654,7/28/2025,Organic Search,Mid-Market (51-200),HR Tech,Alex Thompson,Closed Won,7/31/2025,8/2/2025,2,8/5/2025,8/10/2025,8/22/2025,34755.92,FALSE
L-3655,6/2/2025,LinkedIn,SMB (11-50),Marketing,Alex Thompson,MQL,6/7/2025,,,,,,0,FALSE
L-3656,11/12/2025,LinkedIn,Startup (1-10),SaaS,Maria Santos,Closed Lost,11/17/2025,11/18/2025,1,11/21/2025,11/28/2025,,0,FALSE
L-3657,12/4/2025,Paid Ads,SMB (11-50),HR Tech,Priya Patel,Lead,,,,,,,0,FALSE
L-3658,6/4/2025,Organic Search,SMB (11-50),SaaS,Maria Santos,Lead,,,,,,,0,FALSE
L-3659,8/5/2025,Paid Ads,Mid-Market (51-200),SaaS,Alex Thompson,Demo Booked,8/6/2025,8/9/2025,3,,,,0,FALSE
L-3660,2/11/2026,Paid Ads,Enterprise (200+),E-commerce,Maria Santos,MQL,2/12/2026,,,,,,0,FALSE
L-3661,2/24/2026,Paid Ads,SMB (11-50),EdTech,Priya Patel,Demo Completed,2/28/2026,3/3/2026,3,3/6/2026,,,0,FALSE
L-3662,4/9/2025,LinkedIn,Enterprise (200+),EdTech,Alex Thompson,Closed Lost,4/12/2025,4/21/2025,9,4/21/2025,4/23/2025,,0,FALSE
L-3663,7/8/2025,LinkedIn,SMB (11-50),Marketing,Tom Wilson,Demo Booked,7/13/2025,7/19/2025,6,,,,0,FALSE
L-3664,2/13/2026,Organic Search,Mid-Market (51-200),Logistics,Tom Wilson,MQL,2/15/2026,,,,,,0,FALSE
L-3665,11/16/2025,LinkedIn,Mid-Market (51-200),SaaS,Alex Thompson,Lead,,,,,,,0,FALSE
L-3666,5/16/2025,Paid Ads,SMB (11-50),HealthTech,Maria Santos,Demo Completed,5/20/2025,5/22/2025,2,5/22/2025,,,0,FALSE
L-3667,7/5/2025,LinkedIn,Startup (1-10),E-commerce,Priya Patel,MQL,7/8/2025,,,,,,0,FALSE
L-3668,6/3/2025,Paid Ads,Enterprise (200+),FinTech,James Chen,Lead,,,,,,,0,FALSE
L-3669,3/30/2026,Paid Ads,Startup (1-10),Logistics,Tom Wilson,Lead,,,,,,,0,FALSE
L-3670,12/7/2025,Paid Ads,Startup (1-10),Marketing,Maria Santos,Lead,,,,,,,0,FALSE
L-3671,8/20/2025,Paid Ads,SMB (11-50),Marketing,James Chen,MQL,8/21/2025,,,,,,0,FALSE
L-3672,3/17/2026,LinkedIn,Enterprise (200+),Marketing,Priya Patel,Demo Booked,3/18/2026,3/20/2026,2,,,,0,FALSE
L-3673,10/18/2025,Paid Ads,SMB (11-50),EdTech,Maria Santos,Demo Completed,10/20/2025,10/21/2025,1,10/23/2025,,,0,FALSE
L-3674,4/22/2025,Organic Search,SMB (11-50),Logistics,Tom Wilson,Lead,,,,,,,0,FALSE
L-3675,9/19/2025,Paid Ads,Startup (1-10),HealthTech,Tom Wilson,Demo Booked,9/21/2025,9/23/2025,2,,,,0,FALSE
L-3676,11/7/2025,Paid Ads,SMB (11-50),HealthTech,Alex Thompson,Lead,,,,,,,0,FALSE
L-3677,5/21/2025,LinkedIn,SMB (11-50),HR Tech,Tom Wilson,Lead,,,,,,,0,FALSE
L-3678,6/30/2025,LinkedIn,SMB (11-50),FinTech,Alex Thompson,Lead,,,,,,,0,FALSE
L-3679,5/30/2025,Paid Ads,Startup (1-10),HealthTech,Tom Wilson,Lead,,,,,,,0,FALSE
L-3680,5/28/2025,Paid Ads,Startup (1-10),Marketing,Tom Wilson,Demo Booked,5/31/2025,6/8/2025,8,,,,0,FALSE
L-3681,6/1/2025,Referral,SMB (11-50),SaaS,Tom Wilson,Closed Lost,6/3/2025,6/8/2025,5,6/8/2025,6/11/2025,,0,FALSE
L-3682,11/10/2025,Paid Ads,SMB (11-50),Marketing,Alex Thompson,MQL,11/15/2025,,,,,,0,FALSE
L-3683,5/8/2025,Organic Search,SMB (11-50),Marketing,Tom Wilson,Lead,,,,,,,0,FALSE
L-3684,3/5/2026,Paid Ads,Startup (1-10),HealthTech,James Chen,MQL,3/8/2026,,,,,,0,FALSE
L-3685,3/22/2026,Cold Outreach,Enterprise (200+),Marketing,Alex Thompson,Lead,,,,,,,0,FALSE
L-3686,6/16/2025,Paid Ads,Enterprise (200+),EdTech,James Chen,Lead,,,,,,,0,FALSE
L-3687,7/7/2025,Organic Search,Startup (1-10),HealthTech,Maria Santos,MQL,7/10/2025,,,,,,0,FALSE
L-3688,8/27/2025,Paid Ads,SMB (11-50),E-commerce,James Chen,MQL,8/30/2025,,,,,,0,FALSE
L-3689,10/20/2025,Cold Outreach,Mid-Market (51-200),E-commerce,Alex Thompson,MQL,10/24/2025,,,,,,0,FALSE
L-3690,6/11/2025,Paid Ads,Startup (1-10),E-commerce,Maria Santos,Demo Booked,6/14/2025,6/26/2025,12,,,,0,FALSE
L-3691,7/11/2025,Organic Search,Startup (1-10),E-commerce,Tom Wilson,Lead,,,,,,,0,FALSE
L-3692,3/29/2026,Referral,Mid-Market (51-200),HR Tech,Priya Patel,Demo Completed,4/2/2026,4/14/2026,12,4/17/2026,,,0,FALSE
L-3693,8/2/2025,Paid Ads,Startup (1-10),FinTech,Maria Santos,Lead,,,,,,,0,FALSE
L-3694,4/10/2025,Referral,Enterprise (200+),EdTech,Maria Santos,MQL,4/15/2025,,,,,,0,FALSE
L-3695,6/10/2025,Organic Search,Enterprise (200+),Marketing,Priya Patel,Demo Booked,6/12/2025,6/15/2025,3,,,,0,FALSE
L-3696,7/1/2025,Cold Outreach,SMB (11-50),SaaS,Tom Wilson,Lead,,,,,,,0,FALSE
L-3697,1/8/2026,LinkedIn,Mid-Market (51-200),SaaS,Tom Wilson,Demo Booked,1/10/2026,1/11/2026,1,,,,0,FALSE
L-3698,11/22/2025,Organic Search,Enterprise (200+),SaaS,James Chen,Closed Lost,11/26/2025,11/30/2025,4,12/1/2025,12/5/2025,,0,FALSE
L-3699,7/30/2025,Paid Ads,SMB (11-50),EdTech,Tom Wilson,MQL,7/31/2025,,,,,,0,FALSE
L-3700,9/11/2025,Referral,SMB (11-50),HealthTech,James Chen,MQL,9/15/2025,,,,,,0,FALSE
L-3701,12/2/2025,Paid Ads,Mid-Market (51-200),FinTech,Priya Patel,MQL,12/7/2025,,,,,,0,FALSE
L-3702,2/7/2026,LinkedIn,Startup (1-10),Marketing,Tom Wilson,Lead,,,,,,,0,FALSE
L-3703,10/11/2025,Cold Outreach,Startup (1-10),EdTech,Priya Patel,Lead,,,,,,,0,FALSE
L-3704,1/5/2026,LinkedIn,SMB (11-50),HealthTech,James Chen,Lead,,,,,,,0,FALSE
L-3705,2/7/2026,LinkedIn,Enterprise (200+),EdTech,Maria Santos,Lead,,,,,,,0,FALSE
L-3706,6/27/2025,Paid Ads,Startup (1-10),EdTech,Alex Thompson,MQL,6/30/2025,,,,,,0,FALSE
L-3707,9/15/2025,Paid Ads,Startup (1-10),SaaS,Maria Santos,Lead,,,,,,,0,FALSE
L-3708,3/4/2026,Organic Search,Startup (1-10),Logistics,James Chen,Lead,,,,,,,0,FALSE
L-3709,1/31/2026,Paid Ads,Mid-Market (51-200),HealthTech,Maria Santos,Demo Booked,2/3/2026,2/5/2026,2,,,,0,FALSE
L-3710,8/7/2025,LinkedIn,Startup (1-10),EdTech,Maria Santos,MQL,8/9/2025,,,,,,0,FALSE
L-3711,6/8/2025,Cold Outreach,Startup (1-10),SaaS,Alex Thompson,Lead,,,,,,,0,FALSE
L-3712,3/30/2026,LinkedIn,Mid-Market (51-200),HR Tech,Maria Santos,Closed Won,4/1/2026,4/2/2026,1,4/3/2026,4/10/2026,5/1/2026,40251.71,FALSE
L-3713,6/22/2025,Paid Ads,Startup (1-10),HealthTech,Maria Santos,MQL,6/25/2025,,,,,,0,FALSE
L-3714,5/7/2025,Organic Search,Mid-Market (51-200),HR Tech,James Chen,MQL,5/12/2025,,,,,,0,FALSE
L-3715,12/30/2025,Paid Ads,Enterprise (200+),HealthTech,Maria Santos,MQL,1/1/2026,,,,,,0,FALSE
L-3716,8/11/2025,Paid Ads,SMB (11-50),EdTech,Tom Wilson,Lead,,,,,,,0,FALSE
L-3717,4/10/2025,Paid Ads,Startup (1-10),HealthTech,Tom Wilson,Demo Booked,4/14/2025,4/20/2025,6,,,,0,FALSE
L-3718,3/28/2026,Paid Ads,SMB (11-50),Marketing,Maria Santos,Demo Booked,4/2/2026,4/3/2026,1,,,,0,FALSE
L-3719,11/15/2025,Paid Ads,Mid-Market (51-200),HR Tech,Tom Wilson,Closed Lost,11/17/2025,11/18/2025,1,11/18/2025,11/20/2025,,0,FALSE
L-3720,7/19/2025,Paid Ads,Mid-Market (51-200),HR Tech,Alex Thompson,Lead,,,,,,,0,FALSE
L-3721,10/2/2025,Paid Ads,Startup (1-10),FinTech,Priya Patel,MQL,10/3/2025,,,,,,0,FALSE
L-3722,2/17/2026,Paid Ads,SMB (11-50),HealthTech,Maria Santos,Demo Booked,2/19/2026,2/22/2026,3,,,,0,FALSE
L-3723,3/17/2026,Organic Search,Startup (1-10),HR Tech,James Chen,Lead,,,,,,,0,FALSE
L-3724,3/21/2026,Referral,SMB (11-50),EdTech,Priya Patel,Demo Completed,3/22/2026,4/4/2026,13,4/7/2026,,,0,FALSE
L-3725,11/30/2025,Cold Outreach,Mid-Market (51-200),HR Tech,Priya Patel,Lead,,,,,,,0,FALSE
L-3726,12/2/2025,Cold Outreach,Mid-Market (51-200),SaaS,Tom Wilson,Lead,,,,,,,0,FALSE
L-3727,1/19/2026,Paid Ads,Mid-Market (51-200),HealthTech,Tom Wilson,MQL,1/23/2026,,,,,,0,FALSE
L-3728,4/20/2025,LinkedIn,Startup (1-10),HR Tech,James Chen,MQL,4/21/2025,,,,,,0,FALSE
L-3729,5/14/2025,Paid Ads,Mid-Market (51-200),Logistics,Tom Wilson,Lead,,,,,,,0,FALSE
L-3730,5/29/2025,LinkedIn,Mid-Market (51-200),SaaS,Alex Thompson,MQL,5/30/2025,,,,,,0,FALSE
L-3731,8/5/2025,Cold Outreach,Mid-Market (51-200),Marketing,Maria Santos,Lead,,,,,,,0,FALSE
L-3732,12/18/2025,LinkedIn,SMB (11-50),HR Tech,Alex Thompson,MQL,12/20/2025,,,,,,0,FALSE
L-3733,3/5/2026,Paid Ads,Enterprise (200+),EdTech,James Chen,Demo Booked,3/7/2026,3/16/2026,9,,,,0,FALSE
L-3734,4/16/2025,Organic Search,SMB (11-50),EdTech,Alex Thompson,Lead,,,,,,,0,FALSE
L-3735,4/5/2025,Paid Ads,SMB (11-50),Logistics,Priya Patel,MQL,4/6/2025,,,,,,0,FALSE
L-3736,11/21/2025,Cold Outreach,Startup (1-10),EdTech,James Chen,Lead,,,,,,,0,FALSE
L-3737,3/16/2026,Paid Ads,Startup (1-10),EdTech,Alex Thompson,Lead,,,,,,,0,FALSE
L-3738,8/23/2025,LinkedIn,Mid-Market (51-200),EdTech,Alex Thompson,Lead,,,,,,,0,FALSE
L-3739,11/26/2025,LinkedIn,SMB (11-50),Logistics,Priya Patel,MQL,12/1/2025,,,,,,0,FALSE
L-3740,5/25/2025,Organic Search,Mid-Market (51-200),E-commerce,James Chen,Lead,,,,,,,0,FALSE
L-3741,8/20/2025,Paid Ads,Startup (1-10),E-commerce,Maria Santos,Demo Completed,8/25/2025,8/31/2025,6,8/31/2025,,,0,FALSE
L-3742,5/19/2025,Organic Search,SMB (11-50),FinTech,Alex Thompson,Lead,,,,,,,0,FALSE
L-3743,11/5/2025,Paid Ads,Mid-Market (51-200),Marketing,Tom Wilson,MQL,11/6/2025,,,,,,0,FALSE
L-3744,8/28/2025,Paid Ads,Startup (1-10),Logistics,James Chen,Demo Completed,9/1/2025,9/4/2025,3,9/4/2025,,,0,FALSE
L-3745,7/28/2025,Cold Outreach,SMB (11-50),HR Tech,Maria Santos,MQL,7/31/2025,,,,,,0,FALSE
L-3746,4/15/2025,Paid Ads,Startup (1-10),Marketing,James Chen,Demo Completed,4/17/2025,4/28/2025,11,5/1/2025,,,0,FALSE
L-3747,2/22/2026,Paid Ads,Mid-Market (51-200),FinTech,James Chen,Lead,,,,,,,0,FALSE
L-3748,11/13/2025,Paid Ads,Enterprise (200+),HealthTech,Priya Patel,MQL,11/18/2025,,,,,,0,FALSE
L-3749,11/26/2025,Organic Search,Startup (1-10),E-commerce,Alex Thompson,Closed Won,12/1/2025,12/3/2025,2,12/5/2025,12/7/2025,12/22/2025,5720.38,FALSE
L-3750,11/24/2025,LinkedIn,Startup (1-10),HealthTech,James Chen,MQL,11/25/2025,,,,,,0,FALSE
L-3751,11/22/2025,Organic Search,Startup (1-10),Marketing,James Chen,Demo Booked,11/24/2025,11/28/2025,4,,,,0,FALSE
L-3752,10/12/2025,LinkedIn,Mid-Market (51-200),EdTech,James Chen,MQL,10/13/2025,,,,,,0,FALSE
L-3753,8/11/2025,Referral,Startup (1-10),HealthTech,Alex Thompson,Closed Lost,8/12/2025,8/13/2025,1,8/13/2025,8/17/2025,,0,FALSE
L-3754,6/30/2025,Paid Ads,Mid-Market (51-200),EdTech,James Chen,Demo Booked,7/3/2025,7/15/2025,12,,,,0,FALSE
L-3755,8/14/2025,LinkedIn,SMB (11-50),SaaS,Tom Wilson,Lead,,,,,,,0,FALSE
L-3756,5/26/2025,Paid Ads,SMB (11-50),HealthTech,Priya Patel,Lead,,,,,,,0,FALSE
L-3757,6/12/2025,Paid Ads,Mid-Market (51-200),Marketing,Alex Thompson,MQL,6/13/2025,,,,,,0,FALSE
L-3758,9/10/2025,LinkedIn,SMB (11-50),SaaS,Priya Patel,Demo Completed,9/12/2025,9/14/2025,2,9/16/2025,,,0,FALSE
L-3759,7/3/2025,Organic Search,Mid-Market (51-200),Marketing,Maria Santos,Lead,,,,,,,0,FALSE
L-3760,7/27/2025,Paid Ads,SMB (11-50),EdTech,Tom Wilson,Lead,,,,,,,0,FALSE
L-3761,12/17/2025,Organic Search,Mid-Market (51-200),EdTech,James Chen,Closed Lost,12/20/2025,12/24/2025,4,12/24/2025,12/30/2025,,0,FALSE
L-3762,10/1/2025,LinkedIn,SMB (11-50),Marketing,James Chen,Demo Booked,10/5/2025,10/9/2025,4,,,,0,FALSE
L-3763,9/4/2025,Organic Search,Startup (1-10),SaaS,Maria Santos,Demo Booked,9/5/2025,9/6/2025,1,,,,0,FALSE
L-3764,3/10/2026,Cold Outreach,SMB (11-50),Logistics,James Chen,Lead,,,,,,,0,FALSE
L-3765,1/29/2026,LinkedIn,Mid-Market (51-200),HR Tech,Priya Patel,Closed Lost,2/3/2026,2/6/2026,3,2/6/2026,2/13/2026,,0,FALSE
L-3766,7/11/2025,Organic Search,Mid-Market (51-200),Marketing,Alex Thompson,Demo Booked,7/12/2025,7/16/2025,4,,,,0,FALSE
L-3767,11/26/2025,LinkedIn,Mid-Market (51-200),E-commerce,Alex Thompson,Demo Booked,12/1/2025,12/11/2025,10,,,,0,FALSE
L-3768,3/18/2026,Paid Ads,SMB (11-50),SaaS,Maria Santos,Closed Lost,3/19/2026,3/24/2026,5,3/26/2026,4/1/2026,,0,FALSE
L-3769,11/22/2025,Cold Outreach,Startup (1-10),Marketing,James Chen,Lead,,,,,,,0,FALSE
L-3770,5/17/2025,Organic Search,Mid-Market (51-200),SaaS,Priya Patel,Lead,,,,,,,0,FALSE
L-3771,9/20/2025,Organic Search,Enterprise (200+),Logistics,Alex Thompson,Lead,,,,,,,0,FALSE
L-3772,9/29/2025,Paid Ads,Mid-Market (51-200),EdTech,Tom Wilson,Lead,,,,,,,0,FALSE
L-3773,7/8/2025,LinkedIn,Mid-Market (51-200),E-commerce,Priya Patel,Lead,,,,,,,0,FALSE
L-3774,5/25/2025,Organic Search,Mid-Market (51-200),E-commerce,Priya Patel,MQL,5/27/2025,,,,,,0,FALSE
L-3775,7/19/2025,Cold Outreach,Startup (1-10),FinTech,James Chen,Lead,,,,,,,0,FALSE
L-3776,10/16/2025,Paid Ads,Mid-Market (51-200),E-commerce,Priya Patel,MQL,10/20/2025,,,,,,0,FALSE
L-3777,8/21/2025,Paid Ads,Startup (1-10),Marketing,Maria Santos,Lead,,,,,,,0,FALSE
L-3778,6/23/2025,Organic Search,Mid-Market (51-200),HealthTech,Maria Santos,Demo Booked,6/25/2025,6/26/2025,1,,,,0,FALSE
L-3779,12/1/2025,LinkedIn,Mid-Market (51-200),E-commerce,Maria Santos,Lead,,,,,,,0,FALSE
L-3780,12/26/2025,Paid Ads,Mid-Market (51-200),EdTech,James Chen,Lead,,,,,,,0,FALSE
L-3781,12/3/2025,Cold Outreach,SMB (11-50),Logistics,Priya Patel,Lead,,,,,,,0,FALSE
L-3782,7/21/2025,Paid Ads,Mid-Market (51-200),EdTech,Alex Thompson,Lead,,,,,,,0,FALSE
L-3783,6/8/2025,Paid Ads,Mid-Market (51-200),HR Tech,James Chen,Lead,,,,,,,0,FALSE
L-3784,7/5/2025,Organic Search,Startup (1-10),Logistics,Tom Wilson,Closed Lost,7/8/2025,7/9/2025,1,7/10/2025,7/12/2025,,0,FALSE
L-3785,3/8/2026,Referral,Enterprise (200+),Logistics,Tom Wilson,Closed Won,3/11/2026,3/15/2026,4,3/16/2026,3/17/2026,3/24/2026,88342.68,FALSE
L-3786,10/3/2025,Paid Ads,SMB (11-50),FinTech,Tom Wilson,Demo Booked,10/8/2025,10/10/2025,2,,,,0,FALSE
L-3787,8/19/2025,Paid Ads,Enterprise (200+),HR Tech,James Chen,Lead,,,,,,,0,FALSE
L-3788,3/17/2026,LinkedIn,SMB (11-50),FinTech,James Chen,Lead,,,,,,,0,FALSE
L-3789,6/16/2025,Referral,Enterprise (200+),FinTech,Tom Wilson,Closed Lost,6/17/2025,6/18/2025,1,6/21/2025,6/23/2025,,0,FALSE
L-3790,7/2/2025,Paid Ads,SMB (11-50),Marketing,Alex Thompson,MQL,7/5/2025,,,,,,0,FALSE
L-3791,9/15/2025,LinkedIn,Startup (1-10),SaaS,Maria Santos,Lead,,,,,,,0,FALSE
L-3792,5/29/2025,Cold Outreach,Enterprise (200+),HR Tech,Alex Thompson,Lead,,,,,,,0,FALSE
L-3793,7/10/2025,Organic Search,Mid-Market (51-200),SaaS,James Chen,Demo Booked,7/15/2025,7/26/2025,11,,,,0,FALSE
L-3794,6/26/2025,Paid Ads,Startup (1-10),EdTech,Maria Santos,Lead,,,,,,,0,FALSE
L-3795,4/25/2025,LinkedIn,Startup (1-10),SaaS,Maria Santos,Demo Completed,4/30/2025,5/13/2025,13,5/15/2025,,,0,FALSE
L-3796,5/20/2025,Paid Ads,Enterprise (200+),EdTech,Tom Wilson,Demo Completed,5/21/2025,5/28/2025,7,5/30/2025,,,0,FALSE
L-3797,5/24/2025,Paid Ads,Startup (1-10),Logistics,Alex Thompson,Demo Booked,5/25/2025,5/27/2025,2,,,,0,FALSE
L-3798,3/16/2026,Paid Ads,SMB (11-50),EdTech,Maria Santos,Lead,,,,,,,0,FALSE
L-3799,10/15/2025,Paid Ads,SMB (11-50),HealthTech,Priya Patel,MQL,10/17/2025,,,,,,0,FALSE
L-3800,11/4/2025,Referral,Startup (1-10),Marketing,Maria Santos,Closed Lost,11/8/2025,11/9/2025,1,11/12/2025,11/18/2025,,0,FALSE
L-3801,9/9/2025,Cold Outreach,Enterprise (200+),EdTech,Tom Wilson,Lead,,,,,,,0,FALSE
L-3802,10/20/2025,Referral,Enterprise (200+),HealthTech,Maria Santos,Closed Won,10/24/2025,10/26/2025,2,10/29/2025,11/4/2025,11/28/2025,92002.81,FALSE
L-3803,1/20/2026,Organic Search,Startup (1-10),E-commerce,Alex Thompson,Demo Completed,1/21/2026,1/31/2026,10,2/1/2026,,,0,FALSE
L-3804,4/8/2025,Paid Ads,Startup (1-10),HR Tech,Tom Wilson,Demo Completed,4/9/2025,4/13/2025,4,4/16/2025,,,0,FALSE
L-3805,6/11/2025,LinkedIn,Startup (1-10),Logistics,Tom Wilson,Lead,,,,,,,0,FALSE
L-3806,11/27/2025,LinkedIn,Mid-Market (51-200),SaaS,James Chen,Lead,,,,,,,0,FALSE
L-3807,10/4/2025,Cold Outreach,Mid-Market (51-200),HealthTech,James Chen,Lead,,,,,,,0,FALSE
L-3808,8/6/2025,Organic Search,Startup (1-10),HealthTech,James Chen,MQL,8/11/2025,,,,,,0,FALSE
L-3809,5/29/2025,Organic Search,SMB (11-50),EdTech,Tom Wilson,MQL,5/31/2025,,,,,,0,FALSE
L-3810,4/4/2025,Paid Ads,Mid-Market (51-200),Logistics,Maria Santos,Lead,,,,,,,0,FALSE
L-3811,1/1/2026,LinkedIn,Mid-Market (51-200),EdTech,Priya Patel,Demo Booked,1/6/2026,1/8/2026,2,,,,0,FALSE
L-3812,9/21/2025,Paid Ads,Enterprise (200+),SaaS,Priya Patel,Lead,,,,,,,0,FALSE
L-3813,8/15/2025,Paid Ads,SMB (11-50),Logistics,Tom Wilson,Lead,,,,,,,0,FALSE
L-3814,4/15/2025,Referral,Enterprise (200+),HR Tech,Priya Patel,Demo Completed,4/16/2025,4/17/2025,1,4/19/2025,,,0,FALSE
L-3815,1/28/2026,Paid Ads,SMB (11-50),FinTech,Alex Thompson,MQL,2/1/2026,,,,,,0,FALSE
L-3816,11/11/2025,Cold Outreach,Startup (1-10),Logistics,Tom Wilson,Demo Completed,11/15/2025,11/19/2025,4,11/21/2025,,,0,FALSE
L-3817,8/9/2025,LinkedIn,Mid-Market (51-200),FinTech,Alex Thompson,Lead,,,,,,,0,FALSE
L-3818,6/16/2025,LinkedIn,SMB (11-50),HealthTech,Tom Wilson,MQL,6/21/2025,,,,,,0,FALSE
L-3819,10/3/2025,Paid Ads,Startup (1-10),HR Tech,Tom Wilson,Lead,,,,,,,0,FALSE
L-3820,11/1/2025,Referral,Startup (1-10),HR Tech,James Chen,Demo Completed,11/4/2025,11/10/2025,6,11/11/2025,,,0,FALSE
L-3821,9/8/2025,Organic Search,Mid-Market (51-200),E-commerce,Maria Santos,Closed Lost,9/9/2025,9/17/2025,8,9/17/2025,9/20/2025,,0,FALSE
L-3822,12/4/2025,Paid Ads,Mid-Market (51-200),Logistics,Priya Patel,Demo Completed,12/7/2025,12/11/2025,4,12/14/2025,,,0,FALSE
L-3823,3/18/2026,LinkedIn,SMB (11-50),HealthTech,Priya Patel,Lead,,,,,,,0,FALSE
L-3824,3/8/2026,Paid Ads,SMB (11-50),Logistics,Priya Patel,Lead,,,,,,,0,FALSE
L-3825,11/8/2025,LinkedIn,SMB (11-50),EdTech,Priya Patel,Demo Completed,11/11/2025,11/15/2025,4,11/17/2025,,,0,FALSE
L-3826,7/4/2025,Paid Ads,SMB (11-50),EdTech,Alex Thompson,Demo Completed,7/7/2025,7/11/2025,4,7/14/2025,,,0,FALSE
L-3827,6/25/2025,Organic Search,Startup (1-10),Marketing,James Chen,MQL,6/26/2025,,,,,,0,FALSE
L-3828,6/27/2025,Organic Search,Mid-Market (51-200),Logistics,Tom Wilson,Closed Lost,7/2/2025,7/4/2025,2,7/4/2025,7/11/2025,,0,FALSE
L-3829,1/25/2026,Paid Ads,Mid-Market (51-200),Logistics,James Chen,MQL,1/27/2026,,,,,,0,FALSE
L-3830,1/4/2026,Paid Ads,Startup (1-10),SaaS,Maria Santos,Lead,,,,,,,0,FALSE
L-3831,4/11/2025,Cold Outreach,Mid-Market (51-200),SaaS,James Chen,Lead,,,,,,,0,FALSE
L-3832,10/23/2025,Paid Ads,Startup (1-10),Marketing,Maria Santos,MQL,10/28/2025,,,,,,0,FALSE
L-3833,3/23/2026,Paid Ads,SMB (11-50),EdTech,James Chen,MQL,3/25/2026,,,,,,0,FALSE
L-3834,2/6/2026,Paid Ads,Startup (1-10),SaaS,Priya Patel,Demo Completed,2/9/2026,2/11/2026,2,2/12/2026,,,0,FALSE
L-3835,9/26/2025,Organic Search,Enterprise (200+),SaaS,Alex Thompson,Lead,,,,,,,0,FALSE
L-3836,3/3/2026,Cold Outreach,Enterprise (200+),Logistics,James Chen,Lead,,,,,,,0,FALSE
L-3837,11/10/2025,LinkedIn,SMB (11-50),EdTech,Tom Wilson,Demo Completed,11/11/2025,11/21/2025,10,11/21/2025,,,0,FALSE
L-3838,6/6/2025,Referral,Mid-Market (51-200),HealthTech,Priya Patel,MQL,6/10/2025,,,,,,0,FALSE
L-3839,7/10/2025,Paid Ads,SMB (11-50),E-commerce,Tom Wilson,Demo Booked,7/15/2025,7/28/2025,13,,,,0,FALSE
L-3840,12/3/2025,Organic Search,SMB (11-50),SaaS,Priya Patel,MQL,12/8/2025,,,,,,0,FALSE
L-3841,3/2/2026,Paid Ads,Mid-Market (51-200),FinTech,James Chen,Lead,,,,,,,0,FALSE
L-3842,4/30/2025,LinkedIn,SMB (11-50),HealthTech,Tom Wilson,Lead,,,,,,,0,FALSE
L-3843,7/6/2025,Cold Outreach,SMB (11-50),E-commerce,Maria Santos,Lead,,,,,,,0,FALSE
L-3844,10/5/2025,Referral,Startup (1-10),E-commerce,Maria Santos,Demo Completed,10/10/2025,10/20/2025,10,10/22/2025,,,0,FALSE
L-3845,4/19/2025,LinkedIn,SMB (11-50),E-commerce,James Chen,Demo Booked,4/22/2025,4/30/2025,8,,,,0,FALSE
L-3846,6/7/2025,Organic Search,SMB (11-50),Marketing,James Chen,Closed Lost,6/10/2025,6/11/2025,1,6/14/2025,6/21/2025,,0,FALSE
L-3847,5/2/2025,Organic Search,Startup (1-10),Marketing,James Chen,Demo Completed,5/5/2025,5/7/2025,2,5/7/2025,,,0,FALSE
L-3848,12/20/2025,LinkedIn,Startup (1-10),SaaS,James Chen,MQL,12/25/2025,,,,,,0,FALSE
L-3849,6/11/2025,Cold Outreach,SMB (11-50),HR Tech,Maria Santos,Demo Booked,6/12/2025,6/14/2025,2,,,,0,FALSE
L-3850,3/13/2026,Organic Search,Startup (1-10),E-commerce,James Chen,MQL,3/15/2026,,,,,,0,FALSE
L-3851,12/7/2025,Paid Ads,Mid-Market (51-200),HR Tech,James Chen,Demo Completed,12/10/2025,12/14/2025,4,12/17/2025,,,0,FALSE
L-3852,11/26/2025,Paid Ads,SMB (11-50),HealthTech,Alex Thompson,Lead,,,,,,,0,FALSE
L-3853,9/21/2025,Paid Ads,SMB (11-50),Logistics,Maria Santos,Lead,,,,,,,0,FALSE
L-3854,8/15/2025,Paid Ads,Startup (1-10),E-commerce,Tom Wilson,MQL,8/16/2025,,,,,,0,FALSE
L-3855,8/9/2025,Cold Outreach,SMB (11-50),HealthTech,James Chen,Lead,,,,,,,0,FALSE
L-3856,6/20/2025,Paid Ads,Startup (1-10),FinTech,Priya Patel,MQL,6/25/2025,,,,,,0,FALSE
L-3857,11/15/2025,Referral,SMB (11-50),E-commerce,Alex Thompson,Closed Lost,11/17/2025,11/24/2025,7,11/24/2025,11/25/2025,,0,FALSE
L-3858,8/3/2025,Paid Ads,Enterprise (200+),EdTech,Tom Wilson,Lead,,,,,,,0,FALSE
L-3859,7/2/2025,LinkedIn,SMB (11-50),HealthTech,Alex Thompson,Demo Booked,7/3/2025,7/5/2025,2,,,,0,FALSE
L-3860,5/16/2025,Organic Search,Mid-Market (51-200),EdTech,Tom Wilson,MQL,5/19/2025,,,,,,0,FALSE
L-3861,8/15/2025,Paid Ads,Startup (1-10),SaaS,Priya Patel,MQL,8/17/2025,,,,,,0,FALSE
L-3862,5/18/2025,LinkedIn,SMB (11-50),Logistics,Tom Wilson,MQL,5/20/2025,,,,,,0,FALSE
L-3863,2/17/2026,Cold Outreach,Mid-Market (51-200),FinTech,Priya Patel,MQL,2/21/2026,,,,,,0,FALSE
L-3864,4/25/2025,Organic Search,SMB (11-50),HR Tech,Tom Wilson,Lead,,,,,,,0,FALSE
L-3865,9/11/2025,Organic Search,Enterprise (200+),HR Tech,Tom Wilson,Lead,,,,,,,0,FALSE
L-3866,1/2/2026,Paid Ads,SMB (11-50),SaaS,James Chen,Lead,,,,,,,0,FALSE
L-3867,3/7/2026,Paid Ads,Startup (1-10),FinTech,Maria Santos,Demo Booked,3/9/2026,3/21/2026,12,,,,0,FALSE
L-3868,12/2/2025,Paid Ads,SMB (11-50),Logistics,Maria Santos,MQL,12/5/2025,,,,,,0,FALSE
L-3869,2/21/2026,Referral,Startup (1-10),Marketing,Priya Patel,MQL,2/23/2026,,,,,,0,FALSE
L-3870,8/24/2025,LinkedIn,SMB (11-50),Logistics,Tom Wilson,Lead,,,,,,,0,FALSE
L-3871,9/18/2025,LinkedIn,SMB (11-50),Logistics,James Chen,MQL,9/21/2025,,,,,,0,FALSE
L-3872,10/5/2025,Paid Ads,Enterprise (200+),HealthTech,Tom Wilson,Demo Completed,10/9/2025,10/19/2025,10,10/22/2025,,,0,FALSE
L-3873,11/16/2025,Organic Search,Startup (1-10),SaaS,James Chen,Closed Won,11/18/2025,11/22/2025,4,11/22/2025,11/24/2025,12/5/2025,3573.84,FALSE
L-3874,11/19/2025,Paid Ads,SMB (11-50),EdTech,James Chen,Closed Lost,11/21/2025,11/25/2025,4,11/28/2025,11/29/2025,,0,FALSE
L-3875,12/6/2025,LinkedIn,Startup (1-10),HealthTech,James Chen,Closed Lost,12/11/2025,12/16/2025,5,12/17/2025,12/23/2025,,0,FALSE
L-3876,5/15/2025,Paid Ads,SMB (11-50),EdTech,Maria Santos,Lead,,,,,,,0,FALSE
L-3877,10/19/2025,Referral,Enterprise (200+),Marketing,Tom Wilson,Closed Lost,10/24/2025,11/4/2025,11,11/6/2025,11/7/2025,,0,FALSE
L-3878,10/24/2025,Organic Search,Enterprise (200+),Marketing,Priya Patel,Demo Completed,10/29/2025,11/2/2025,4,11/5/2025,,,0,FALSE
L-3879,3/17/2026,Organic Search,SMB (11-50),SaaS,Priya Patel,Lead,,,,,,,0,FALSE
L-3880,12/22/2025,Referral,SMB (11-50),Marketing,James Chen,MQL,12/24/2025,,,,,,0,FALSE
L-3881,9/15/2025,LinkedIn,Enterprise (200+),FinTech,Tom Wilson,Demo Booked,9/17/2025,9/21/2025,4,,,,0,FALSE
L-3882,6/13/2025,Organic Search,SMB (11-50),E-commerce,James Chen,Demo Booked,6/15/2025,6/26/2025,11,,,,0,FALSE
L-3883,11/26/2025,Referral,Startup (1-10),FinTech,Alex Thompson,Closed Lost,11/28/2025,12/1/2025,3,12/3/2025,12/6/2025,,0,FALSE
L-3884,12/19/2025,LinkedIn,Startup (1-10),FinTech,Priya Patel,MQL,12/24/2025,,,,,,0,FALSE
L-3885,6/26/2025,Organic Search,Mid-Market (51-200),HR Tech,Tom Wilson,MQL,6/29/2025,,,,,,0,FALSE
L-3886,10/2/2025,Cold Outreach,Enterprise (200+),SaaS,Tom Wilson,MQL,10/6/2025,,,,,,0,FALSE
L-3887,8/18/2025,Paid Ads,Mid-Market (51-200),SaaS,Alex Thompson,MQL,8/23/2025,,,,,,0,FALSE
L-3888,8/5/2025,Paid Ads,Mid-Market (51-200),HealthTech,Tom Wilson,Demo Completed,8/6/2025,8/8/2025,2,8/9/2025,,,0,FALSE
L-3889,8/5/2025,LinkedIn,Startup (1-10),HR Tech,Tom Wilson,Lead,,,,,,,0,FALSE
L-3890,6/21/2025,Referral,Mid-Market (51-200),HealthTech,James Chen,Lead,,,,,,,0,FALSE
L-3891,10/5/2025,Paid Ads,SMB (11-50),HealthTech,Tom Wilson,MQL,10/6/2025,,,,,,0,FALSE
L-3892,5/8/2025,Paid Ads,Startup (1-10),E-commerce,James Chen,Lead,,,,,,,0,FALSE
L-3893,8/28/2025,Paid Ads,Mid-Market (51-200),SaaS,Maria Santos,Lead,,,,,,,0,FALSE
L-3894,4/24/2025,Organic Search,Startup (1-10),E-commerce,Priya Patel,Demo Booked,4/25/2025,4/29/2025,4,,,,0,FALSE
L-3895,5/21/2025,Paid Ads,SMB (11-50),FinTech,James Chen,Lead,,,,,,,0,FALSE
L-3896,3/24/2026,Organic Search,Mid-Market (51-200),Logistics,Tom Wilson,Lead,,,,,,,0,FALSE
L-3897,2/22/2026,Paid Ads,Startup (1-10),HealthTech,Tom Wilson,Lead,,,,,,,0,FALSE
L-3898,7/18/2025,LinkedIn,Enterprise (200+),Logistics,Alex Thompson,Lead,,,,,,,0,FALSE
L-3899,8/1/2025,Paid Ads,Startup (1-10),Marketing,Tom Wilson,MQL,8/3/2025,,,,,,0,FALSE
L-3900,5/8/2025,Organic Search,Mid-Market (51-200),HealthTech,Alex Thompson,Closed Won,5/12/2025,5/13/2025,1,5/16/2025,5/20/2025,6/1/2025,45183.41,FALSE
L-3901,7/13/2025,Paid Ads,Mid-Market (51-200),FinTech,Tom Wilson,MQL,7/18/2025,,,,,,0,FALSE
L-3902,3/8/2026,Paid Ads,Startup (1-10),HealthTech,Priya Patel,Lead,,,,,,,0,FALSE
L-3903,8/14/2025,Paid Ads,Mid-Market (51-200),SaaS,James Chen,Lead,,,,,,,0,FALSE
L-3904,3/31/2026,Organic Search,Startup (1-10),EdTech,James Chen,Closed Lost,4/2/2026,4/3/2026,1,4/6/2026,4/9/2026,,0,FALSE
L-3905,10/15/2025,Paid Ads,Enterprise (200+),SaaS,James Chen,Demo Completed,10/16/2025,10/17/2025,1,10/20/2025,,,0,FALSE
L-3906,2/1/2026,Organic Search,Mid-Market (51-200),Logistics,James Chen,Closed Lost,2/4/2026,2/6/2026,2,2/7/2026,2/9/2026,,0,FALSE
L-3907,12/4/2025,Paid Ads,Startup (1-10),Marketing,Maria Santos,Closed Lost,12/7/2025,12/16/2025,9,12/17/2025,12/22/2025,,0,FALSE
L-3908,9/13/2025,Paid Ads,Mid-Market (51-200),FinTech,Priya Patel,Lead,,,,,,,0,FALSE
L-3909,1/6/2026,Paid Ads,Startup (1-10),EdTech,James Chen,MQL,1/10/2026,,,,,,0,FALSE
L-3910,11/18/2025,Paid Ads,SMB (11-50),Marketing,Priya Patel,MQL,11/19/2025,,,,,,0,FALSE
L-3911,10/19/2025,Organic Search,Mid-Market (51-200),FinTech,Priya Patel,MQL,10/22/2025,,,,,,0,FALSE
L-3912,4/4/2025,Paid Ads,SMB (11-50),EdTech,Alex Thompson,MQL,4/6/2025,,,,,,0,FALSE
L-3913,6/10/2025,Organic Search,SMB (11-50),HR Tech,James Chen,Closed Lost,6/15/2025,6/17/2025,2,6/18/2025,6/20/2025,,0,FALSE
L-3914,4/16/2025,Organic Search,Startup (1-10),Logistics,Tom Wilson,MQL,4/21/2025,,,,,,0,FALSE
L-3915,9/9/2025,Organic Search,Startup (1-10),FinTech,Priya Patel,MQL,9/13/2025,,,,,,0,FALSE
L-3916,5/16/2025,LinkedIn,Mid-Market (51-200),HR Tech,Maria Santos,Demo Booked,5/20/2025,5/23/2025,3,,,,0,FALSE
L-3917,8/9/2025,Organic Search,Enterprise (200+),HealthTech,James Chen,Lead,,,,,,,0,FALSE
L-3918,2/19/2026,Organic Search,Mid-Market (51-200),FinTech,Alex Thompson,MQL,2/20/2026,,,,,,0,FALSE
L-3919,5/2/2025,Organic Search,Mid-Market (51-200),HealthTech,Tom Wilson,Lead,,,,,,,0,FALSE
L-3920,3/24/2026,Paid Ads,Mid-Market (51-200),Marketing,Alex Thompson,MQL,3/28/2026,,,,,,0,FALSE
L-3921,8/16/2025,Organic Search,Startup (1-10),EdTech,James Chen,Closed Lost,8/17/2025,8/18/2025,1,8/21/2025,8/22/2025,,0,FALSE
L-3922,6/18/2025,Organic Search,Enterprise (200+),FinTech,James Chen,Lead,,,,,,,0,FALSE
L-3923,9/4/2025,Organic Search,Startup (1-10),EdTech,James Chen,Demo Completed,9/6/2025,9/16/2025,10,9/16/2025,,,0,FALSE
L-3924,8/16/2025,Organic Search,SMB (11-50),E-commerce,Tom Wilson,Demo Completed,8/21/2025,8/31/2025,10,9/3/2025,,,0,FALSE
L-3925,2/16/2026,Referral,Mid-Market (51-200),SaaS,James Chen,MQL,2/20/2026,,,,,,0,FALSE
L-3926,2/8/2026,Referral,Startup (1-10),Marketing,Maria Santos,Demo Completed,2/13/2026,2/21/2026,8,2/23/2026,,,0,FALSE
L-3927,8/6/2025,Paid Ads,Startup (1-10),E-commerce,Priya Patel,Lead,,,,,,,0,FALSE
L-3928,6/7/2025,Paid Ads,Mid-Market (51-200),Logistics,Alex Thompson,Lead,,,,,,,0,FALSE
L-3929,10/25/2025,Referral,SMB (11-50),Logistics,Priya Patel,Demo Completed,10/27/2025,11/4/2025,8,11/4/2025,,,0,FALSE
L-3930,11/4/2025,Referral,Startup (1-10),HealthTech,Priya Patel,Demo Completed,11/7/2025,11/16/2025,9,11/18/2025,,,0,FALSE
L-3931,10/30/2025,Paid Ads,Enterprise (200+),EdTech,James Chen,MQL,11/1/2025,,,,,,0,FALSE
L-3932,10/4/2025,Organic Search,SMB (11-50),SaaS,James Chen,Closed Lost,10/7/2025,10/17/2025,10,10/19/2025,10/26/2025,,0,FALSE
L-3933,8/14/2025,Paid Ads,Startup (1-10),HR Tech,Alex Thompson,Lead,,,,,,,0,FALSE
L-3934,2/23/2026,Paid Ads,Enterprise (200+),EdTech,Priya Patel,MQL,2/24/2026,,,,,,0,FALSE
L-3935,7/31/2025,Organic Search,Startup (1-10),Marketing,Priya Patel,Demo Completed,8/3/2025,8/9/2025,6,8/12/2025,,,0,FALSE
L-3936,7/1/2025,Paid Ads,Startup (1-10),Logistics,Alex Thompson,Lead,,,,,,,0,FALSE
L-3937,11/12/2025,LinkedIn,Enterprise (200+),E-commerce,Alex Thompson,Demo Completed,11/15/2025,11/25/2025,10,11/25/2025,,,0,FALSE
L-3938,8/12/2025,LinkedIn,Startup (1-10),EdTech,Maria Santos,MQL,8/13/2025,,,,,,0,FALSE
L-3939,4/25/2025,Paid Ads,Startup (1-10),E-commerce,James Chen,MQL,4/29/2025,,,,,,0,FALSE
L-3940,4/14/2025,Organic Search,Startup (1-10),SaaS,Maria Santos,Lead,,,,,,,0,FALSE
L-3941,12/1/2025,Paid Ads,Startup (1-10),Marketing,James Chen,MQL,12/5/2025,,,,,,0,FALSE
L-3942,2/18/2026,Paid Ads,Mid-Market (51-200),HealthTech,Alex Thompson,MQL,2/22/2026,,,,,,0,FALSE
L-3943,1/30/2026,LinkedIn,SMB (11-50),FinTech,Priya Patel,Lead,,,,,,,0,FALSE
L-3944,5/23/2025,Paid Ads,SMB (11-50),Marketing,Tom Wilson,Lead,,,,,,,0,FALSE
L-3945,12/8/2025,Paid Ads,Mid-Market (51-200),HealthTech,Tom Wilson,Demo Booked,12/9/2025,12/10/2025,1,,,,0,FALSE
L-3946,5/26/2025,Organic Search,SMB (11-50),FinTech,Maria Santos,Lead,,,,,,,0,FALSE
L-3947,10/30/2025,Paid Ads,Startup (1-10),SaaS,Maria Santos,MQL,11/2/2025,,,,,,0,FALSE
L-3948,2/12/2026,Paid Ads,Enterprise (200+),E-commerce,Tom Wilson,MQL,2/17/2026,,,,,,0,FALSE
L-3949,1/9/2026,Referral,Startup (1-10),E-commerce,Maria Santos,Closed Lost,1/10/2026,1/13/2026,3,1/16/2026,1/21/2026,,0,FALSE
L-3950,4/17/2025,Referral,Enterprise (200+),Marketing,James Chen,Lead,,,,,,,0,FALSE
L-3951,6/9/2025,Referral,Startup (1-10),Marketing,Alex Thompson,Closed Lost,6/10/2025,6/12/2025,2,6/15/2025,6/18/2025,,0,FALSE
L-3952,3/29/2026,Paid Ads,Mid-Market (51-200),EdTech,Tom Wilson,Lead,,,,,,,0,FALSE
L-3953,7/19/2025,Paid Ads,Enterprise (200+),HR Tech,Priya Patel,Lead,,,,,,,0,FALSE
L-3954,7/27/2025,Cold Outreach,Mid-Market (51-200),E-commerce,Tom Wilson,MQL,7/30/2025,,,,,,0,FALSE
L-3955,11/14/2025,Organic Search,Mid-Market (51-200),SaaS,Priya Patel,Demo Completed,11/18/2025,11/19/2025,1,11/21/2025,,,0,FALSE
L-3956,1/17/2026,Organic Search,SMB (11-50),Marketing,James Chen,Demo Completed,1/19/2026,1/24/2026,5,1/27/2026,,,0,FALSE
L-3957,11/1/2025,Cold Outreach,SMB (11-50),FinTech,Tom Wilson,MQL,11/4/2025,,,,,,0,FALSE
L-3958,5/12/2025,Cold Outreach,SMB (11-50),HR Tech,Alex Thompson,Lead,,,,,,,0,FALSE
L-3959,10/17/2025,Paid Ads,Startup (1-10),Marketing,James Chen,Demo Booked,10/19/2025,10/22/2025,3,,,,0,FALSE
L-3960,12/13/2025,Paid Ads,Startup (1-10),Marketing,Maria Santos,MQL,12/18/2025,,,,,,0,FALSE
L-3961,8/20/2025,Paid Ads,SMB (11-50),EdTech,James Chen,Lead,,,,,,,0,FALSE
L-3962,11/15/2025,Organic Search,SMB (11-50),EdTech,Maria Santos,MQL,11/19/2025,,,,,,0,FALSE
L-3963,7/24/2025,Cold Outreach,Mid-Market (51-200),EdTech,Priya Patel,Lead,,,,,,,0,FALSE
L-3964,9/17/2025,LinkedIn,SMB (11-50),EdTech,James Chen,MQL,9/19/2025,,,,,,0,FALSE
L-3965,11/21/2025,Cold Outreach,Mid-Market (51-200),Marketing,Priya Patel,Lead,,,,,,,0,FALSE
L-3966,6/26/2025,LinkedIn,Startup (1-10),HR Tech,Alex Thompson,Lead,,,,,,,0,FALSE
L-3967,8/19/2025,LinkedIn,SMB (11-50),E-commerce,Tom Wilson,Demo Completed,8/23/2025,8/31/2025,8,9/2/2025,,,0,FALSE
L-3968,5/1/2025,Organic Search,Enterprise (200+),FinTech,James Chen,Lead,,,,,,,0,FALSE
L-3969,4/1/2025,Referral,SMB (11-50),FinTech,Priya Patel,MQL,4/4/2025,,,,,,0,FALSE
L-3970,6/13/2025,Paid Ads,Mid-Market (51-200),E-commerce,Alex Thompson,MQL,6/16/2025,,,,,,0,FALSE
L-3971,3/29/2026,Paid Ads,Mid-Market (51-200),EdTech,Maria Santos,Lead,,,,,,,0,FALSE
L-3972,3/28/2026,Referral,SMB (11-50),HR Tech,Priya Patel,Closed Lost,3/30/2026,4/3/2026,4,4/4/2026,4/5/2026,,0,FALSE
L-3973,8/13/2025,Paid Ads,SMB (11-50),SaaS,James Chen,Lead,,,,,,,0,FALSE
L-3974,12/10/2025,Paid Ads,SMB (11-50),HR Tech,Tom Wilson,MQL,12/12/2025,,,,,,0,FALSE
L-3975,3/21/2026,Referral,Enterprise (200+),SaaS,James Chen,Demo Booked,3/24/2026,3/25/2026,1,,,,0,FALSE
L-3976,5/2/2025,Organic Search,Enterprise (200+),SaaS,James Chen,Closed Lost,5/5/2025,5/18/2025,13,5/21/2025,5/23/2025,,0,FALSE
L-3977,11/28/2025,Referral,Enterprise (200+),HealthTech,James Chen,Closed Won,12/3/2025,12/5/2025,2,12/8/2025,12/14/2025,1/5/2026,115647.07,FALSE
L-3978,10/11/2025,Organic Search,Mid-Market (51-200),EdTech,Priya Patel,Demo Booked,10/14/2025,10/15/2025,1,,,,0,FALSE
L-3979,10/1/2025,Paid Ads,SMB (11-50),Marketing,James Chen,Lead,,,,,,,0,FALSE
L-3980,10/13/2025,LinkedIn,Startup (1-10),FinTech,James Chen,Closed Lost,10/18/2025,10/26/2025,8,10/27/2025,10/29/2025,,0,FALSE
L-3981,9/7/2025,Cold Outreach,Startup (1-10),EdTech,Maria Santos,Lead,,,,,,,0,FALSE
L-3982,4/12/2025,Organic Search,SMB (11-50),FinTech,Priya Patel,Closed Lost,4/15/2025,4/17/2025,2,4/17/2025,4/18/2025,,0,FALSE
L-3983,6/20/2025,Paid Ads,Mid-Market (51-200),HR Tech,Priya Patel,MQL,6/24/2025,,,,,,0,FALSE
L-3984,11/19/2025,Organic Search,Startup (1-10),Marketing,James Chen,Demo Completed,11/24/2025,11/25/2025,1,11/27/2025,,,0,FALSE
L-3985,7/27/2025,Cold Outreach,SMB (11-50),FinTech,James Chen,Lead,,,,,,,0,FALSE
L-3986,11/23/2025,LinkedIn,SMB (11-50),SaaS,Priya Patel,Lead,,,,,,,0,FALSE
L-3987,1/12/2026,Paid Ads,SMB (11-50),Marketing,Tom Wilson,Lead,,,,,,,0,FALSE
L-3988,10/1/2025,Paid Ads,Mid-Market (51-200),Marketing,Tom Wilson,Lead,,,,,,,0,FALSE
L-3989,8/20/2025,Organic Search,Mid-Market (51-200),HealthTech,Tom Wilson,MQL,8/24/2025,,,,,,0,FALSE
L-3990,6/13/2025,Paid Ads,Startup (1-10),Marketing,Alex Thompson,Demo Completed,6/18/2025,6/24/2025,6,6/25/2025,,,0,FALSE
L-3991,1/1/2026,LinkedIn,Mid-Market (51-200),Logistics,Priya Patel,MQL,1/4/2026,,,,,,0,FALSE
L-3992,2/1/2026,Paid Ads,Startup (1-10),HR Tech,Priya Patel,Lead,,,,,,,0,FALSE
L-3993,11/18/2025,LinkedIn,Startup (1-10),Marketing,Priya Patel,Lead,,,,,,,0,FALSE
L-3994,12/7/2025,LinkedIn,SMB (11-50),SaaS,Priya Patel,MQL,12/10/2025,,,,,,0,FALSE
L-3995,3/20/2026,LinkedIn,Enterprise (200+),FinTech,Maria Santos,Demo Booked,3/21/2026,3/22/2026,1,,,,0,FALSE
L-3996,5/21/2025,Organic Search,Mid-Market (51-200),HealthTech,Priya Patel,Demo Booked,5/24/2025,6/7/2025,14,,,,0,FALSE
L-3997,12/3/2025,LinkedIn,SMB (11-50),Marketing,Alex Thompson,Demo Booked,12/5/2025,12/12/2025,7,,,,0,FALSE
L-3998,10/22/2025,Referral,Startup (1-10),E-commerce,Tom Wilson,Demo Completed,10/27/2025,11/6/2025,10,11/9/2025,,,0,FALSE
L-3999,3/21/2026,Organic Search,SMB (11-50),HR Tech,Maria Santos,MQL,3/25/2026,,,,,,0,FALSE
L-4000,1/15/2026,Paid Ads,SMB (11-50),Marketing,Maria Santos,Demo Booked,1/17/2026,1/21/2026,4,,,,0,FALSE
L-4001,7/22/2025,Paid Ads,Mid-Market (51-200),HealthTech,Maria Santos,MQL,7/25/2025,,,,,,0,FALSE
L-4002,12/18/2025,Paid Ads,Startup (1-10),EdTech,Maria Santos,MQL,12/22/2025,,,,,,0,FALSE
L-4003,1/16/2026,Paid Ads,Startup (1-10),E-commerce,Priya Patel,MQL,1/19/2026,,,,,,0,FALSE
L-4004,9/3/2025,LinkedIn,Mid-Market (51-200),HR Tech,Tom Wilson,MQL,9/8/2025,,,,,,0,FALSE
L-4005,5/14/2025,Organic Search,SMB (11-50),Logistics,James Chen,Demo Completed,5/16/2025,5/28/2025,12,5/29/2025,,,0,FALSE
L-4006,1/14/2026,LinkedIn,Enterprise (200+),E-commerce,Alex Thompson,Lead,,,,,,,0,FALSE
L-4007,6/8/2025,Organic Search,Startup (1-10),FinTech,Maria Santos,MQL,6/12/2025,,,,,,0,FALSE
L-4008,7/14/2025,LinkedIn,Startup (1-10),HR Tech,Priya Patel,Lead,,,,,,,0,FALSE
L-4009,11/25/2025,LinkedIn,Startup (1-10),Logistics,James Chen,Lead,,,,,,,0,FALSE
L-4010,7/25/2025,Referral,Mid-Market (51-200),EdTech,Alex Thompson,Lead,,,,,,,0,FALSE
L-4011,4/7/2025,Paid Ads,Mid-Market (51-200),E-commerce,James Chen,MQL,4/10/2025,,,,,,0,FALSE
L-4012,10/9/2025,Paid Ads,Mid-Market (51-200),HR Tech,Priya Patel,Demo Completed,10/12/2025,10/15/2025,3,10/15/2025,,,0,FALSE
L-4013,7/14/2025,LinkedIn,Startup (1-10),E-commerce,Priya Patel,Closed Lost,7/16/2025,7/18/2025,2,7/21/2025,7/28/2025,,0,FALSE
L-4014,5/12/2025,Referral,Startup (1-10),EdTech,Priya Patel,Demo Completed,5/17/2025,5/22/2025,5,5/22/2025,,,0,FALSE
L-4015,3/8/2026,Organic Search,Mid-Market (51-200),EdTech,Tom Wilson,Lead,,,,,,,0,FALSE
L-4016,2/27/2026,Cold Outreach,Mid-Market (51-200),EdTech,James Chen,Lead,,,,,,,0,FALSE
L-4017,12/14/2025,LinkedIn,Mid-Market (51-200),HealthTech,James Chen,Lead,,,,,,,0,FALSE
L-4018,2/21/2026,Organic Search,Mid-Market (51-200),FinTech,James Chen,Demo Completed,2/25/2026,3/1/2026,4,3/1/2026,,,0,FALSE
L-4019,12/20/2025,Paid Ads,Enterprise (200+),EdTech,Tom Wilson,Demo Completed,12/21/2025,12/25/2025,4,12/27/2025,,,0,FALSE
L-4020,9/24/2025,Paid Ads,Startup (1-10),EdTech,James Chen,Lead,,,,,,,0,FALSE
L-4021,3/30/2026,Paid Ads,Mid-Market (51-200),SaaS,James Chen,Demo Booked,4/2/2026,4/6/2026,4,,,,0,FALSE
L-4022,10/7/2025,Organic Search,SMB (11-50),SaaS,Maria Santos,Demo Booked,10/11/2025,10/15/2025,4,,,,0,FALSE
L-4023,2/4/2026,Organic Search,Startup (1-10),Marketing,Tom Wilson,Demo Completed,2/7/2026,2/9/2026,2,2/9/2026,,,0,FALSE
L-4024,12/11/2025,Paid Ads,Startup (1-10),HR Tech,Priya Patel,Demo Completed,12/16/2025,12/20/2025,4,12/23/2025,,,0,FALSE
L-4025,3/27/2026,Paid Ads,Enterprise (200+),E-commerce,James Chen,Lead,,,,,,,0,FALSE
L-4026,3/29/2026,LinkedIn,Startup (1-10),EdTech,Alex Thompson,Lead,,,,,,,0,FALSE
L-4027,9/4/2025,Referral,Startup (1-10),E-commerce,Tom Wilson,Demo Completed,9/7/2025,9/15/2025,8,9/17/2025,,,0,FALSE
L-4028,5/10/2025,Paid Ads,SMB (11-50),Logistics,Priya Patel,Lead,,,,,,,0,FALSE
L-4029,2/15/2026,Paid Ads,SMB (11-50),Logistics,Alex Thompson,MQL,2/16/2026,,,,,,0,FALSE
L-4030,9/25/2025,Organic Search,Startup (1-10),EdTech,Tom Wilson,Lead,,,,,,,0,FALSE
L-4031,1/14/2026,LinkedIn,SMB (11-50),E-commerce,James Chen,Lead,,,,,,,0,FALSE
L-4032,7/6/2025,Cold Outreach,Mid-Market (51-200),EdTech,Tom Wilson,Lead,,,,,,,0,FALSE
L-4033,6/18/2025,Paid Ads,Startup (1-10),Marketing,Maria Santos,Lead,,,,,,,0,FALSE
L-4034,10/27/2025,Paid Ads,SMB (11-50),EdTech,James Chen,Demo Booked,11/1/2025,11/2/2025,1,,,,0,FALSE
L-4035,1/7/2026,Paid Ads,Mid-Market (51-200),SaaS,James Chen,Lead,,,,,,,0,FALSE
L-4036,2/11/2026,Paid Ads,Startup (1-10),FinTech,Tom Wilson,MQL,2/15/2026,,,,,,0,FALSE
L-4037,2/26/2026,Paid Ads,Startup (1-10),FinTech,James Chen,MQL,3/1/2026,,,,,,0,FALSE
L-4038,11/2/2025,Organic Search,Enterprise (200+),Logistics,Alex Thompson,Demo Booked,11/6/2025,11/7/2025,1,,,,0,FALSE
L-4039,10/26/2025,Organic Search,Startup (1-10),SaaS,Tom Wilson,Churned,10/27/2025,10/31/2025,4,11/3/2025,11/8/2025,12/8/2025,5980.44,TRUE
L-4040,3/5/2026,Organic Search,SMB (11-50),HR Tech,James Chen,Demo Booked,3/8/2026,3/12/2026,4,,,,0,FALSE
L-4041,6/30/2025,Paid Ads,Enterprise (200+),E-commerce,Tom Wilson,Demo Booked,7/4/2025,7/16/2025,12,,,,0,FALSE
L-4042,4/8/2025,Referral,SMB (11-50),FinTech,Alex Thompson,Lead,,,,,,,0,FALSE
L-4043,11/26/2025,LinkedIn,SMB (11-50),EdTech,Tom Wilson,Lead,,,,,,,0,FALSE
L-4044,11/17/2025,Paid Ads,Startup (1-10),FinTech,Maria Santos,MQL,11/22/2025,,,,,,0,FALSE
L-4045,12/11/2025,Paid Ads,SMB (11-50),SaaS,Alex Thompson,MQL,12/15/2025,,,,,,0,FALSE
L-4046,2/4/2026,Paid Ads,SMB (11-50),FinTech,Tom Wilson,Closed Lost,2/6/2026,2/9/2026,3,2/10/2026,2/12/2026,,0,FALSE
L-4047,10/1/2025,Organic Search,Startup (1-10),Marketing,James Chen,Demo Completed,10/2/2025,10/10/2025,8,10/10/2025,,,0,FALSE
L-4048,9/8/2025,Paid Ads,SMB (11-50),HealthTech,James Chen,Lead,,,,,,,0,FALSE
L-4049,6/11/2025,Referral,Mid-Market (51-200),FinTech,James Chen,MQL,6/16/2025,,,,,,0,FALSE
L-4050,4/19/2025,Referral,Enterprise (200+),Logistics,Priya Patel,Lead,,,,,,,0,FALSE
L-4051,7/13/2025,Organic Search,Startup (1-10),EdTech,Maria Santos,Lead,,,,,,,0,FALSE
L-4052,2/8/2026,LinkedIn,Startup (1-10),SaaS,Tom Wilson,Lead,,,,,,,0,FALSE
L-4053,8/27/2025,Organic Search,Startup (1-10),HR Tech,Alex Thompson,Lead,,,,,,,0,FALSE
L-4054,7/10/2025,Referral,Startup (1-10),HealthTech,Tom Wilson,Closed Lost,7/12/2025,7/26/2025,14,7/26/2025,8/2/2025,,0,FALSE
L-4055,9/26/2025,Organic Search,Mid-Market (51-200),HR Tech,Maria Santos,Lead,,,,,,,0,FALSE
L-4056,7/24/2025,Organic Search,SMB (11-50),HealthTech,James Chen,Lead,,,,,,,0,FALSE
L-4057,9/22/2025,Paid Ads,Mid-Market (51-200),Logistics,Maria Santos,MQL,9/26/2025,,,,,,0,FALSE
L-4058,1/8/2026,Organic Search,Startup (1-10),E-commerce,Tom Wilson,MQL,1/9/2026,,,,,,0,FALSE
L-4059,11/11/2025,Paid Ads,Startup (1-10),HR Tech,Alex Thompson,MQL,11/14/2025,,,,,,0,FALSE
L-4060,10/31/2025,LinkedIn,Startup (1-10),FinTech,James Chen,Demo Completed,11/4/2025,11/8/2025,4,11/10/2025,,,0,FALSE
L-4061,9/22/2025,Organic Search,Enterprise (200+),Logistics,Alex Thompson,Lead,,,,,,,0,FALSE
L-4062,1/21/2026,Organic Search,Startup (1-10),Logistics,Alex Thompson,Lead,,,,,,,0,FALSE
L-4063,3/22/2026,Organic Search,Startup (1-10),EdTech,Maria Santos,Lead,,,,,,,0,FALSE
L-4064,11/14/2025,Paid Ads,SMB (11-50),E-commerce,Alex Thompson,Lead,,,,,,,0,FALSE
L-4065,6/11/2025,Cold Outreach,Startup (1-10),E-commerce,Alex Thompson,Lead,,,,,,,0,FALSE
L-4066,12/23/2025,Referral,Enterprise (200+),FinTech,Maria Santos,Closed Won,12/24/2025,12/25/2025,1,12/26/2025,12/31/2025,1/9/2026,71023.22,FALSE
L-4067,5/1/2025,LinkedIn,SMB (11-50),FinTech,Alex Thompson,Lead,,,,,,,0,FALSE
L-4068,1/4/2026,LinkedIn,Mid-Market (51-200),FinTech,Tom Wilson,MQL,1/6/2026,,,,,,0,FALSE
L-4069,3/26/2026,LinkedIn,Startup (1-10),Logistics,Alex Thompson,Closed Lost,3/30/2026,4/3/2026,4,4/5/2026,4/11/2026,,0,FALSE
L-4070,9/1/2025,Paid Ads,SMB (11-50),E-commerce,James Chen,Lead,,,,,,,0,FALSE
L-4071,4/28/2025,Cold Outreach,Startup (1-10),EdTech,Priya Patel,Lead,,,,,,,0,FALSE
L-4072,12/28/2025,Paid Ads,Enterprise (200+),EdTech,Priya Patel,Lead,,,,,,,0,FALSE
L-4073,6/25/2025,Referral,SMB (11-50),FinTech,James Chen,Lead,,,,,,,0,FALSE
L-4074,5/16/2025,Cold Outreach,Mid-Market (51-200),E-commerce,Priya Patel,Lead,,,,,,,0,FALSE
L-4075,3/19/2026,Referral,Mid-Market (51-200),Logistics,James Chen,Demo Completed,3/23/2026,3/27/2026,4,3/28/2026,,,0,FALSE
L-4076,3/17/2026,Cold Outreach,Mid-Market (51-200),FinTech,James Chen,Lead,,,,,,,0,FALSE
L-4077,10/29/2025,Referral,Startup (1-10),HR Tech,James Chen,MQL,11/3/2025,,,,,,0,FALSE
L-4078,1/18/2026,Paid Ads,Startup (1-10),E-commerce,James Chen,Lead,,,,,,,0,FALSE
L-4079,6/11/2025,Paid Ads,Mid-Market (51-200),E-commerce,James Chen,MQL,6/12/2025,,,,,,0,FALSE
L-4080,8/2/2025,LinkedIn,Mid-Market (51-200),E-commerce,Alex Thompson,Lead,,,,,,,0,FALSE
L-4081,9/22/2025,Paid Ads,Mid-Market (51-200),EdTech,Alex Thompson,MQL,9/23/2025,,,,,,0,FALSE
L-4082,8/12/2025,Referral,SMB (11-50),SaaS,Maria Santos,MQL,8/13/2025,,,,,,0,FALSE
L-4083,12/15/2025,Paid Ads,Startup (1-10),SaaS,James Chen,Demo Booked,12/19/2025,12/22/2025,3,,,,0,FALSE
L-4084,11/13/2025,Organic Search,Mid-Market (51-200),Logistics,Alex Thompson,Closed Won,11/18/2025,11/22/2025,4,11/24/2025,11/28/2025,12/22/2025,30233.49,FALSE
L-4085,11/11/2025,Organic Search,Enterprise (200+),SaaS,Alex Thompson,MQL,11/16/2025,,,,,,0,FALSE
L-4086,6/27/2025,Cold Outreach,Startup (1-10),FinTech,Tom Wilson,Lead,,,,,,,0,FALSE
L-4087,11/26/2025,Organic Search,Startup (1-10),Marketing,Priya Patel,Lead,,,,,,,0,FALSE
L-4088,7/13/2025,Referral,SMB (11-50),HealthTech,Priya Patel,Closed Won,7/18/2025,7/19/2025,1,7/20/2025,7/21/2025,8/3/2025,14411.98,FALSE
L-4089,8/23/2025,Referral,SMB (11-50),Marketing,Priya Patel,Closed Won,8/24/2025,9/2/2025,9,9/2/2025,9/3/2025,10/2/2025,7175.06,FALSE
L-4090,8/19/2025,LinkedIn,SMB (11-50),E-commerce,Tom Wilson,Closed Lost,8/22/2025,8/25/2025,3,8/28/2025,9/2/2025,,0,FALSE
L-4091,9/7/2025,LinkedIn,Startup (1-10),FinTech,Tom Wilson,Demo Booked,9/8/2025,9/13/2025,5,,,,0,FALSE
L-4092,11/1/2025,Paid Ads,SMB (11-50),FinTech,Alex Thompson,Demo Booked,11/2/2025,11/5/2025,3,,,,0,FALSE
L-4093,9/7/2025,Paid Ads,Mid-Market (51-200),Logistics,James Chen,MQL,9/8/2025,,,,,,0,FALSE
L-4094,11/27/2025,Referral,SMB (11-50),Marketing,Alex Thompson,Demo Completed,11/29/2025,12/1/2025,2,12/2/2025,,,0,FALSE
L-4095,8/15/2025,Paid Ads,Enterprise (200+),SaaS,Alex Thompson,Lead,,,,,,,0,FALSE
L-4096,2/23/2026,LinkedIn,Startup (1-10),HealthTech,Maria Santos,Lead,,,,,,,0,FALSE
L-4097,6/26/2025,Referral,Mid-Market (51-200),EdTech,Maria Santos,MQL,6/27/2025,,,,,,0,FALSE
L-4098,11/14/2025,Referral,Mid-Market (51-200),Logistics,Priya Patel,Closed Lost,11/19/2025,11/27/2025,8,11/27/2025,12/2/2025,,0,FALSE
L-4099,1/14/2026,Organic Search,Mid-Market (51-200),HealthTech,James Chen,Lead,,,,,,,0,FALSE
L-4100,7/1/2025,LinkedIn,Mid-Market (51-200),Marketing,Tom Wilson,MQL,7/3/2025,,,,,,0,FALSE
L-4101,4/25/2025,Referral,SMB (11-50),EdTech,James Chen,Closed Won,4/28/2025,5/2/2025,4,5/3/2025,5/7/2025,5/15/2025,16212.45,FALSE
L-4102,2/2/2026,Organic Search,Startup (1-10),E-commerce,Alex Thompson,Demo Completed,2/7/2026,2/15/2026,8,2/16/2026,,,0,FALSE
L-4103,10/21/2025,LinkedIn,Startup (1-10),Marketing,Tom Wilson,Lead,,,,,,,0,FALSE
L-4104,8/23/2025,LinkedIn,Startup (1-10),SaaS,Tom Wilson,MQL,8/25/2025,,,,,,0,FALSE
L-4105,1/13/2026,Organic Search,Startup (1-10),Marketing,James Chen,Lead,,,,,,,0,FALSE
L-4106,12/24/2025,LinkedIn,Startup (1-10),SaaS,Maria Santos,MQL,12/27/2025,,,,,,0,FALSE
L-4107,1/28/2026,Paid Ads,SMB (11-50),SaaS,James Chen,Lead,,,,,,,0,FALSE
L-4108,8/18/2025,Organic Search,Mid-Market (51-200),EdTech,Maria Santos,Lead,,,,,,,0,FALSE
L-4109,1/25/2026,Organic Search,SMB (11-50),HealthTech,Alex Thompson,Demo Completed,1/28/2026,1/30/2026,2,1/30/2026,,,0,FALSE
L-4110,3/20/2026,Organic Search,Startup (1-10),HR Tech,Tom Wilson,MQL,3/21/2026,,,,,,0,FALSE
L-4111,4/16/2025,Organic Search,SMB (11-50),Marketing,Maria Santos,Closed Won,4/19/2025,4/22/2025,3,4/25/2025,4/29/2025,5/14/2025,13186.51,FALSE
L-4112,10/11/2025,Cold Outreach,SMB (11-50),SaaS,Priya Patel,Lead,,,,,,,0,FALSE
L-4113,5/24/2025,LinkedIn,Mid-Market (51-200),HR Tech,Alex Thompson,Closed Won,5/29/2025,5/30/2025,1,5/31/2025,6/7/2025,7/1/2025,38351.42,FALSE
L-4114,5/30/2025,Paid Ads,SMB (11-50),SaaS,Alex Thompson,Demo Completed,6/1/2025,6/13/2025,12,6/16/2025,,,0,FALSE
L-4115,3/8/2026,Paid Ads,SMB (11-50),FinTech,James Chen,Lead,,,,,,,0,FALSE
L-4116,9/9/2025,Organic Search,SMB (11-50),HealthTech,Priya Patel,Demo Booked,9/14/2025,9/17/2025,3,,,,0,FALSE
L-4117,7/22/2025,Paid Ads,Mid-Market (51-200),SaaS,Tom Wilson,MQL,7/27/2025,,,,,,0,FALSE
L-4118,4/22/2025,Organic Search,SMB (11-50),E-commerce,Priya Patel,MQL,4/27/2025,,,,,,0,FALSE
L-4119,8/27/2025,Paid Ads,SMB (11-50),HR Tech,James Chen,Lead,,,,,,,0,FALSE
L-4120,11/20/2025,Paid Ads,Startup (1-10),HR Tech,Alex Thompson,Lead,,,,,,,0,FALSE
L-4121,4/19/2025,Paid Ads,SMB (11-50),HR Tech,Priya Patel,MQL,4/24/2025,,,,,,0,FALSE
L-4122,5/5/2025,Paid Ads,Enterprise (200+),HR Tech,Tom Wilson,Lead,,,,,,,0,FALSE
L-4123,12/2/2025,Organic Search,Mid-Market (51-200),EdTech,Tom Wilson,Lead,,,,,,,0,FALSE
L-4124,3/18/2026,Paid Ads,SMB (11-50),FinTech,James Chen,MQL,3/21/2026,,,,,,0,FALSE
L-4125,12/22/2025,Cold Outreach,SMB (11-50),HealthTech,Maria Santos,Lead,,,,,,,0,FALSE
L-4126,11/6/2025,Paid Ads,Mid-Market (51-200),HR Tech,Alex Thompson,MQL,11/9/2025,,,,,,0,FALSE
L-4127,3/17/2026,Paid Ads,Mid-Market (51-200),E-commerce,Maria Santos,MQL,3/22/2026,,,,,,0,FALSE
L-4128,1/27/2026,Organic Search,Startup (1-10),Logistics,Tom Wilson,Closed Lost,1/30/2026,2/1/2026,2,2/1/2026,2/4/2026,,0,FALSE
L-4129,5/27/2025,Paid Ads,Enterprise (200+),Logistics,Priya Patel,Lead,,,,,,,0,FALSE
L-4130,5/5/2025,Organic Search,Mid-Market (51-200),E-commerce,Tom Wilson,MQL,5/7/2025,,,,,,0,FALSE
L-4131,2/14/2026,Organic Search,Startup (1-10),HR Tech,Tom Wilson,Demo Completed,2/19/2026,2/21/2026,2,2/21/2026,,,0,FALSE
L-4132,3/23/2026,Organic Search,Mid-Market (51-200),Marketing,Maria Santos,MQL,3/28/2026,,,,,,0,FALSE
L-4133,3/28/2026,LinkedIn,Startup (1-10),SaaS,Maria Santos,Lead,,,,,,,0,FALSE
L-4134,12/28/2025,Paid Ads,Enterprise (200+),SaaS,Maria Santos,Closed Lost,1/2/2026,1/6/2026,4,1/8/2026,1/14/2026,,0,FALSE
L-4135,5/1/2025,Paid Ads,Mid-Market (51-200),FinTech,Maria Santos,Lead,,,,,,,0,FALSE
L-4136,4/24/2025,Paid Ads,Mid-Market (51-200),EdTech,Priya Patel,Demo Completed,4/25/2025,5/4/2025,9,5/7/2025,,,0,FALSE
L-4137,12/14/2025,Organic Search,Mid-Market (51-200),E-commerce,Tom Wilson,MQL,12/17/2025,,,,,,0,FALSE
L-4138,8/11/2025,Paid Ads,SMB (11-50),SaaS,Alex Thompson,Lead,,,,,,,0,FALSE
L-4139,5/29/2025,LinkedIn,SMB (11-50),E-commerce,Alex Thompson,Lead,,,,,,,0,FALSE
L-4140,10/26/2025,Referral,SMB (11-50),SaaS,Priya Patel,MQL,10/29/2025,,,,,,0,FALSE
L-4141,3/26/2026,Organic Search,Enterprise (200+),HR Tech,Tom Wilson,Lead,,,,,,,0,FALSE
L-4142,5/1/2025,Referral,Mid-Market (51-200),HR Tech,Maria Santos,Lead,,,,,,,0,FALSE
L-4143,2/26/2026,Paid Ads,Enterprise (200+),E-commerce,Alex Thompson,Lead,,,,,,,0,FALSE
L-4144,6/1/2025,Paid Ads,SMB (11-50),HR Tech,Priya Patel,Lead,,,,,,,0,FALSE
L-4145,8/27/2025,Paid Ads,SMB (11-50),HealthTech,Priya Patel,Lead,,,,,,,0,FALSE
L-4146,10/11/2025,LinkedIn,Startup (1-10),E-commerce,Alex Thompson,Lead,,,,,,,0,FALSE
L-4147,10/27/2025,Paid Ads,Startup (1-10),SaaS,Maria Santos,Demo Completed,10/31/2025,11/12/2025,12,11/12/2025,,,0,FALSE
L-4148,11/11/2025,Cold Outreach,SMB (11-50),HR Tech,Maria Santos,Lead,,,,,,,0,FALSE
L-4149,7/1/2025,LinkedIn,SMB (11-50),Logistics,Alex Thompson,Lead,,,,,,,0,FALSE
L-4150,7/17/2025,Organic Search,SMB (11-50),FinTech,Alex Thompson,Demo Booked,7/18/2025,7/22/2025,4,,,,0,FALSE
L-4151,9/26/2025,Paid Ads,Enterprise (200+),FinTech,James Chen,Closed Won,9/27/2025,9/29/2025,2,10/2/2025,10/6/2025,10/26/2025,51900.88,FALSE
L-4152,3/16/2026,LinkedIn,Enterprise (200+),E-commerce,Maria Santos,Demo Booked,3/21/2026,3/31/2026,10,,,,0,FALSE
L-4153,7/31/2025,Paid Ads,Mid-Market (51-200),Logistics,Maria Santos,MQL,8/5/2025,,,,,,0,FALSE
L-4154,3/11/2026,Organic Search,Startup (1-10),E-commerce,James Chen,Demo Completed,3/15/2026,3/26/2026,11,3/26/2026,,,0,FALSE
L-4155,3/21/2026,LinkedIn,Startup (1-10),E-commerce,Maria Santos,Lead,,,,,,,0,FALSE
L-4156,3/26/2026,Cold Outreach,Startup (1-10),EdTech,James Chen,MQL,3/31/2026,,,,,,0,FALSE
L-4157,1/9/2026,Cold Outreach,SMB (11-50),FinTech,Alex Thompson,Lead,,,,,,,0,FALSE
L-4158,11/18/2025,Paid Ads,Enterprise (200+),FinTech,Alex Thompson,Demo Booked,11/19/2025,12/2/2025,13,,,,0,FALSE
L-4159,6/8/2025,Organic Search,Startup (1-10),EdTech,Alex Thompson,Demo Completed,6/11/2025,6/16/2025,5,6/18/2025,,,0,FALSE
L-4160,10/9/2025,Paid Ads,Enterprise (200+),E-commerce,Tom Wilson,MQL,10/13/2025,,,,,,0,FALSE
L-4161,7/7/2025,Cold Outreach,Startup (1-10),HealthTech,James Chen,Lead,,,,,,,0,FALSE
L-4162,9/10/2025,Referral,SMB (11-50),Logistics,James Chen,Closed Lost,9/15/2025,9/19/2025,4,9/22/2025,9/25/2025,,0,FALSE
L-4163,5/9/2025,Paid Ads,Startup (1-10),HR Tech,Alex Thompson,Lead,,,,,,,0,FALSE
L-4164,9/19/2025,Paid Ads,Mid-Market (51-200),Marketing,Tom Wilson,MQL,9/21/2025,,,,,,0,FALSE
L-4165,12/28/2025,Paid Ads,Mid-Market (51-200),Marketing,Alex Thompson,MQL,12/29/2025,,,,,,0,FALSE
L-4166,8/16/2025,Organic Search,Mid-Market (51-200),HealthTech,James Chen,Demo Booked,8/17/2025,8/21/2025,4,,,,0,FALSE
L-4167,6/17/2025,LinkedIn,SMB (11-50),EdTech,James Chen,Lead,,,,,,,0,FALSE
L-4168,4/21/2025,Paid Ads,Mid-Market (51-200),Marketing,Priya Patel,Lead,,,,,,,0,FALSE
L-4169,8/17/2025,Organic Search,Enterprise (200+),FinTech,Maria Santos,Demo Completed,8/18/2025,8/24/2025,6,8/24/2025,,,0,FALSE
L-4170,11/16/2025,Organic Search,Mid-Market (51-200),Marketing,James Chen,Demo Completed,11/19/2025,11/26/2025,7,11/29/2025,,,0,FALSE
L-4171,4/10/2025,Referral,Startup (1-10),FinTech,Tom Wilson,MQL,4/15/2025,,,,,,0,FALSE
L-4172,6/1/2025,Referral,Startup (1-10),FinTech,Tom Wilson,Demo Completed,6/3/2025,6/13/2025,10,6/13/2025,,,0,FALSE
L-4173,2/23/2026,Cold Outreach,SMB (11-50),SaaS,Alex Thompson,Lead,,,,,,,0,FALSE
L-4174,5/25/2025,LinkedIn,SMB (11-50),FinTech,James Chen,Lead,,,,,,,0,FALSE
L-4175,9/3/2025,Cold Outreach,Startup (1-10),Logistics,Tom Wilson,Lead,,,,,,,0,FALSE
L-4176,8/27/2025,Cold Outreach,Enterprise (200+),HealthTech,James Chen,Lead,,,,,,,0,FALSE
L-4177,12/15/2025,Cold Outreach,Mid-Market (51-200),Marketing,James Chen,MQL,12/18/2025,,,,,,0,FALSE
L-4178,11/21/2025,LinkedIn,SMB (11-50),E-commerce,Maria Santos,Lead,,,,,,,0,FALSE
L-4179,3/20/2026,Paid Ads,SMB (11-50),Marketing,Tom Wilson,Lead,,,,,,,0,FALSE
L-4180,1/22/2026,Organic Search,Mid-Market (51-200),Logistics,Maria Santos,Demo Booked,1/24/2026,1/27/2026,3,,,,0,FALSE
L-4181,10/18/2025,Organic Search,Mid-Market (51-200),HealthTech,Priya Patel,Demo Completed,10/23/2025,10/25/2025,2,10/27/2025,,,0,FALSE
L-4182,2/27/2026,Paid Ads,Enterprise (200+),Logistics,Alex Thompson,Demo Booked,3/2/2026,3/9/2026,7,,,,0,FALSE
L-4183,7/25/2025,Organic Search,SMB (11-50),E-commerce,James Chen,MQL,7/27/2025,,,,,,0,FALSE
L-4184,8/9/2025,Cold Outreach,Enterprise (200+),HR Tech,Priya Patel,MQL,8/11/2025,,,,,,0,FALSE
L-4185,12/7/2025,Cold Outreach,Mid-Market (51-200),EdTech,Alex Thompson,Demo Completed,12/12/2025,12/22/2025,10,12/23/2025,,,0,FALSE
L-4186,2/19/2026,Cold Outreach,SMB (11-50),EdTech,Alex Thompson,Lead,,,,,,,0,FALSE
L-4187,12/28/2025,Paid Ads,Startup (1-10),HR Tech,Tom Wilson,MQL,1/2/2026,,,,,,0,FALSE
L-4188,10/14/2025,Paid Ads,Startup (1-10),Logistics,Tom Wilson,Demo Completed,10/19/2025,10/22/2025,3,10/25/2025,,,0,FALSE
L-4189,6/29/2025,Paid Ads,Startup (1-10),SaaS,Maria Santos,MQL,7/1/2025,,,,,,0,FALSE
L-4190,2/20/2026,Paid Ads,Startup (1-10),EdTech,Alex Thompson,Lead,,,,,,,0,FALSE
L-4191,6/8/2025,LinkedIn,Mid-Market (51-200),FinTech,James Chen,Lead,,,,,,,0,FALSE
L-4192,3/14/2026,Paid Ads,Mid-Market (51-200),HR Tech,Maria Santos,Lead,,,,,,,0,FALSE
L-4193,6/8/2025,Organic Search,SMB (11-50),EdTech,Maria Santos,Lead,,,,,,,0,FALSE
L-4194,7/24/2025,Referral,SMB (11-50),Marketing,Priya Patel,Closed Lost,7/26/2025,8/3/2025,8,8/4/2025,8/6/2025,,0,FALSE
L-4195,1/19/2026,Paid Ads,SMB (11-50),Logistics,Priya Patel,Lead,,,,,,,0,FALSE
L-4196,11/27/2025,Cold Outreach,SMB (11-50),HR Tech,Alex Thompson,Lead,,,,,,,0,FALSE
L-4197,3/5/2026,Referral,Mid-Market (51-200),HealthTech,Maria Santos,Lead,,,,,,,0,FALSE
L-4198,11/26/2025,Paid Ads,SMB (11-50),Marketing,James Chen,Lead,,,,,,,0,FALSE
L-4199,11/15/2025,Paid Ads,Startup (1-10),HealthTech,Tom Wilson,MQL,11/19/2025,,,,,,0,FALSE
L-4200,6/12/2025,LinkedIn,Mid-Market (51-200),SaaS,Alex Thompson,MQL,6/14/2025,,,,,,0,FALSE
